kraina;rod;ranga;rola;siedziba;x;y;osada_rot;odl_do_osady;okreg_rot;pewnosc;dopasowanie;pan;lord_paramount;pan_okregu_rot;klan_rot;herb;kolory;kolory_hex;imiona;znacznik;zrodlo;uwagi
The North;House Bolton;Lordly;pan_okregu_ROT;Dreadfort;563.7;934.9;Dreadfort;0;ROT_town1_village1|Dread Village;A;name=town;Stark;Stark;Bolton;clan_empire_south_3 Bolton;A red flayed man on pink de sang;"pink;red";"#E8A0B4;#B22222";Roose Rogar Belthasar Barba Domeric Bethany;;awoiaf.westeros.org/index.php/House_Bolton;
The North;House Cerwyn;Lordly;pan_okregu_ROT;Castle Cerwyn;339.9;819.3;Cerwin;0;castle_village_K8_2|Certown;A;alias->castle;Stark;Stark;Cerwyn;clan_nord_5 Cerwyn;A black battle-axe on silver;"silver;black";"#C0C0C0;#1A1A1A";Jonelle Robard Medger Cley;;awoiaf.westeros.org/index.php/House_Cerwyn;
The North;House Dustin;Lordly;pan_okregu_ROT;Barrow Hall;272.8;801.1;Barrowton;0;village_B4_4|Barrowland Stables;A;alias->town;Stark;Stark;Dustin;clan_nord_7 Dustin;Two rusted longaxes with black shafts crossed, a black crown between their points, on yellow;"gold;black";"#D4A017;#1A1A1A";Barbrey Roderick Willam;;awoiaf.westeros.org/index.php/House_Dustin;
The North;House Flint of Flint's Finger;Other;pan_okregu_ROT;Flint's Finger;184.0;717.2;Flint's Finger;0;ROT_town34_village1|Flint Cliffs;A;name=town;Stark;Stark;Flint;ROTclan_30 Flint;A grey stone hand upon a white inverted pall on paly black and grey;"black;grey;white";"#1A1A1A;#808080;#F2F2EE";Rodrik Danny Byam;;awoiaf.westeros.org/index.php/House_Flint_of_Flint's_Finger;
The North;House Flint of Widow's Watch;Lordly;pan_okregu_ROT;Widow's Watch;652.4;800.9;Widow's Watch;0;castle_village_N2_1|Widow Village;A;name=castle;Stark;Stark;Flint, Lyessa;ROTclan_36 Flint, Lyessa;A blue field strewn with whitecaps, on a yellow chief with crested line a pair of blue eyes;"gold;blue";"#D4A017;#2F5DA8";Lyessa Rodrik Danny Robin Byam;;awoiaf.westeros.org/index.php/House_Flint_of_Widow's_Watch;
The North;House Forrester;Other;pan_okregu_ROT;wolfswood;342.3;874.1;Ironrath;0;castle_village_EN1_2|Wood's Edge;A;alias->castle;Glover;Stark;Forrester;ROTclan_31 Forrester;;;;;W;awoiaf.westeros.org/index.php/House_Forrester;
The North;House Glover;Masterly;pan_okregu_ROT;Deepwood Motte;298.3;973.2;Deepwood Motte;0;ROT_town2_village2|Pinebluff;A;name=town;Stark;Stark;Glover;clan_battania_7 Glover;A silver fist on scarlet;"red;silver";"#B22222;#C0C0C0";Galbart Robett Benton Ethan Sybelle Erena Gawen Gilliane Lyanne;;awoiaf.westeros.org/index.php/House_Glover;
The North;House Hornwood;Lordly;pan_okregu_ROT;Hornwood;531.6;864.5;Hornwood;0;ROT_town1_village3|Pinestraw;A;name=castle;Stark;Stark;Bolton;clan_nord_6 Hornwood;A brown bullmoose with black antlers on orange;"orange;brown;black";"#E07B24;#7A5230;#1A1A1A";Hallis Halys Daryn Donella Berena;;awoiaf.westeros.org/index.php/House_Hornwood;
The North;House Karstark;Lordly;pan_okregu_ROT;Karhold;658.0;963.5;Karhold;0;ROT_town24_village1|Grey Cliffs;A;name=town;Stark;Stark;Karstark;clan_sturgia_6 Karstark;A white sunburst on black;"black;white";"#1A1A1A;#F2F2EE";Harrion Arnolf Alys Rickard Margaret Lysara Eddard Torrhen Cregan Arthor;;awoiaf.westeros.org/index.php/House_Karstark;
The North;House Locke;Lordly;pan_okregu_ROT;Oldcastle;508.2;752.3;Oldcastle;0;castle_village_B3_1|Horseshoe;A;name=castle;Stark;Stark;Locke;ROTclan_67 Locke;Bronze crossed keys on a white pale on purple;"purple;bronze;white";"#6A3D9A;#A97142;#F2F2EE";Ondrew Donnel Mallador Lysa Marna;;awoiaf.westeros.org/index.php/House_Locke;
The North;House Manderly;Exiled;pan_okregu_ROT;New Castle;459.1;767.8;White Harbor;0;village_B3_3|Broken Branch;A;alias->town;Stark;Stark;Manderly;clan_battania_4 Manderly;A white merman with dark green hair, beard and tail, carrying a black trident, on a blue-green field;"green;white;black";"#2E7D32;#F2F2EE;#1A1A1A";Wyman Wylis Torrhen Wendel Marlon Wylla Warrick Mara Theomore Jessamyn;;awoiaf.westeros.org/index.php/House_Manderly;
The North;House Mormont;Lordly;pan_okregu_ROT;Hall of the Mormonts;261.6;1040.0;Mormont Keep;0;village_N2_1|Bear Mines;A;alias->town;Stark;Stark;Mormont;clan_battania_8 Mormont;A black bear in a green wood;"black;green";"#1A1A1A;#2E7D32";Maege Alysane Jeor Jorah Dacey Lyanna Lyra Jorelle;;awoiaf.westeros.org/index.php/House_Mormont;
The North;House Norrey;Lordly;pan_okregu_ROT;northern mountains;376.9;977.5;Norrey Keep;0;castle_village_B6_2|Long Lake;A;alias->castle;Stark;Stark;Norrey;ROTclan_88 Norrey;Six green thistles, 3-2-1, on yellow;"gold;green";"#D4A017;#2E7D32";Brandon Arra Owen;M;awoiaf.westeros.org/index.php/House_Norrey;
The North;House Reed;Lordly;pan_okregu_ROT;Greywater Watch;309.8;653.8;Greywater Watch;0;castle_village_B2_1|Fevre Village;A;name=castle;Stark;Stark;Reed;clan_battania_3 Reed;A black lizard-lion on grey-green;"green;black;grey";"#2E7D32;#1A1A1A;#808080";Howland Meera Jojen;C;awoiaf.westeros.org/index.php/House_Reed;
The North;House Ryswell;Lordly;pan_okregu_ROT;;177.2;853.9;The Rills;0;castle_village_N7_1|Hilldale;C;opis: Rills;Stark;Stark;Ryswell;ROTclan_35 Ryswell;A black horse's head, eyes and mane red, on bronze within a black engrailed border;"bronze;black;red";"#A97142;#1A1A1A;#B22222";Rodrik Robyn Mark Rickard Roger Roose;;awoiaf.westeros.org/index.php/House_Ryswell;
The North;House Stane;Other;pan_okregu_ROT;Driftwood Hall;639.7;1104.0;Driftwood Hall;0;village_N1_2|Bjorenbyr;A;alias->town;Stark;Stark;Stane;ROTclan_107 Stane;A driftwood tree, bare and brown, on pale green;"green;brown";"#2E7D32;#7A5230";;S;awoiaf.westeros.org/index.php/House_Stane;
The North;House Stark;Great;pan_okregu_ROT;Winterfell;396.0;844.9;Winterfell;0;village_B2_2|Acorn Water;A;alias->town;Baratheon of King's Landing;Stark;Stark;clan_battania_1 Stark;A running grey direwolf, on an ice-white field;"white;grey";"#F2F2EE;#808080";Bran Rickon Arya Brandon Lyanna Eddard Artos Catelyn Osric Jon;;awoiaf.westeros.org/index.php/House_Stark;
The North;House Stout;Lordly;pan_okregu_ROT;Goldgrass;294.0;791.4;Goldgrass;0;village_B4_4|Barrowland Stables;A;name=castle;Dustin;Stark;Dustin;ROTclan_37 Stout;Chevronny russet and gold;"brown;gold";"#7A5230;#D4A017";Harwood Wynton Ronnel;;awoiaf.westeros.org/index.php/House_Stout;
The North;House Tallhart;Masterly;pan_okregu_ROT;Torrhen's Square;283.5;860.4;Torrhen's Square;0;castle_village_S8_1|Lakepoint;A;name=castle;Stark;Stark;Tallhart;clan_nord_4 Tallhart;Three sentinel trees, green on brown;"brown;green";"#7A5230;#2E7D32";Eddara Brandon Helman Leobald Beren Benfred;;awoiaf.westeros.org/index.php/House_Tallhart;
The North;House Umber;Lordly;pan_okregu_ROT;Last Hearth;516.5;1028.8;Last Hearth;0;village_B5_3|Queenscrown;A;name=town;Stark;Stark;Mormont-Nights Watch;clan_battania_5 Umber;A roaring giant, brown-haired and wearing a skin, with broken silver chains, on flame-red;"red;brown;silver";"#B22222;#7A5230;#C0C0C0";Jon Harmond Mors Hother Osric;;awoiaf.westeros.org/index.php/House_Umber;
The North;House Whitehill;Other;pan_okregu_ROT;;439.9;1006.5;Highpoint;0;castle_village_N1_1|Silver Rock;A;klan ROT: Highpoint;Stark;Stark;Whitehill;ROTclan_32 Whitehill;A white pile inverted on indigo, an arch of 4-pointed stars above;"blue;white";"#2F5DA8;#F2F2EE";;;awoiaf.westeros.org/index.php/House_Whitehill;
The North;House Burley;Lordly;pomniejszy_rod_lord;northern mountains;376.9;977.5;Norrey Keep;0;castle_village_B6_2|Long Lake;A;alias->castle;Stark;Stark;Norrey;;A white knife in a blue pile on white;"white;blue";"#F2F2EE;#2F5DA8";Lothor Billy;M;awoiaf.westeros.org/index.php/House_Burley;
The North;House Flint of the mountains;Lordly;pomniejszy_rod_lord;northern mountains;376.9;977.5;Norrey Keep;0;castle_village_B6_2|Long Lake;A;alias->castle;Stark;Stark;Norrey;;;;;Torghen Donnel Rodrik Danny Arya Artos;M;awoiaf.westeros.org/index.php/House_Flint_of_the_mountains;
The North;House Harclay;Lordly;pomniejszy_rod_lord;wolfswood;342.3;874.1;Ironrath;0;castle_village_EN1_2|Wood's Edge;A;alias->castle;Stark;Stark;Forrester;;3 blue moons, waxing, full, waning, on a white bend, on blue;"white;blue";"#F2F2EE;#2F5DA8";Ronnel;M;awoiaf.westeros.org/index.php/House_Harclay;
The North;House Knott;Lordly;pomniejszy_rod_lord;wolfswood;342.3;874.1;Ironrath;0;castle_village_EN1_2|Wood's Edge;A;alias->castle;Stark;Stark;Forrester;;A brown fret on white;"white;brown";"#F2F2EE;#7A5230";;M;awoiaf.westeros.org/index.php/House_Knott;
The North;House Liddle;Lordly;pomniejszy_rod_lord;northern mountains;376.9;977.5;Norrey Keep;0;castle_village_B6_2|Long Lake;A;alias->castle;Stark;Stark;Norrey;;Per pale white and green, a fir tree line between, three brown pinecones on the white;"white;green;brown";"#F2F2EE;#2E7D32;#7A5230";Torren Morgan Duncan Rickard;M;awoiaf.westeros.org/index.php/House_Liddle;
The North;House Slate;Lordly;pomniejszy_rod_lord;Blackpool;396.0;844.9;Winterfell;0;village_B2_2|Acorn Water;D;przy panu (Stark), siedziba nieopublikowana;Stark;Stark;Stark;;Pale grey, a double tressure white;"grey;white";"#808080;#F2F2EE";;;awoiaf.westeros.org/index.php/House_Slate;siedziba nieopublikowana / bez opisu - rod swobodny w krainie pana
The North;House Wull;Lordly;pomniejszy_rod_lord;northern mountains;376.9;977.5;Norrey Keep;0;castle_village_B6_2|Long Lake;A;alias->castle;Stark;Stark;Norrey;;Three wooden buckets, brown on blue, with a border of grey and white checks;"blue;brown;grey";"#2F5DA8;#7A5230;#808080";Hugo Theo;M;awoiaf.westeros.org/index.php/House_Wull;
The North;House Ashwood;Other;pomniejszy_rod;Wolf's Den;459.1;767.8;White Harbor;0;village_B3_3|Broken Branch;A;alias->town;Stark;Stark;Manderly;;;;;;;awoiaf.westeros.org/index.php/House_Ashwood;
The North;House Blackmyre;Other;pomniejszy_rod;Neck;309.8;653.8;Greywater Watch;0;castle_village_B2_1|Fevre Village;A;alias->castle;Reed;Stark;Reed;;;;;;C;awoiaf.westeros.org/index.php/House_Blackmyre;
The North;House Boggs (north);Other;pomniejszy_rod;Neck;309.8;653.8;Greywater Watch;0;castle_village_B2_1|Fevre Village;A;alias->castle;Reed;Stark;Reed;;;;;;C;awoiaf.westeros.org/index.php/House_Boggs_(north);
The North;House Bole;Other;pomniejszy_rod;wolfswood;342.3;874.1;Ironrath;0;castle_village_EN1_2|Wood's Edge;A;alias->castle;Glover;Stark;Forrester;;;;;;W;awoiaf.westeros.org/index.php/House_Bole;
The North;House Branch;Other;pomniejszy_rod;wolfswood;342.3;874.1;Ironrath;0;castle_village_EN1_2|Wood's Edge;A;alias->castle;Glover;Stark;Forrester;;;;;Benjicot;W;awoiaf.westeros.org/index.php/House_Branch;
The North;House Cassel;Other;pomniejszy_rod;;396.0;844.9;Winterfell;0;village_B2_2|Acorn Water;C;opis: Winterfell;Stark;Stark;Stark;;Ten white wolf heads, 4-3-2-1, on grey with a black border;"grey;white;black";"#808080;#F2F2EE;#1A1A1A";Martyn Jory Rodrik Beth;;awoiaf.westeros.org/index.php/House_Cassel;
The North;House Condon;Other;pomniejszy_rod;;339.9;819.3;Cerwin;0;castle_village_K8_2|Certown;D;przy panu (Cerwyn), siedziba nieopublikowana;Cerwyn;Stark;Cerwyn;;An eagle's head between crossed tridents, red on white;"white;red";"#F2F2EE;#B22222";Kyle;;awoiaf.westeros.org/index.php/House_Condon;siedziba nieopublikowana / bez opisu - rod swobodny w krainie pana
The North;House Cray;Other;pomniejszy_rod;Neck;309.8;653.8;Greywater Watch;0;castle_village_B2_1|Fevre Village;A;alias->castle;Reed;Stark;Reed;;;;;;C;awoiaf.westeros.org/index.php/House_Cray;
The North;House Crowl;Other;pomniejszy_rod;Deepdown;658.8;1057.6;Driftwood Hall;50;village_N1_4|Deepdown;A-;name=village;Stark;Stark;Stane;;Ply flame and black;"red;black";"#B22222;#1A1A1A";;S;awoiaf.westeros.org/index.php/House_Crowl;
The North;House Fenn;Other;pomniejszy_rod;Neck;309.8;653.8;Greywater Watch;0;castle_village_B2_1|Fevre Village;A;alias->castle;Reed;Stark;Reed;;3 black water lilies, on pale violet;"purple;black";"#6A3D9A;#1A1A1A";Wylla;C;awoiaf.westeros.org/index.php/House_Fenn;
The North;House Flint of Breakstone Hill;Other;pomniejszy_rod;Breakstone Hill;396.0;844.9;Winterfell;0;village_B2_2|Acorn Water;C;opis: Winterfell;Stark;Stark;Stark;;;;;;;awoiaf.westeros.org/index.php/House_Flint_of_Breakstone_Hill;
The North;House Greengood;Other;pomniejszy_rod;Neck;309.8;653.8;Greywater Watch;0;castle_village_B2_1|Fevre Village;A;alias->castle;Reed;Stark;Reed;;;;;;C;awoiaf.westeros.org/index.php/House_Greengood;
The North;House Holt (north);Other;pomniejszy_rod;Wolf's Den;459.1;767.8;White Harbor;0;village_B3_3|Broken Branch;A;alias->town;Stark;Stark;Manderly;;;;;Maynard;;awoiaf.westeros.org/index.php/House_Holt_(north);
The North;House Ironsmith;Other;pomniejszy_rod;;396.0;844.9;Winterfell;0;village_B2_2|Acorn Water;D;przy panu (Stark), siedziba nieopublikowana;Stark;Stark;Stark;;A black sword upright between four black horseshoes on gold, a grey-green border;"gold;black;grey";"#D4A017;#1A1A1A;#808080";;;awoiaf.westeros.org/index.php/House_Ironsmith;siedziba nieopublikowana / bez opisu - rod swobodny w krainie pana
The North;House Lake (north);Other;pomniejszy_rod;;396.0;844.9;Winterfell;0;village_B2_2|Acorn Water;D;przy panu (Stark), siedziba nieopublikowana;Stark;Stark;Stark;;7 pommes, 2-2-2-1, green on brown;"brown;green";"#7A5230;#2E7D32";;;awoiaf.westeros.org/index.php/House_Lake_(north);siedziba nieopublikowana / bez opisu - rod swobodny w krainie pana
The North;House Lightfoot;Other;pomniejszy_rod;;396.0;844.9;Winterfell;0;village_B2_2|Acorn Water;D;przy panu (Stark), siedziba nieopublikowana;Stark;Stark;Stark;;A line of white footprints in bend sinister, on dark brown;"brown;white";"#7A5230;#F2F2EE";;;awoiaf.westeros.org/index.php/House_Lightfoot;siedziba nieopublikowana / bez opisu - rod swobodny w krainie pana
The North;House Long;Other;pomniejszy_rod;Wolf's Den;459.1;767.8;White Harbor;0;village_B3_3|Broken Branch;A;alias->town;Stark;Stark;Manderly;;;;;Gareth Lucifer;;awoiaf.westeros.org/index.php/House_Long;
The North;House Magnar;Other;pomniejszy_rod;Kingshouse;620.9;1096.0;Driftwood Hall;20;village_N1_1|Kingshouse;A-;name=village;Stark;Stark;Stane;;A green lobster on white, its claws holding a black harpoon;"white;green;black";"#F2F2EE;#2E7D32;#1A1A1A";;S;awoiaf.westeros.org/index.php/House_Magnar;
The North;House Marsh;Other;pomniejszy_rod;;396.0;844.9;Winterfell;0;village_B2_2|Acorn Water;D;przy panu (Stark), siedziba nieopublikowana;Stark;Stark;Stark;;10 frogs, 4-3-2-1, green on yellow;"gold;green";"#D4A017;#2E7D32";Bowen;;awoiaf.westeros.org/index.php/House_Marsh;siedziba nieopublikowana / bez opisu - rod swobodny w krainie pana
The North;House Mollen;Other;pomniejszy_rod;;396.0;844.9;Winterfell;0;village_B2_2|Acorn Water;C;opis: Winterfell;Stark;Stark;Stark;;A pine tree covered with snow in a pale green pile, on white;"white;green";"#F2F2EE;#2E7D32";Hallis;;awoiaf.westeros.org/index.php/House_Mollen;
The North;House Moss;Other;pomniejszy_rod;;396.0;844.9;Winterfell;0;village_B2_2|Acorn Water;D;przy panu (Stark), siedziba nieopublikowana;Stark;Stark;Stark;;A bend orange on vairy grey and green;"green;orange;grey";"#2E7D32;#E07B24;#808080";;;awoiaf.westeros.org/index.php/House_Moss;siedziba nieopublikowana / bez opisu - rod swobodny w krainie pana
The North;House Overton;Other;pomniejszy_rod;;396.0;844.9;Winterfell;0;village_B2_2|Acorn Water;D;przy panu (Stark), siedziba nieopublikowana;Stark;Stark;Stark;;A checked silver and gold fess on black;"black;silver;gold";"#1A1A1A;#C0C0C0;#D4A017";;;awoiaf.westeros.org/index.php/House_Overton;siedziba nieopublikowana / bez opisu - rod swobodny w krainie pana
The North;House Peat;Other;pomniejszy_rod;Neck;309.8;653.8;Greywater Watch;0;castle_village_B2_1|Fevre Village;A;alias->castle;Reed;Stark;Reed;;;;;;C;awoiaf.westeros.org/index.php/House_Peat;
The North;House Poole;Other;pomniejszy_rod;;396.0;844.9;Winterfell;0;village_B2_2|Acorn Water;C;opis: Winterfell;Stark;Stark;Stark;;A blue plate on white, with a grey tressure;"white;blue;grey";"#F2F2EE;#2F5DA8;#808080";Jeyne Vayon;;awoiaf.westeros.org/index.php/House_Poole;
The North;House Quagg;Other;pomniejszy_rod;Neck;309.8;653.8;Greywater Watch;0;castle_village_B2_1|Fevre Village;A;alias->castle;Reed;Stark;Reed;;;;;;C;awoiaf.westeros.org/index.php/House_Quagg;
The North;House Waterman;Other;pomniejszy_rod;;459.1;767.8;White Harbor;0;village_B3_3|Broken Branch;C;opis: White Knife;Stark;Stark;Manderly;;Brown crossed oars on white, between a pair of blue flaunches;"white;brown;blue";"#F2F2EE;#7A5230;#2F5DA8";;;awoiaf.westeros.org/index.php/House_Waterman;
The North;House Wells (north);Other;pomniejszy_rod;;396.0;844.9;Winterfell;0;village_B2_2|Acorn Water;D;przy panu (Stark), siedziba nieopublikowana;Stark;Stark;Stark;;Per fess: five black roundels on grey over green and white lozengy;"white;black;grey";"#F2F2EE;#1A1A1A;#808080";Theodan;;awoiaf.westeros.org/index.php/House_Wells_(north);siedziba nieopublikowana / bez opisu - rod swobodny w krainie pana
The North;House Woods;Other;pomniejszy_rod;wolfswood;342.3;874.1;Ironrath;0;castle_village_EN1_2|Wood's Edge;A;alias->castle;Glover;Stark;Forrester;;;;;Ned;W;awoiaf.westeros.org/index.php/House_Woods;
The North;House Woolfield;Other;pomniejszy_rod;;459.1;767.8;White Harbor;0;village_B3_3|Broken Branch;C;opis: White Harbor;Stark;Stark;Manderly;;Three woolsacks, white on purple, a white border;"purple;white";"#6A3D9A;#F2F2EE";Leona;;awoiaf.westeros.org/index.php/House_Woolfield;
The North;House Amber;Extinct;wymarly_historia;;396.0;844.9;Winterfell;0;village_B2_2|Acorn Water;D;przy panu (Stark), siedziba nieopublikowana;;Stark;Stark;;;;;;;awoiaf.westeros.org/index.php/House_Amber;siedziba nieopublikowana / bez opisu - rod swobodny w krainie pana
The North;House Fisher of the Stony Shore;Extinct;wymarly_historia;Stony Shore;173.9;757.7;Flint's Finger;42;village_B4_1|Stoney Shore;A-;alias->village;Stark;Stark;Dustin;;;;;;;awoiaf.westeros.org/index.php/House_Fisher_of_the_Stony_Shore;
The North;House Frost;Extinct;wymarly_historia;;396.0;844.9;Winterfell;0;village_B2_2|Acorn Water;D;przy panu (Stark), siedziba nieopublikowana;;Stark;Stark;;;;;;;awoiaf.westeros.org/index.php/House_Frost;siedziba nieopublikowana / bez opisu - rod swobodny w krainie pana
The North;House Greenwood;Extinct;wymarly_historia;;396.0;844.9;Winterfell;0;village_B2_2|Acorn Water;D;przy panu (Stark), siedziba nieopublikowana;;Stark;Stark;;;;;;;awoiaf.westeros.org/index.php/House_Greenwood;siedziba nieopublikowana / bez opisu - rod swobodny w krainie pana
The North;House Greystark;Extinct;wymarly_historia;Wolf's Den;459.1;767.8;White Harbor;0;village_B3_3|Broken Branch;A;alias->town;Stark;Stark;Manderly;;;;;;;awoiaf.westeros.org/index.php/House_Greystark;
The North;House Ryder;Extinct;wymarly_historia;Rills;177.2;853.9;The Rills;0;castle_village_N7_1|Hilldale;A;alias->castle;Stark;Stark;Ryswell;;;;;;;awoiaf.westeros.org/index.php/House_Ryder;
The North;House Towers (north);Extinct;wymarly_historia;;396.0;844.9;Winterfell;0;village_B2_2|Acorn Water;D;przy panu (Stark), siedziba nieopublikowana;;Stark;Stark;;;;;;;awoiaf.westeros.org/index.php/House_Towers_(north);siedziba nieopublikowana / bez opisu - rod swobodny w krainie pana
The North;House Woodfoot;Extinct;wymarly_historia;Bear Island;261.6;1040.0;Mormont Keep;0;village_N2_1|Bear Mines;A;alias->town;Stark;Stark;Mormont;;;;;;;awoiaf.westeros.org/index.php/House_Woodfoot;
The Gift;Night's Watch;Sworn Brotherhood;pan_okregu_ROT;Castle Black;467.8;1090.8;Castle Black;0;village_B5_1|Queen's Head;A;name=town;;Night's Watch (Lord Commander);Mormont-Nights Watch;clan_battania_2 Mormont-Nights Watch;Plain black shield (brothers give up the heraldry of their houses);black;#1A1A1A;Jeor_Mormont(Lord_Commander) Bowen_Marsh(Lord_Steward) Othell_Yarwyck(First_Builder) Alliser_Thorne(master-at-arms) Donal_Noye(armorer) Jaremy_Rykker(ranger) Ottyn_Wythers(ranger) Wynton_Stout(ranger) Mallador_Locke(knight) Endrew_Tarth(knight);NW;"awoiaf.westeros.org/index.php/Gift ; /Night%27s_Watch ; strony oficerow";"Bracia nie maja ziemi; wsie Daru (Mole's Town, Queenscrown) trzyma Straz. Rycerz wioski = brat Strazy (zarzadca Daru)."
The Gift;Night's Watch;Sworn Brotherhood;pan_okregu_ROT;Shadow Tower;396.1;1078.1;Shadow Tower;0;castle_village_B7_1|Ornstead;A;name=castle;;Night's Watch (Lord Commander);Tollett;clan_nord_3 Tollett;Plain black shield (brothers give up the heraldry of their houses);black;#1A1A1A;Denys_Mallister(commander_of_the_Shadow_Tower);NW;"awoiaf.westeros.org/index.php/Gift ; /Night%27s_Watch ; strony oficerow";"Bracia nie maja ziemi; wsie Daru (Mole's Town, Queenscrown) trzyma Straz. Rycerz wioski = brat Strazy (zarzadca Daru)."
The Gift;Night's Watch;Sworn Brotherhood;pan_okregu_ROT;Eastwatch by the Sea;545.0;1097.6;Eastwatch by the Sea;0;castle_village_B8_1|Sheepstow;A;name=castle;;Night's Watch (Lord Commander);Pyke;ROTclan_33 Pyke;Plain black shield (brothers give up the heraldry of their houses);black;#1A1A1A;Cotter_Pyke(commander_of_Eastwatch-by-the-Sea);NW;"awoiaf.westeros.org/index.php/Gift ; /Night%27s_Watch ; strony oficerow";"Bracia nie maja ziemi; wsie Daru (Mole's Town, Queenscrown) trzyma Straz. Rycerz wioski = brat Strazy (zarzadca Daru)."
The Gift;Night's Watch;Sworn Brotherhood;pan_okregu_ROT;Nightfort;426.8;1090.4;Nightfort;0;village_S4_4|Antler River;A;name=castle;;Night's Watch (Lord Commander);Rayder;clan_battania_6 Snow;Plain black shield (brothers give up the heraldry of their houses);black;#1A1A1A;;NW;"awoiaf.westeros.org/index.php/Gift ; /Night%27s_Watch ; strony oficerow";"Bracia nie maja ziemi; wsie Daru (Mole's Town, Queenscrown) trzyma Straz. Rycerz wioski = brat Strazy (zarzadca Daru)."
The Gift;Night's Watch;Sworn Brotherhood;pan_okregu_ROT;The Wall;475.9;1099.3;The Wall;0;castle_village_S5_1|Skirling;A;name=castle;;Night's Watch (Lord Commander);Sixskins;ROTclan_125 Thorne;Plain black shield (brothers give up the heraldry of their houses);black;#1A1A1A;;NW;"awoiaf.westeros.org/index.php/Gift ; /Night%27s_Watch ; strony oficerow";"Bracia nie maja ziemi; wsie Daru (Mole's Town, Queenscrown) trzyma Straz. Rycerz wioski = brat Strazy (zarzadca Daru)."
The Riverlands;House Blackwood;Lordly;pan_okregu_ROT;Raventree Hall;355.9;560.4;Raventree Hall;0;castle_village_EN7_2|Tumblestone;A;name=castle;Tully;Tully;Blackwood;clan_empire_north_8 Blackwood;A flock of ravens on scarlet surrounding a dead weirwood upon a black escutcheon;"red;black";"#B22222;#1A1A1A";Tytos Brynden Benjicot Alysanne Hoster Melissa Betha Roderick Shiera Agnes;;awoiaf.westeros.org/index.php/House_Blackwood;
The Riverlands;House Bracken;Lordly;pan_okregu_ROT;Stone Hedge;372.1;491.6;Stone Hedge;0;castle_village_EN8_1|Mousedown Mill;A;name=castle;Tully;Tully;Bracken;ROTclan_46 Bracken;A red stallion upon a golden escutcheon on brown;"brown;red;gold";"#7A5230;#B22222;#D4A017";Jonos Lothar Lyle Olyver Amos Humfrey Barba Bethany Otho Hendry;;awoiaf.westeros.org/index.php/House_Bracken;
The Riverlands;House Cox;Knightly;pan_okregu_ROT;Saltpans;530.9;503.7;Saltpans;0;village_EW6_3|Brass Bell;A;name=town;Tully;Tully;Mooton;ROTclan_14 Cox;;;;Quincy;;awoiaf.westeros.org/index.php/House_Cox;
The Riverlands;House Darry;Lordly;pan_okregu_ROT;Darry;488.4;487.6;Darry;0;village_EN3_3|Bowshot Bridge;A;name=castle;Tully;Tully;Cox;ROTclan_49 Darry;A black plowman on brown;"brown;black";"#7A5230;#1A1A1A";Mariya Darnold Derrick Roland Damon Rosamund Desmond Willem Jonothor Raymun;;awoiaf.westeros.org/index.php/House_Darry;
The Riverlands;House Frey;Lordly;pan_okregu_ROT;Twins;374.1;630.8;The Twins;0;ROT_town33_village2|Hag's Mire;A;alias->town;Tully;Tully;Mallister;clan_empire_north_3 Frey;Two blue towers on silver-grey;"silver;blue;grey";"#C0C0C0;#2F5DA8;#808080";Walder Edwyn Forrest Sabitha Franklyn Addam Emmon Jared Hosteen Danwell;;awoiaf.westeros.org/index.php/House_Frey;
The Riverlands;House Mallister;Lordly;pan_okregu_ROT;Seagard;337.4;600.8;Seagard;0;ROT_town33_village1|Nutten;A;name=town;Tully;Tully;Mallister;clan_empire_north_7 Mallister;A silver eagle displayed on indigo;"blue;silver";"#2F5DA8;#C0C0C0";Jason Patrek Petyr Lymond Jorah Desmond Joseth Denys Jeffory;;awoiaf.westeros.org/index.php/House_Mallister;
The Riverlands;House Mooton;Lordly;pan_okregu_ROT;Maidenpool;551.8;480.4;Maidenpool;0;village_EW6_1|Maiden's Point;A;alias->town;Tully;Tully;Mooton;clan_empire_north_9 Mooton;A red salmon on white, a gold tressure;"white;red;gold";"#F2F2EE;#B22222;#D4A017";William Eleanor Jon Jonah Walys Manfryd Myles Jirelle Jeyne;;awoiaf.westeros.org/index.php/House_Mooton;
The Riverlands;House Paege;Knightly;pan_okregu_ROT;;392.4;532.1;Fairmarket;0;village_B1_3|Lambswold;A;klan ROT: Fairmarket;Tully;Tully;Paege;ROTclan_13 Paege;Twining red-and-white snakes on black;"black;red;white";"#1A1A1A;#B22222;#F2F2EE";Halmon Garrett Harbert Sallei Damon Robert Sylwa;;awoiaf.westeros.org/index.php/House_Paege;lore: - (opis: Riverrun), w ROT klan siedzi w Fairmarket
The Riverlands;House Piper;Lordly;pan_okregu_ROT;Pinkmaiden Castle;338.2;395.2;Pinkmaiden;0;village_V3_4|Aldbridge;A;alias->castle;Tully;Tully;Swyft;ROTclan_109 Piper;A dancing maiden pink in a swirl of white silk, on blue;"blue;pink;white";"#2F5DA8;#E8A0B4;#F2F2EE";Clement Marq Melony Jon Petyr Stanton Lewys;;awoiaf.westeros.org/index.php/House_Piper;
The Riverlands;House Ryger;Other;pan_okregu_ROT;Willow Wood;281.1;485.7;Willow Wood;0;village_V2_2|Riverstone;A;name=castle;Tully;Tully;Tully;ROTclan_137 Ryger;A weeping willow, green on white;"white;green";"#F2F2EE;#2E7D32";Robin Tristan;;awoiaf.westeros.org/index.php/House_Ryger;
The Riverlands;House Smallwood;Lordly;pan_okregu_ROT;Acorn Hall;393.9;434.0;Acorn Hall;0;ROT_castle39_village2|High Heart;A;name=castle;Vance;Tully;Vance;ROTclan_47 Smallwood;Six brown acorns, 3-2-1, on yellow;"gold;brown";"#D4A017;#7A5230";Theomar Carellen Myles Joseth Jeyne Thoren Ravella;;awoiaf.westeros.org/index.php/House_Smallwood;
The Riverlands;House Tully;Great;pan_okregu_ROT;Riverrun;336.3;503.8;Riverrun;0;village_V2_3|Sallydance;A;alias->town;Baratheon of King's Landing;Tully;Tully;clan_empire_north_2 Tully;A leaping trout, silver, on a field of blue and mud red;"blue;silver;brown";"#2F5DA8;#C0C0C0;#7A5230";Edmure Hoster Axel Elston Tommen Edmyn Prentys Lucinda Grover Elmo;;awoiaf.westeros.org/index.php/House_Tully;
The Riverlands;House Vance of Wayfarer's Rest;Lordly;pan_okregu_ROT;Wayfarer's Rest;359.9;438.1;Wayfarer's Rest;0;ROT_castle39_village1|Mummer's Ford;A;name=castle;Tully;Tully;Vance;ROTclan_48 Vance;Quartered: a black dragon on white, two golden eyes in a golden ring on black;"white;black;gold";"#F2F2EE;#1A1A1A;#D4A017";Karyl Liane Armistead Ronnel Tristan Norbert Rhialta Emphyria Dafyn Marianne;;awoiaf.westeros.org/index.php/House_Vance_of_Wayfarer's_Rest;
The Riverlands;House Bigglestone;Lordly;pomniejszy_rod_lord;;336.3;503.8;Riverrun;0;village_V2_3|Sallydance;D;przy panu (Tully), siedziba nieopublikowana;Tully;Tully;Tully;;;;;;;awoiaf.westeros.org/index.php/House_Bigglestone;siedziba nieopublikowana / bez opisu - rod swobodny w krainie pana
The Riverlands;House Butterwell;Lordly;pomniejszy_rod_lord;Whitewalls;454.1;477.5;Harrenhal;0;ROT_town32_village1|Cog Water;C;opis: Gods Eye;Tully;Tully;Clegane;;Undy green, white, and yellow;"green;white;gold";"#2E7D32;#F2F2EE;#D4A017";Ambrose Alton Beatrice;;awoiaf.westeros.org/index.php/House_Butterwell;
The Riverlands;House Chambers;Lordly;pomniejszy_rod_lord;;336.3;503.8;Riverrun;0;village_V2_3|Sallydance;D;przy panu (Tully), siedziba nieopublikowana;Tully;Tully;Tully;;;;;;;awoiaf.westeros.org/index.php/House_Chambers;siedziba nieopublikowana / bez opisu - rod swobodny w krainie pana
The Riverlands;House Charlton;Lordly;pomniejszy_rod_lord;;374.1;630.8;The Twins;0;ROT_town33_village2|Hag's Mire;C;opis: Twins;Frey;Tully;Mallister;;Three sprigs of mistletoe, green and red, on a gold field within a green border;"gold;green;red";"#D4A017;#2E7D32;#B22222";Theo Jon Clarence Andrey;;awoiaf.westeros.org/index.php/House_Charlton;
The Riverlands;House Deddings;Lordly;pomniejszy_rod_lord;;336.3;503.8;Riverrun;0;village_V2_3|Sallydance;D;przy panu (Tully), siedziba nieopublikowana;Tully;Tully;Tully;;;;;Davos Darla Lyonel;;awoiaf.westeros.org/index.php/House_Deddings;siedziba nieopublikowana / bez opisu - rod swobodny w krainie pana
The Riverlands;House Goodbrook;Lordly;pomniejszy_rod_lord;;393.9;434.0;Acorn Hall;0;ROT_castle39_village2|High Heart;C;opis: Acorn Hall;Tully;Tully;Vance;;A blue wavy bend on gold;"gold;blue";"#D4A017;#2F5DA8";Lymond Garse Walder Jeyne;;awoiaf.westeros.org/index.php/House_Goodbrook;
The Riverlands;House Lychester;Lordly;pomniejszy_rod_lord;Lord Lychester's keep;336.3;503.8;Riverrun;0;village_V2_3|Sallydance;D;przy panu (Tully), siedziba nieopublikowana;Tully;Tully;Tully;;Orange and white gyronny, a black talon;"orange;white;black";"#E07B24;#F2F2EE;#1A1A1A";Lymond Jon;;awoiaf.westeros.org/index.php/House_Lychester;siedziba nieopublikowana / bez opisu - rod swobodny w krainie pana
The Riverlands;House Nutt;Lordly;pomniejszy_rod_lord;;336.3;503.8;Riverrun;0;village_V2_3|Sallydance;D;przy panu (Tully), siedziba nieopublikowana;Tully;Tully;Tully;;;;;Jeyne;;awoiaf.westeros.org/index.php/House_Nutt;siedziba nieopublikowana / bez opisu - rod swobodny w krainie pana
The Riverlands;House Perryn;Lordly;pomniejszy_rod_lord;;336.3;503.8;Riverrun;0;village_V2_3|Sallydance;D;przy panu (Tully), siedziba nieopublikowana;Tully;Tully;Tully;;;;;;;awoiaf.westeros.org/index.php/House_Perryn;siedziba nieopublikowana / bez opisu - rod swobodny w krainie pana
The Riverlands;House Roote;Lordly;pomniejszy_rod_lord;Lord Harroway's Town;424.4;513.4;Harroway;0;ROT_town4_village2|Riverbend;A;alias->town;Tully;Tully;Tully,Blackfish;;A two-headed horse, brown, on a field of wavy green and green;"green;brown";"#2E7D32;#7A5230";Richard Lucas;;awoiaf.westeros.org/index.php/House_Roote;
The Riverlands;House Shawney;Lordly;pomniejszy_rod_lord;;530.9;503.7;Saltpans;0;village_EW6_3|Brass Bell;C;opis: Trident;Tully;Tully;Mooton;;Per fess: blue red green above, a white catfish on black below;"black;blue;red";"#1A1A1A;#2F5DA8;#B22222";;;awoiaf.westeros.org/index.php/House_Shawney;
The Riverlands;House Vance of Atranta;Lordly;pomniejszy_rod_lord;Atranta;336.3;503.8;Riverrun;0;village_V2_3|Sallydance;D;przy panu (Tully), siedziba nieopublikowana;Tully;Tully;Tully;;Quartered: a green dragon on white, a white tower on black;"white;green;black";"#F2F2EE;#2E7D32;#1A1A1A";Norbert Ronald Armistead Ronnel Ellery Hugo Kirth Karyl Jon Dafyn;;awoiaf.westeros.org/index.php/House_Vance_of_Atranta;siedziba nieopublikowana / bez opisu - rod swobodny w krainie pana
The Riverlands;House Vypren;Lordly;pomniejszy_rod_lord;;530.9;503.7;Saltpans;0;village_EW6_3|Brass Bell;C;opis: Widow's Ford;Tully;Tully;Mooton;;A black toad on white lily pad, on green;"white;black;green";"#F2F2EE;#1A1A1A;#2E7D32";Lucias Damon Vorian Elyana;;awoiaf.westeros.org/index.php/House_Vypren;
The Riverlands;House Wayn;Lordly;pomniejszy_rod_lord;;336.3;503.8;Riverrun;0;village_V2_3|Sallydance;D;przy panu (Tully), siedziba nieopublikowana;Tully;Tully;Tully;;Four wheels countercharged on quartered field blue and white;"white;blue";"#F2F2EE;#2F5DA8";Tristifer Utherydes;;awoiaf.westeros.org/index.php/House_Wayn;siedziba nieopublikowana / bez opisu - rod swobodny w krainie pana
The Riverlands;House Whent;Lordly;pomniejszy_rod_lord;Harrenhal;454.1;477.5;Harrenhal;0;ROT_town32_village1|Cog Water;A;alias->town;Tully;Tully;Clegane;;Nine black bats, 4-3-2, on yellow;"gold;black";"#D4A017;#1A1A1A";Minisa Walter Oswell Shella Wynafrei Sarya;;awoiaf.westeros.org/index.php/House_Whent;
The Riverlands;House Wode;Knightly;rycerz_z_ziemia;;454.1;477.5;Harrenhal;0;ROT_town32_village1|Cog Water;C;opis: Harrenhal;Whent;Tully;Clegane;;Three white hedgehogs on yellow;"gold;white";"#D4A017;#F2F2EE";Oswald Willis;;awoiaf.westeros.org/index.php/House_Wode;
The Riverlands;House Blanetree;Other;pomniejszy_rod;;336.3;503.8;Riverrun;0;village_V2_3|Sallydance;D;przy panu (Tully), siedziba nieopublikowana;Tully;Tully;Tully;;Maple leaves, green and brown, strewn on a field of yellow;"gold;green;brown";"#D4A017;#2E7D32;#7A5230";Zhoe;;awoiaf.westeros.org/index.php/House_Blanetree;siedziba nieopublikowana / bez opisu - rod swobodny w krainie pana
The Riverlands;House Erenford;Other;pomniejszy_rod;;374.1;630.8;The Twins;0;ROT_town33_village2|Hag's Mire;C;opis: Twins;Frey;Tully;Mallister;;A golden heron, beaked and gammed black, standing with a silver fish in its beak, on pink;"pink;gold;black";"#E8A0B4;#D4A017;#1A1A1A";Joyeuse;;awoiaf.westeros.org/index.php/House_Erenford;
The Riverlands;House Grell;Other;pomniejszy_rod;;336.3;503.8;Riverrun;0;village_V2_3|Sallydance;C;opis: Riverrun;Tully;Tully;Tully;;Three red martlets on white bend, on blue;"white;red;blue";"#F2F2EE;#B22222;#2F5DA8";Desmond;;awoiaf.westeros.org/index.php/House_Grell;
The Riverlands;House Grey;Other;pomniejszy_rod;;336.3;503.8;Riverrun;0;village_V2_3|Sallydance;D;przy panu (Tully), siedziba nieopublikowana;Tully;Tully;Tully;;;;;Garibald;;awoiaf.westeros.org/index.php/House_Grey;siedziba nieopublikowana / bez opisu - rod swobodny w krainie pana
The Riverlands;House Haigh;Other;pomniejszy_rod;;374.1;630.8;The Twins;0;ROT_town33_village2|Hag's Mire;C;opis: Twins;Frey;Tully;Mallister;;A black pitchfork on a golden bar sinister on russet;"gold;black;brown";"#D4A017;#1A1A1A;#7A5230";Leslyn Harys Donnel Walder Alyn;;awoiaf.westeros.org/index.php/House_Haigh;
The Riverlands;House Hawick;Other;pomniejszy_rod;Saltpans;530.9;503.7;Saltpans;0;village_EW6_3|Brass Bell;A;name=town;Tully;Tully;Mooton;;White sea birds strewn on a blue field;"blue;white";"#2F5DA8;#F2F2EE";Bellena;;awoiaf.westeros.org/index.php/House_Hawick;
The Riverlands;House Keath;Other;pomniejszy_rod;;336.3;503.8;Riverrun;0;village_V2_3|Sallydance;D;przy panu (Tully), siedziba nieopublikowana;Tully;Tully;Tully;;Quarterly of nine: a white fish on grey, a golden fish hook on white;"grey;white;gold";"#808080;#F2F2EE;#D4A017";;;awoiaf.westeros.org/index.php/House_Keath;siedziba nieopublikowana / bez opisu - rod swobodny w krainie pana
The Riverlands;House Lolliston;Other;pomniejszy_rod;;336.3;503.8;Riverrun;0;village_V2_3|Sallydance;D;przy panu (Tully), siedziba nieopublikowana;Tully;Tully;Tully;;Three oaken barrels on white;white;#F2F2EE;;;awoiaf.westeros.org/index.php/House_Lolliston;siedziba nieopublikowana / bez opisu - rod swobodny w krainie pana
The Riverlands;House Nayland;Other;pomniejszy_rod;Hag's Mire;367.4;596.3;Seagard;30;ROT_town33_village2|Hag's Mire;A-;name=village;Frey;Tully;Mallister;;;;;Lucas Raymond;;awoiaf.westeros.org/index.php/House_Nayland;
The Riverlands;House Pemford;Other;pomniejszy_rod;;336.3;503.8;Riverrun;0;village_V2_3|Sallydance;C;opis: Riverrun;Tully;Tully;Tully;;;;;Poul;;awoiaf.westeros.org/index.php/House_Pemford;
The Riverlands;House Terrick;Other;pomniejszy_rod;;336.3;503.8;Riverrun;0;village_V2_3|Sallydance;D;przy panu (Tully), siedziba nieopublikowana;Tully;Tully;Tully;;Per saltire purple and gold, four hawks' heads countercharged;"purple;gold";"#6A3D9A;#D4A017";Alyn;;awoiaf.westeros.org/index.php/House_Terrick;siedziba nieopublikowana / bez opisu - rod swobodny w krainie pana
The Riverlands;House Fisher;Extinct;wymarly_historia;Misty Isle;336.3;503.8;Riverrun;0;village_V2_3|Sallydance;D;przy panu (Tully), siedziba nieopublikowana;;Tully;Tully;;A crowned catfish, spotted grey, on blue;"blue;grey";"#2F5DA8;#808080";Lymond;;awoiaf.westeros.org/index.php/House_Fisher;siedziba nieopublikowana / bez opisu - rod swobodny w krainie pana
The Riverlands;House Harroway;Extinct;wymarly_historia;Harrenhal;454.1;477.5;Harrenhal;0;ROT_town32_village1|Cog Water;A;alias->town;Tully;Tully;Clegane;;Per bend sinister orange and sable rayonne, a castle countercharged;"orange;black";"#E07B24;#1A1A1A";Lucas Alys Jeyne Hanna Horas;;awoiaf.westeros.org/index.php/House_Harroway;
The Riverlands;House Hoare;Extinct;wymarly_historia;Orkmont;173.5;594.6;Orkwood;8;castle_village_S4_1|Orkmont;A-;alias->village;;Tully;Orkwood;;Per saltire: two heavy silver chains crossing between;silver;#C0C0C0;Harrag Ravos Erich Harras Wulfgar Horgan Fergon Craghorn Hagon Harwyn;;awoiaf.westeros.org/index.php/House_Hoare;
The Riverlands;House Hook;Extinct;wymarly_historia;;523.6;397.3;King's Landing;0;ROT_castle61_village1|Blackwater;C;opis: Blackwater Rush;;Tully;Baratheon, Joffrey;;;;;;;awoiaf.westeros.org/index.php/House_Hook;
The Riverlands;House Justman;Extinct;wymarly_historia;;530.9;503.7;Saltpans;0;village_EW6_3|Brass Bell;C;opis: Trident;;Tully;Mooton;;Golden scales on white, a double tressure blue;"white;gold;blue";"#F2F2EE;#D4A017;#2F5DA8";Lucifer;;awoiaf.westeros.org/index.php/House_Justman;
The Riverlands;House Lothston;Extinct;wymarly_historia;Harrenhal;454.1;477.5;Harrenhal;0;ROT_town32_village1|Cog Water;A;alias->town;Tully;Tully;Clegane;;A black bat on per bend silver and gold;"silver;black;gold";"#C0C0C0;#1A1A1A;#D4A017";Danelle Jeyne Guy Manfryd Manfred Jon;;awoiaf.westeros.org/index.php/House_Lothston;
The Riverlands;House Mudd;Extinct;wymarly_historia;Oldstones;364.8;579.5;Raventree Hall;21;castle_village_EN7_2|Tumblestone;B;mapa AWOIAF (Riverlands);;Tully;Blackwood;;A golden crown studded with emeralds on a red-brown field;"brown;gold;red";"#7A5230;#D4A017;#B22222";Tristan Marq Lorimas;;awoiaf.westeros.org/index.php/House_Mudd;
The Riverlands;House Qoherys;Extinct;wymarly_historia;Harrenhal;454.1;477.5;Harrenhal;0;ROT_town32_village1|Cog Water;A;alias->town;Tully;Tully;Clegane;;A flaming saltire, red and yellow, between 4 white skulls, on black;"black;red;gold";"#1A1A1A;#B22222;#D4A017";Quenton Gargon;;awoiaf.westeros.org/index.php/House_Qoherys;
The Riverlands;House Strong;Extinct;wymarly_historia;Harrenhal;454.1;477.5;Harrenhal;0;ROT_town32_village1|Cog Water;A;alias->town;Tully;Tully;Clegane;;A tripartite pale, blue, red, and green on white;"white;blue;red";"#F2F2EE;#2F5DA8;#B22222";Osmund Lucamore Bywin Lyonel Harwin Larys Simon Denys Duncan Robert;;awoiaf.westeros.org/index.php/House_Strong;
The Riverlands;House Teague;Extinct;wymarly_historia;;551.8;480.4;Maidenpool;0;village_EW6_1|Maiden's Point;C;opis: Maidenpool;;Tully;Mooton;;A golden trident upright on black between two golden flanches;"gold;black";"#D4A017;#1A1A1A";Torrence Theo Hollis Tyler Damon;;awoiaf.westeros.org/index.php/House_Teague;
The Riverlands;House Towers of Harrenhal;Extinct;wymarly_historia;Harrenhal;454.1;477.5;Harrenhal;0;ROT_town32_village1|Cog Water;A;alias->town;Tully;Tully;Clegane;;Five black towers on white, a double tressure red and black;"white;black;red";"#F2F2EE;#1A1A1A;#B22222";Walton Jordan Maegor;;awoiaf.westeros.org/index.php/House_Towers_of_Harrenhal;
The Vale;House Arryn;Great;pan_okregu_ROT;Eyrie;535.9;588.3;The Eyrie;0;village_EN1_3|Monton;A;alias->town;Baratheon of King's Landing;Arryn;Arryn;clan_vlandia_3 Arryn;A sky-blue falcon soaring against a white moon, on sky-blue;"blue;white";"#2F5DA8;#F2F2EE";Robert Artys Osgood Oswin Alyssa Sharra Jonos Hubert Rodrik Aemma;;awoiaf.westeros.org/index.php/House_Arryn;
The Vale;House Belmore;Lordly;pan_okregu_ROT;Strongsong;467.2;596.8;Strongsong;0;castle_village_S2_2|Hill Hall;A;name=castle;Arryn;Arryn;Belmore;ROTclan_41 Belmore;Six silver bells on purple, 3-2-1;"purple;silver";"#6A3D9A;#C0C0C0";Benedar Marwyn;;awoiaf.westeros.org/index.php/House_Belmore;
The Vale;House Borrell;Lordly;pan_okregu_ROT;Sisterton;511.1;712.0;Sisterton;0;village_S1_2|Stonecreek;A;name=town;Sunderland;Arryn;Borrell;ROTclan_11 Borrell;A white spider crab on grey-green;"green;white;grey";"#2E7D32;#F2F2EE;#808080";Godric;1;awoiaf.westeros.org/index.php/House_Borrell;
The Vale;House Coldwater;Lordly;pan_okregu_ROT;Coldwater Burn;595.6;674.3;Coldwater Burn;0;castle_village_S1_1|Gull Point;A;name=castle;Royce;Arryn;Coldwater;ROTclan_42 Coldwater;A blue pall with white borders on red;"red;blue;white";"#B22222;#2F5DA8;#F2F2EE";Royce Ben;;awoiaf.westeros.org/index.php/House_Coldwater;
The Vale;House Corbray;Lordly;pan_okregu_ROT;Heart's Home;596.1;619.7;Heart's Home;0;ROT_town6_village2|Moonvale;A;name=town;Arryn;Arryn;Corbray;clan_empire_north_4 Corbray;Three black ravens in flight holding three red hearts, on white;"white;black;red";"#F2F2EE;#1A1A1A;#B22222";Lyonel Lyn Qyle Jaime Gawen Qarl Corwyn Leowyn Quenton Gwayne;;awoiaf.westeros.org/index.php/House_Corbray;
The Vale;House Grafton;Lordly;pan_okregu_ROT;Gulltown;663.2;553.6;Gulltown;0;village_EN2_2|Gull Point;A;name=town;Arryn;Arryn;Grafton;ROTclan_12 Grafton;A burning tower in yellow, within a black pile, upon flaming red;"gold;black;red";"#D4A017;#1A1A1A;#B22222";Gerold Marq Gyles;;awoiaf.westeros.org/index.php/House_Grafton;
The Vale;House Hunter;Lordly;pan_okregu_ROT;Longbow Hall;663.3;609.5;Longbow Hall;0;castle_village_EN4_2|Newkeep;A;name=castle;Arryn;Arryn;Hunter;clan_empire_north_6 Hunter;Five silver arrows, fanned, on brown;"brown;silver";"#7A5230;#C0C0C0";Gilwood Eustace Teora Alec Eon Harlan Janyce;;awoiaf.westeros.org/index.php/House_Hunter;
The Vale;House Lynderly;Lordly;pan_okregu_ROT;Snakewood;623.9;656.8;Snakewood;0;ROT_castle58_village2|Bailish Village;A;name=castle;Arryn;Arryn;Lynderly;ROTclan_123 Lynderly;A black field strewn wriggling green serpents;"black;green";"#1A1A1A;#2E7D32";Jon Terrance Lymond;;awoiaf.westeros.org/index.php/House_Lynderly;
The Vale;House Redfort;Lordly;pan_okregu_ROT;Redfort;615.7;553.2;Redfort;0;castle_village_N8_1|Red Village;A;name=castle;Arryn;Arryn;Redfort;ROTclan_40 Redfort;A red castle on a white field within a red embattled border;"white;red";"#F2F2EE;#B22222";Horton Jasper Adrian Jessamyn Mychel Creighton Jon;;awoiaf.westeros.org/index.php/House_Redfort;
The Vale;House Royce;Lordly;pan_okregu_ROT;Runestone;697.6;578.6;Runestone;0;castle_village_EN3_1|Fingermarket;A;name=castle;Arryn;Arryn;Royce;clan_empire_north_1 Royce;Black iron studs on bronze, bordered with runes;"bronze;black;grey";"#A97142;#1A1A1A;#808080";Yohn Andar Robar Allard Yorbert Rhea Willam Gunthor Perra Ryella;;awoiaf.westeros.org/index.php/House_Royce;
The Vale;House Waxley;Knightly;pan_okregu_ROT;Wickenden;593.7;507.0;Wickenden;0;ROT_town18_village1|Crab Beach;A;name=town;Arryn;Arryn;Waxley;ROTclan_43 Waxley;Six candles, white with red flames, within silver candle holders on a grey field bordered in black;"black;white;red";"#1A1A1A;#F2F2EE;#B22222";Edmund;;awoiaf.westeros.org/index.php/House_Waxley;
The Vale;House Waynwood;Lordly;pan_okregu_ROT;Ironoaks;597.1;580.1;Ironoaks;0;ROT_castle65_village2|Boulder;A;alias->castle;Arryn;Arryn;Waynwood;ROTclan_133 Waynwood;A black broken wheel on green;"green;black";"#2E7D32;#1A1A1A";Anya Morton Wyl Elys Donnel Wallace Roland Carolei Marsella Jasper;;awoiaf.westeros.org/index.php/House_Waynwood;
The Vale;House Baelish;Lordly;pomniejszy_rod_lord;Drearfort;656.7;686.5;Snakewood;44;ROT_castle58_village1|Finger Market;B;mapa AWOIAF (Vale);Arryn;Arryn;Lynderly;;A field of silver mockingbirds on green;"green;silver";"#2E7D32;#C0C0C0";Petyr Alayne;;awoiaf.westeros.org/index.php/House_Baelish;
The Vale;House Elesham;Lordly;pomniejszy_rod_lord;Paps;535.9;588.3;The Eyrie;0;village_EN1_3|Monton;D;przy panu (Arryn), siedziba nieopublikowana;Arryn;Arryn;Arryn;;A double pile inverted, stone on pink, a black mullet between;"pink;grey;black";"#E8A0B4;#808080;#1A1A1A";;;awoiaf.westeros.org/index.php/House_Elesham;siedziba nieopublikowana / bez opisu - rod swobodny w krainie pana
The Vale;House Longthorpe;Lordly;pomniejszy_rod_lord;Longsister;485.7;698.7;Sisterton;29;village_S1_3|Sweetsister;B;mapa AWOIAF (Vale);Sunderland;Arryn;Borrell;;;;;Rolland;1;awoiaf.westeros.org/index.php/House_Longthorpe;
The Vale;House Pryor;Lordly;pomniejszy_rod_lord;Pebble;602.7;700.0;Coldwater Burn;27;castle_village_S1_1|Gull Point;B;mapa AWOIAF (Vale);Arryn;Arryn;Coldwater;;A partial eclipse, black moon over yellow sun, on dusty pink;"pink;black;gold";"#E8A0B4;#1A1A1A;#D4A017";Dunstan;;awoiaf.westeros.org/index.php/House_Pryor;
The Vale;House Ruthermont;Lordly;pomniejszy_rod_lord;;535.9;588.3;The Eyrie;0;village_EN1_3|Monton;D;przy panu (Arryn), siedziba nieopublikowana;Arryn;Arryn;Arryn;;Five black starfish on a gold pale, on pean;"gold;black";"#D4A017;#1A1A1A";;;awoiaf.westeros.org/index.php/House_Ruthermont;siedziba nieopublikowana / bez opisu - rod swobodny w krainie pana
The Vale;House Sunderland;Lordly;pomniejszy_rod_lord;Sweetsister;474.6;693.4;Sisterton;41;village_S1_3|Sweetsister;A-;name=village;Arryn;Arryn;Borrell;;Three women's heads, white with black hair, on blue and green undy;"green;white;black";"#2E7D32;#F2F2EE;#1A1A1A";Triston Marla Steffon;1;awoiaf.westeros.org/index.php/House_Sunderland;
The Vale;House Tollett;Lordly;pomniejszy_rod_lord;Grey Glen;697.6;578.6;Runestone;0;castle_village_EN3_1|Fingermarket;D;przy panu (Royce), siedziba nieopublikowana;Royce;Arryn;Royce;;Pily grey and black;"grey;black";"#808080;#1A1A1A";Uthor Torgold Eddison Andrew Jon;;awoiaf.westeros.org/index.php/House_Tollett;"siedziba nieopublikowana / bez opisu - rod swobodny w krainie pana; w ROT jest klan Tollett (clan_nord_3) - Nocna Straz (Dolorous Edd), nie Grey Glen"
The Vale;House Torrent;Lordly;pomniejszy_rod_lord;Littlesister;534.7;718.2;Sisterton;24;village_S1_1|Littlesister;A-;name=village;Sunderland;Arryn;Borrell;;;;;Alesandor;1;awoiaf.westeros.org/index.php/House_Torrent;
The Vale;House Hardyng;Knightly;rycerz_z_ziemia;;597.1;580.1;Ironoaks;0;ROT_castle65_village2|Boulder;C;opis: Ironoaks;Waynwood;Arryn;Waynwood;;A field of red and white diamonds;"red;white";"#B22222;#F2F2EE";Harrold Humfrey Deana;;awoiaf.westeros.org/index.php/House_Hardyng;
The Vale;House Shett of Gull Tower;Knightly;rycerz_z_ziemia;Gull Tower;697.6;578.6;Runestone;0;castle_village_EN3_1|Fingermarket;D;przy panu (Royce), siedziba nieopublikowana;Royce;Arryn;Royce;;Three golden wings, bendwise, on checkered white and black;"white;gold;black";"#F2F2EE;#D4A017;#1A1A1A";Damon;;awoiaf.westeros.org/index.php/House_Shett_of_Gull_Tower;siedziba nieopublikowana / bez opisu - rod swobodny w krainie pana
The Vale;House Shett of Gulltown;Knightly;rycerz_z_ziemia;Gulltown;663.2;553.6;Gulltown;0;village_EN2_2|Gull Point;A;name=town;Grafton;Arryn;Grafton;;Nine white seagulls on a field of brown;"brown;white";"#7A5230;#F2F2EE";Uther;;awoiaf.westeros.org/index.php/House_Shett_of_Gulltown;
The Vale;House Templeton;Knightly;rycerz_z_ziemia;Ninestars;535.9;588.3;The Eyrie;0;village_EN1_3|Monton;D;przy panu (Arryn), siedziba nieopublikowana;Arryn;Arryn;Arryn;;Nine stars, one of 7 points and the rest of 6 points, on a gold saltire on black;"black;gold";"#1A1A1A;#D4A017";Symond Luceon Jennis Gerold;;awoiaf.westeros.org/index.php/House_Templeton;siedziba nieopublikowana / bez opisu - rod swobodny w krainie pana
The Vale;House Woodhull;Knightly;rycerz_z_ziemia;Paps;535.9;588.3;The Eyrie;0;village_EN1_3|Monton;D;przy panu (Elesham), siedziba nieopublikowana;Elesham;Arryn;Arryn;;;;;Henrietta;;awoiaf.westeros.org/index.php/House_Woodhull;siedziba nieopublikowana / bez opisu - rod swobodny w krainie pana
The Vale;House Arryn of Gulltown;Other;pomniejszy_rod;Gulltown;663.2;553.6;Gulltown;0;village_EN2_2|Gull Point;A;name=town;Arryn;Arryn;Grafton;;A sky-blue falcon soaring against a white moon, on a sky-blue field;"blue;white";"#2F5DA8;#F2F2EE";Jeyne Isembard Joffrey;;awoiaf.westeros.org/index.php/House_Arryn_of_Gulltown;
The Vale;House Breakstone;Other;pomniejszy_rod;;535.9;588.3;The Eyrie;0;village_EN1_3|Monton;C;opis: Gates of the Moon;Arryn;Arryn;Arryn;;A red sledgehammer;red;#B22222;Edmund;;awoiaf.westeros.org/index.php/House_Breakstone;
The Vale;House Crayne;Other;pomniejszy_rod;;535.9;588.3;The Eyrie;0;village_EN1_3|Monton;D;przy panu (Arryn), siedziba nieopublikowana;Arryn;Arryn;Arryn;;;;;Symond;;awoiaf.westeros.org/index.php/House_Crayne;siedziba nieopublikowana / bez opisu - rod swobodny w krainie pana
The Vale;House Donniger;Other;pomniejszy_rod;;535.9;588.3;The Eyrie;0;village_EN1_3|Monton;D;przy panu (Arryn), siedziba nieopublikowana;Arryn;Arryn;Arryn;;A red sun rising from a grey-green sea against a yellow sky;"red;grey;green";"#B22222;#808080;#2E7D32";;;awoiaf.westeros.org/index.php/House_Donniger;siedziba nieopublikowana / bez opisu - rod swobodny w krainie pana
The Vale;House Dutton;Other;pomniejszy_rod;;535.9;588.3;The Eyrie;0;village_EN1_3|Monton;D;przy panu (Arryn), siedziba nieopublikowana;Arryn;Arryn;Arryn;;;;;;;awoiaf.westeros.org/index.php/House_Dutton;siedziba nieopublikowana / bez opisu - rod swobodny w krainie pana
The Vale;House Egen;Other;pomniejszy_rod;;535.9;588.3;The Eyrie;0;village_EN1_3|Monton;D;przy panu (Arryn), siedziba nieopublikowana;Arryn;Arryn;Arryn;;Yellow sun, white crescent moon, and silver star on blue chief above white;"white;gold;silver";"#F2F2EE;#D4A017;#C0C0C0";Vardis;;awoiaf.westeros.org/index.php/House_Egen;siedziba nieopublikowana / bez opisu - rod swobodny w krainie pana
The Vale;House Hersy;Other;pomniejszy_rod;Newkeep;689.2;622.8;Longbow Hall;29;castle_village_EN4_2|Newkeep;A-;name=village;Arryn;Arryn;Hunter;;A white winged chalice on pink;"pink;white";"#E8A0B4;#F2F2EE";;;awoiaf.westeros.org/index.php/House_Hersy;
The Vale;House Lipps;Other;pomniejszy_rod;;535.9;588.3;The Eyrie;0;village_EN1_3|Monton;D;przy panu (Arryn), siedziba nieopublikowana;Arryn;Arryn;Arryn;;Two large pink lips, on a dark blue field;"blue;pink";"#2F5DA8;#E8A0B4";Ossifer;;awoiaf.westeros.org/index.php/House_Lipps;siedziba nieopublikowana / bez opisu - rod swobodny w krainie pana
The Vale;House Melcolm;Other;pomniejszy_rod;Old Anchor;667.2;593.4;Longbow Hall;17;castle_village_EN4_1|Merling's Cliff;B;mapa AWOIAF (Vale);Arryn;Arryn;Hunter;;A rusty anchor on turquoise beneath yellow chief with three blue plates;"blue;gold";"#2F5DA8;#D4A017";;;awoiaf.westeros.org/index.php/House_Melcolm;
The Vale;House Moore;Other;pomniejszy_rod;;535.9;588.3;The Eyrie;0;village_EN1_3|Monton;D;przy panu (Arryn), siedziba nieopublikowana;Arryn;Arryn;Arryn;;Three bronze spearheads on white, a bronze border embattled;"white;bronze";"#F2F2EE;#A97142";Maladon Perianne Mandon;;awoiaf.westeros.org/index.php/House_Moore;siedziba nieopublikowana / bez opisu - rod swobodny w krainie pana
The Vale;House Upcliff;Other;pomniejszy_rod;Witch Isle;535.9;588.3;The Eyrie;0;village_EN1_3|Monton;D;przy panu (Arryn), siedziba nieopublikowana;Arryn;Arryn;Arryn;;A cresting wave, sea green on black;"black;green";"#1A1A1A;#2E7D32";Ursula Arwen;;awoiaf.westeros.org/index.php/House_Upcliff;siedziba nieopublikowana / bez opisu - rod swobodny w krainie pana
The Vale;House Wydman;Other;pomniejszy_rod;;535.9;588.3;The Eyrie;0;village_EN1_3|Monton;D;przy panu (Arryn), siedziba nieopublikowana;Arryn;Arryn;Arryn;;5 splintered lances, 3-2, striped blue and white with blue pennons, on yellow, beneath a white chief;"gold;blue;white";"#D4A017;#2F5DA8;#F2F2EE";;;awoiaf.westeros.org/index.php/House_Wydman;siedziba nieopublikowana / bez opisu - rod swobodny w krainie pana
The Vale;House Brightstone;Extinct;wymarly_historia;;535.9;588.3;The Eyrie;0;village_EN1_3|Monton;D;przy panu (Arryn), siedziba nieopublikowana;;Arryn;Arryn;;;;;Jon;;awoiaf.westeros.org/index.php/House_Brightstone;siedziba nieopublikowana / bez opisu - rod swobodny w krainie pana
The Vale;House Shell (Vale);Extinct;wymarly_historia;;595.6;674.3;Coldwater Burn;0;castle_village_S1_1|Gull Point;C;opis: Fingers;;Arryn;Coldwater;;;;;Dywen;;awoiaf.westeros.org/index.php/House_Shell_(Vale);
The Westerlands;House Banefort;Lordly;pan_okregu_ROT;Banefort;209.7;531.8;Banefort;0;ROT_castle20_village1|Bane Village;A;name=castle;Lannister;Lannister;Banefort;ROTclan_59 Banefort;A hooded man, black on grey, within a fiery tressure;"grey;black";"#808080;#1A1A1A";Quenten Morgon;;awoiaf.westeros.org/index.php/House_Banefort;
The Westerlands;House Brax;Lordly;pan_okregu_ROT;Hornvale;296.2;411.8;Hornvale;0;ROT_town29_village2|Hillfork;A;name=town;Lannister;Lannister;Brax;ROTclan_44 Brax;A purple unicorn on silver;"silver;purple";"#C0C0C0;#6A3D9A";Tytos Flement Andros Rupert Robert Walder Jon Cerissa;;awoiaf.westeros.org/index.php/House_Brax;
The Westerlands;House Clegane;Knightly;pan_okregu_ROT;Clegane's Keep;213.4;342.1;Clegane's Keep;0;castle_village_V4_1|Dogtown;A;name=castle;Lannister;Lannister;Clegane;clan_vlandia_5 Clegane;Three black dogs running on yellow;"gold;black";"#D4A017;#1A1A1A";Gregor Sandor;;awoiaf.westeros.org/index.php/House_Clegane;
The Westerlands;House Crakehall;Lordly;pan_okregu_ROT;Crakehall;144.7;338.3;Crakehall;0;village_V9_4|Sunset Beach;A;name=castle;Lannister;Lannister;Lannister;clan_vlandia_9 Crakehall;A black and white brindled boar on brown;"brown;black;white";"#7A5230;#1A1A1A;#F2F2EE";Tybolt Aubrey Clarent Sumner Amarei Burton Lyle Merlon Shiera Melesa;;awoiaf.westeros.org/index.php/House_Crakehall;
The Westerlands;House Farman;Lordly;pan_okregu_ROT;Faircastle;160.1;465.1;Faircastle;0;ROT_castle59_village1|Fair Village;A;name=castle;Lannister;Lannister;Farman;ROTclan_124 Farman;Three silver ships on blue, a border of crimson and gold;"blue;silver;red";"#2F5DA8;#C0C0C0;#B22222";Sebaston Gylbert Marq Androw Elissa Franklyn Lysa Jeyne Alysanne;;awoiaf.westeros.org/index.php/House_Farman;
The Westerlands;House Kenning of Kayce;Lordly;pan_okregu_ROT;Kayce;138.8;430.0;Kayce;0;village_V8_3|Feastfires;A;name=town;Lannister;Lannister;Kenning;clan_vlandia_7 Kenning;Four sunbursts countercharged on quartered orange and black;"orange;black";"#E07B24;#1A1A1A";Terrence Herrock;;awoiaf.westeros.org/index.php/House_Kenning_of_Kayce;
The Westerlands;House Lannister;Great;pan_okregu_ROT;Casterly Rock;173.0;412.1;Casterly Rock;0;village_V8_2|Whoreson;A;alias->castle;Baratheon of King's Landing;Lannister;Kenning;clan_vlandia_1 Lannister;A roaring lion, gold on crimson;"red;gold";"#B22222;#D4A017";Cersei Tyrion Tywin Jaime Joffrey Cerion Lelia Lyman Jocasta Tymond;;awoiaf.westeros.org/index.php/House_Lannister;
The Westerlands;House Lefford;Lordly;pan_okregu_ROT;Golden Tooth;280.8;431.7;Goldentooth;0;castle_village_V6_2|Toothmarket;A;alias->castle;Lannister;Lannister;Lefford;clan_vlandia_6 Lefford;A golden inverted pile on sky blue, a yellow sun in the first;"blue;gold";"#2F5DA8;#D4A017";Alysanne Leo Humfrey Leonella Myranda;;awoiaf.westeros.org/index.php/House_Lefford;
The Westerlands;House Lydden;Lordly;pan_okregu_ROT;Deep Den;303.4;386.2;Deep Den;0;ROT_town29_village2|Hillfork;A;name=castle;Lannister;Lannister;Brax;ROTclan_131 Lydden;A white badger on per pale green and brown;"green;white;brown";"#2E7D32;#F2F2EE;#7A5230";Lewys Jeyne;;awoiaf.westeros.org/index.php/House_Lydden;
The Westerlands;House Marbrand;Lordly;pan_okregu_ROT;Ashemark;241.1;455.8;Ashemark;0;ROT_castle40_village1|Ashemark Mines;A;name=castle;Lannister;Lannister;Marbrand;ROTclan_108 Marbrand;A burning tree, orange on smoke;"grey;orange";"#808080;#E07B24";Damon Addam Lorent Denys Jeyne Alyn Darlessa;;awoiaf.westeros.org/index.php/House_Marbrand;
The Westerlands;House Sarsfield;Other;pan_okregu_ROT;Sarsfield;228.6;404.5;Sarsfield;0;ROT_castle64_village2|Tarbeck Village;A;name=castle;Lannister;Lannister;Sarsfield;ROTclan_132 Sarsfield;A green arrow on white bend on green;"white;green";"#F2F2EE;#2E7D32";Melwyn;;awoiaf.westeros.org/index.php/House_Sarsfield;
The Westerlands;House Serrett;Lordly;pan_okregu_ROT;Silverhill;300.2;343.4;Silverhill;0;ROT_town29_village3|Manderstone;A;name=castle;Lannister;Lannister;Brax;ROTclan_60 Serrett;A peacock in his pride on cream;white;#F2F2EE;;;awoiaf.westeros.org/index.php/House_Serrett;
The Westerlands;House Swyft;Knightly;pan_okregu_ROT;Cornfield;191.9;313.2;Cornfield;0;castle_village_ES5_1|Cornhall's;A;name=castle;Lannister;Lannister;Swyft;clan_vlandia_8 Swyft;A blue bantam rooster on yellow;"gold;blue";"#D4A017;#2F5DA8";Harys Steffon Harrold Dorna Jocelyn Humfrey Joanna Shierle;;awoiaf.westeros.org/index.php/House_Swyft;
The Westerlands;House Westerling;Lordly;pan_okregu_ROT;Crag;189.1;474.8;The Crag;0;castle_village_EN6_1|Pendric;A;alias->castle;Lannister;Lannister;Westerling;ROTclan_45 Westerling;Six white seashells on sand;"sand;white";"#D8C38A;#F2F2EE";Gawen Rollam Harrold Roland Ormond Elys Jeyne Eleyna Raynald Johanna;;awoiaf.westeros.org/index.php/House_Westerling;
The Westerlands;House Estren;Lordly;pomniejszy_rod_lord;Wyndhall;173.0;412.1;Casterly Rock;0;village_V8_2|Whoreson;D;przy panu (Lannister), siedziba nieopublikowana;Lannister;Lannister;Kenning;;A green saltire between four red double-headed eagles on white;"white;green;red";"#F2F2EE;#2E7D32;#B22222";Regenard;;awoiaf.westeros.org/index.php/House_Estren;siedziba nieopublikowana / bez opisu - rod swobodny w krainie pana
The Westerlands;House Falwell;Lordly;pomniejszy_rod_lord;;173.0;412.1;Casterly Rock;0;village_V8_2|Whoreson;C;opis: Casterly Rock;Lannister;Lannister;Kenning;;A fool in red and gold motley juggling five suns on black;"black;red;gold";"#1A1A1A;#B22222;#D4A017";Rupert;;awoiaf.westeros.org/index.php/House_Falwell;
The Westerlands;House Jast;Lordly;pomniejszy_rod_lord;;173.0;412.1;Casterly Rock;0;village_V8_2|Whoreson;D;przy panu (Lannister), siedziba nieopublikowana;Lannister;Lannister;Kenning;;An inverted pall between 3 lion's heads, yellow on black;"black;gold";"#1A1A1A;#D4A017";Antario;;awoiaf.westeros.org/index.php/House_Jast;siedziba nieopublikowana / bez opisu - rod swobodny w krainie pana
The Westerlands;House Moreland;Lordly;pomniejszy_rod_lord;;173.0;412.1;Casterly Rock;0;village_V8_2|Whoreson;D;przy panu (Lannister), siedziba nieopublikowana;Lannister;Lannister;Kenning;;Per pale barry: russet and green;"brown;green";"#7A5230;#2E7D32";Robin;;awoiaf.westeros.org/index.php/House_Moreland;siedziba nieopublikowana / bez opisu - rod swobodny w krainie pana
The Westerlands;House Plumm;Lordly;pomniejszy_rod_lord;;173.0;412.1;Casterly Rock;0;village_V8_2|Whoreson;D;przy panu (Lannister), siedziba nieopublikowana;Lannister;Lannister;Kenning;;Three purple roundels, on a gold field;"gold;purple";"#D4A017;#6A3D9A";Philip Dennis Ossifer Viserys Petyr Maynard Ben Harwyn Peter;;awoiaf.westeros.org/index.php/House_Plumm;siedziba nieopublikowana / bez opisu - rod swobodny w krainie pana
The Westerlands;House Prester;Lordly;pomniejszy_rod_lord;Feastfires;131.1;414.5;Kayce;17;village_V8_3|Feastfires;A-;name=village;Lannister;Lannister;Kenning;;A red ox on ermine;"white;red";"#F2F2EE;#B22222";Garrison Marla Forley;;awoiaf.westeros.org/index.php/House_Prester;
The Westerlands;House Spicer;Lordly;pomniejszy_rod_lord;Castamere;201.7;471.7;The Crag;13;castle_village_EN6_1|Pendric;B;mapa AWOIAF (Westerlands);Lannister;Lannister;Westerling;;3 pepperpots on a saffron bend, upon green and silver stripes;"gold;green;silver";"#D4A017;#2E7D32;#C0C0C0";Rolph Sybell Samwell;;awoiaf.westeros.org/index.php/House_Spicer;
The Westerlands;House Stackspear;Lordly;pomniejszy_rod_lord;;173.0;412.1;Casterly Rock;0;village_V8_2|Whoreson;C;opis: Casterly Rock;Lannister;Lannister;Kenning;;Crossed black spears on checkered silver and gold;"silver;black;gold";"#C0C0C0;#1A1A1A;#D4A017";Selmond Steffon Willam Alys Alyn Walder;;awoiaf.westeros.org/index.php/House_Stackspear;
The Westerlands;House Clifton;Knightly;rycerz_z_ziemia;;160.1;465.1;Faircastle;0;ROT_castle59_village1|Fair Village;C;opis: Fair Isle;Farman;Lannister;Farman;;;;;Gareth Hugh Humfrey;;awoiaf.westeros.org/index.php/House_Clifton;
The Westerlands;House Greenfield;Knightly;rycerz_z_ziemia;Greenfield;173.0;412.1;Casterly Rock;0;village_V8_2|Whoreson;D;przy panu (Lannister), siedziba nieopublikowana;Lannister;Lannister;Kenning;;A double tressure white on green;"green;white";"#2E7D32;#F2F2EE";Garth Myles Preston;;awoiaf.westeros.org/index.php/House_Greenfield;siedziba nieopublikowana / bez opisu - rod swobodny w krainie pana
The Westerlands;House Hetherspoon;Knightly;rycerz_z_ziemia;;173.0;412.1;Casterly Rock;0;village_V8_2|Whoreson;C;opis: Casterly Rock;Lannister;Lannister;Kenning;;An oak spoon within a white cartouche on orange and black lozengy;"orange;brown;white";"#E07B24;#7A5230;#F2F2EE";Tybolt Melara;;awoiaf.westeros.org/index.php/House_Hetherspoon;
The Westerlands;House Lorch;Knightly;rycerz_z_ziemia;;173.0;412.1;Casterly Rock;0;village_V8_2|Whoreson;D;przy panu (Lannister), siedziba nieopublikowana;Lannister;Lannister;Kenning;;A black manticore on white, beneath a crimson chief with three gold coins;"white;black;red";"#F2F2EE;#1A1A1A;#B22222";Lorent Lyonel Amory;;awoiaf.westeros.org/index.php/House_Lorch;siedziba nieopublikowana / bez opisu - rod swobodny w krainie pana
The Westerlands;House Ruttiger;Knightly;rycerz_z_ziemia;;173.0;412.1;Casterly Rock;0;village_V8_2|Whoreson;C;opis: Casterly Rock;Lannister;Lannister;Kenning;;An orange bend engrailed on black;"black;orange";"#1A1A1A;#E07B24";Raynard;;awoiaf.westeros.org/index.php/House_Ruttiger;
The Westerlands;House Vikary;Knightly;rycerz_z_ziemia;;173.0;412.1;Casterly Rock;0;village_V8_2|Whoreson;C;opis: Casterly Rock;Lannister;Lannister;Kenning;;Quarterly: a red boar's head on white, beneath a gold bend sinister a silver lion rampant regardant;"white;red;gold";"#F2F2EE;#B22222;#D4A017";Lymond;;awoiaf.westeros.org/index.php/House_Vikary;
The Westerlands;House Yew;Knightly;rycerz_z_ziemia;;173.0;412.1;Casterly Rock;0;village_V8_2|Whoreson;D;przy panu (Lannister), siedziba nieopublikowana;Lannister;Lannister;Kenning;;A golden longbow on white between two crimson flaunches;"red;gold;white";"#B22222;#D4A017;#F2F2EE";Manfryd;;awoiaf.westeros.org/index.php/House_Yew;siedziba nieopublikowana / bez opisu - rod swobodny w krainie pana
The Westerlands;House Algood;Other;pomniejszy_rod;;173.0;412.1;Casterly Rock;0;village_V8_2|Whoreson;D;przy panu (Lannister), siedziba nieopublikowana;Lannister;Lannister;Kenning;;A golden wreath on blue, a gold border;"blue;gold";"#2F5DA8;#D4A017";;;awoiaf.westeros.org/index.php/House_Algood;siedziba nieopublikowana / bez opisu - rod swobodny w krainie pana
The Westerlands;House Bettley;Other;pomniejszy_rod;;454.1;477.5;Harrenhal;0;ROT_town32_village1|Cog Water;C;opis: Harrenhal;Lannister;Lannister;Clegane;;Three blue beetles on gold;"gold;blue";"#D4A017;#2F5DA8";Jon;;awoiaf.westeros.org/index.php/House_Bettley;
The Westerlands;House Broom;Other;pomniejszy_rod;;173.0;412.1;Casterly Rock;0;village_V8_2|Whoreson;D;przy panu (Lannister), siedziba nieopublikowana;Lannister;Lannister;Kenning;;A silver helm crested with a sprig of broom on black and green checks;"green;silver;black";"#2E7D32;#C0C0C0;#1A1A1A";Benedict;;awoiaf.westeros.org/index.php/House_Broom;siedziba nieopublikowana / bez opisu - rod swobodny w krainie pana
The Westerlands;House Broome;Other;pomniejszy_rod;;173.0;412.1;Casterly Rock;0;village_V8_2|Whoreson;D;przy panu (Lannister), siedziba nieopublikowana;Lannister;Lannister;Kenning;;;;;Lucinda Ella Alfred;;awoiaf.westeros.org/index.php/House_Broome;siedziba nieopublikowana / bez opisu - rod swobodny w krainie pana
The Westerlands;House Doggett;Other;pomniejszy_rod;;173.0;412.1;Casterly Rock;0;village_V8_2|Whoreson;D;przy panu (Lannister), siedziba nieopublikowana;Lannister;Lannister;Kenning;;Per bend a white unicorn on green, a black raven on white;"green;white;black";"#2E7D32;#F2F2EE;#1A1A1A";Joffrey;;awoiaf.westeros.org/index.php/House_Doggett;siedziba nieopublikowana / bez opisu - rod swobodny w krainie pana
The Westerlands;House Drox;Other;pomniejszy_rod;;173.0;412.1;Casterly Rock;0;village_V8_2|Whoreson;D;przy panu (Lannister), siedziba nieopublikowana;Lannister;Lannister;Kenning;;3 black crossbows, on gold, a black border;"gold;black";"#D4A017;#1A1A1A";;;awoiaf.westeros.org/index.php/House_Drox;siedziba nieopublikowana / bez opisu - rod swobodny w krainie pana
The Westerlands;House Ferren;Other;pomniejszy_rod;;454.1;477.5;Harrenhal;0;ROT_town32_village1|Cog Water;C;opis: Harrenhal;Lannister;Lannister;Clegane;;Per saltire, red and gold checks, a silver and black ferret on green;"green;red;gold";"#2E7D32;#B22222;#D4A017";;;awoiaf.westeros.org/index.php/House_Ferren;
The Westerlands;House Foote;Other;pomniejszy_rod;;173.0;412.1;Casterly Rock;0;village_V8_2|Whoreson;D;przy panu (Lannister), siedziba nieopublikowana;Lannister;Lannister;Kenning;;A copper dagger across a black chevron on white;"white;bronze;black";"#F2F2EE;#A97142;#1A1A1A";Philip;;awoiaf.westeros.org/index.php/House_Foote;siedziba nieopublikowana / bez opisu - rod swobodny w krainie pana
The Westerlands;House Garner;Other;pomniejszy_rod;;173.0;412.1;Casterly Rock;0;village_V8_2|Whoreson;D;przy panu (Lannister), siedziba nieopublikowana;Lannister;Lannister;Kenning;;Three grey owls upon white plates on green;"green;grey;white";"#2E7D32;#808080;#F2F2EE";Alyn;;awoiaf.westeros.org/index.php/House_Garner;siedziba nieopublikowana / bez opisu - rod swobodny w krainie pana
The Westerlands;House Hamell;Other;pomniejszy_rod;;173.0;412.1;Casterly Rock;0;village_V8_2|Whoreson;C;opis: Casterly Rock;Lannister;Lannister;Kenning;;An erminois maunch on pink, an erminois border;pink;#E8A0B4;;;awoiaf.westeros.org/index.php/House_Hamell;
The Westerlands;House Hawthorne;Other;pomniejszy_rod;;173.0;412.1;Casterly Rock;0;village_V8_2|Whoreson;D;przy panu (Lannister), siedziba nieopublikowana;Lannister;Lannister;Kenning;;A ring of black thorns and a ring of pink flowers, interlocked, on green;"green;black;pink";"#2E7D32;#1A1A1A;#E8A0B4";;;awoiaf.westeros.org/index.php/House_Hawthorne;siedziba nieopublikowana / bez opisu - rod swobodny w krainie pana
The Westerlands;House Kyndall;Other;pomniejszy_rod;;173.0;412.1;Casterly Rock;0;village_V8_2|Whoreson;D;przy panu (Lannister), siedziba nieopublikowana;Lannister;Lannister;Kenning;;;;;Teora;;awoiaf.westeros.org/index.php/House_Kyndall;siedziba nieopublikowana / bez opisu - rod swobodny w krainie pana
The Westerlands;House Lannett;Other;pomniejszy_rod;Lannisport;165.8;396.3;Lannisport;0;village_V9_1|Lonely Slo;A;alias->town;Lannister;Lannister;Lannister;;;;;;;awoiaf.westeros.org/index.php/House_Lannett;
The Westerlands;House Lannister of Lannisport;Other;pomniejszy_rod;Lannisport;165.8;396.3;Lannisport;0;village_V9_1|Lonely Slo;A;alias->town;Lannister;Lannister;Lannister;;;;;Jason Stafford Tywin Ella Damion Rosamund Tyrion Theomore;;awoiaf.westeros.org/index.php/House_Lannister_of_Lannisport;
The Westerlands;House Lanny;Other;pomniejszy_rod;Lannisport;165.8;396.3;Lannisport;0;village_V9_1|Lonely Slo;A;alias->town;Lannister;Lannister;Lannister;;;;;;;awoiaf.westeros.org/index.php/House_Lanny;
The Westerlands;House Lantell;Other;pomniejszy_rod;Lannisport;165.8;396.3;Lannisport;0;village_V9_1|Lonely Slo;A;alias->town;Lannister;Lannister;Lannister;;;;;;;awoiaf.westeros.org/index.php/House_Lantell;
The Westerlands;House Myatt;Other;pomniejszy_rod;;454.1;477.5;Harrenhal;0;ROT_town32_village1|Cog Water;C;opis: Gods Eye river;Lannister;Lannister;Clegane;;A spotted tree cat, yellow and black, on mud brown;"brown;gold;black";"#7A5230;#D4A017;#1A1A1A";;;awoiaf.westeros.org/index.php/House_Myatt;
The Westerlands;House Payne;Other;pomniejszy_rod;;173.0;412.1;Casterly Rock;0;village_V8_2|Whoreson;D;przy panu (Lannister), siedziba nieopublikowana;Lannister;Lannister;Kenning;;Checkered purple and white, within each square a golden coin;"purple;white;gold";"#6A3D9A;#F2F2EE;#D4A017";Ilyn Podrick Cedric;;awoiaf.westeros.org/index.php/House_Payne;siedziba nieopublikowana / bez opisu - rod swobodny w krainie pana
The Westerlands;House Peckledon;Other;pomniejszy_rod;;173.0;412.1;Casterly Rock;0;village_V8_2|Whoreson;D;przy panu (Lannister), siedziba nieopublikowana;Lannister;Lannister;Kenning;;Ten mullets, 4-3-2-1, purple on yellow;"gold;purple";"#D4A017;#6A3D9A";Josmyn;;awoiaf.westeros.org/index.php/House_Peckledon;siedziba nieopublikowana / bez opisu - rod swobodny w krainie pana
The Westerlands;House Stilwood;Other;pomniejszy_rod;;173.0;412.1;Casterly Rock;0;village_V8_2|Whoreson;D;przy panu (Lannister), siedziba nieopublikowana;Lannister;Lannister;Kenning;;;;;Joss;;awoiaf.westeros.org/index.php/House_Stilwood;siedziba nieopublikowana / bez opisu - rod swobodny w krainie pana
The Westerlands;House Turnberry;Other;pomniejszy_rod;;173.0;412.1;Casterly Rock;0;village_V8_2|Whoreson;C;opis: Casterly Rock;Lannister;Lannister;Kenning;;9 strawberries on a white saltire, on green and red vairy in point;"white;green;red";"#F2F2EE;#2E7D32;#B22222";Lambert Alys;;awoiaf.westeros.org/index.php/House_Turnberry;
The Westerlands;House Yarwyck;Other;pomniejszy_rod;;173.0;412.1;Casterly Rock;0;village_V8_2|Whoreson;D;przy panu (Lannister), siedziba nieopublikowana;Lannister;Lannister;Kenning;;2 bronze halberds crossed between 4 red diamonds, on white;"white;bronze;red";"#F2F2EE;#A97142;#B22222";Othell;;awoiaf.westeros.org/index.php/House_Yarwyck;siedziba nieopublikowana / bez opisu - rod swobodny w krainie pana
The Westerlands;House Casterly;Extinct;wymarly_historia;Casterly Rock;173.0;412.1;Casterly Rock;0;village_V8_2|Whoreson;A;alias->castle;;Lannister;Kenning;;Unknown, but lion;;;;;awoiaf.westeros.org/index.php/House_Casterly;
The Westerlands;House Parren;Extinct;wymarly_historia;;173.0;412.1;Casterly Rock;0;village_V8_2|Whoreson;D;przy panu (Lannister), siedziba nieopublikowana;Lannister;Lannister;Kenning;;Per saltire: burgundy and white stripes, a black lion's head on gold;"gold;burgundy;white";"#D4A017;#7B1E3A;#F2F2EE";;;awoiaf.westeros.org/index.php/House_Parren;siedziba nieopublikowana / bez opisu - rod swobodny w krainie pana
The Westerlands;House Reyne;Extinct;wymarly_historia;Castamere;201.7;471.7;The Crag;13;castle_village_EN6_1|Pendric;B;mapa AWOIAF (Westerlands);Lannister;Lannister;Westerling;;A red lion rampant regardant with a forked tail, armed and langued gold, on silver;"silver;red;gold";"#C0C0C0;#B22222;#D4A017";Alastor Robb Robert Ellyn Roger Reynard;;awoiaf.westeros.org/index.php/House_Reyne;
The Westerlands;House Tarbeck;Extinct;wymarly_historia;Tarbeck Hall;235.0;418.0;Sarsfield;15;ROT_castle64_village2|Tarbeck Village;A-;alias->village;Lannister;Lannister;Sarsfield;;A 7-pointed star, countercharged, on gyronny silver and blue;"silver;blue";"#C0C0C0;#2F5DA8";Alyn Adrian Walderan Tion Rohanne Cyrelle;;awoiaf.westeros.org/index.php/House_Tarbeck;
The Reach;House Ashford;Lordly;pan_okregu_ROT;Ashford;368.4;232.7;Ashford;0;village_V1_3|Cockleswent;A;name=town;Tyrell;Tyrell;Ashford;clan_empire_west_8 Ashford;A white sun-and-chevron on orange;"orange;white";"#E07B24;#F2F2EE";Alyn Androw Robert;;awoiaf.westeros.org/index.php/House_Ashford;
The Reach;House Beesbury;Lordly;pan_okregu_ROT;Honeyholt;184.8;167.1;Honeyholt;0;village_V6_4|Beehive;A;name=castle;Hightower;Tyrell;Hightower;ROTclan_62 Beesbury;Three yellow beehives on a black pale on a field paly black and yellow;"black;gold";"#1A1A1A;#D4A017";Warryn Braxton Lyman Alan Humfrey Ben Bertram Hugh Jeyne Beony;;awoiaf.westeros.org/index.php/House_Beesbury;
The Reach;House Blackbar;Lordly;pan_okregu_ROT;Bandallon;146.9;192.2;Bandallon;0;ROT_castle23_village2|Honeypath;A;name=castle;Tyrell;Tyrell;Blackbar;ROTclan_63 Blackbar;A black fess on silver;"silver;black";"#C0C0C0;#1A1A1A";Elwood Leo;;awoiaf.westeros.org/index.php/House_Blackbar;
The Reach;House Bulwer;Lordly;pan_okregu_ROT;Blackcrown;141.9;128.6;Blackcrown;0;castle_village_V2_1|High Sunset;A;name=castle;Hightower;Tyrell;Bulwer;ROTclan_66 Bulwer;A bull's skull, bone on blood;"red;white";"#B22222;#F2F2EE";Alysanne Humphrey Buford Jon Jack;;awoiaf.westeros.org/index.php/House_Bulwer;
The Reach;House Caswell;Lordly;pan_okregu_ROT;Bitterbridge;417.9;285.8;Bitterbridge;0;village_ES7_2|Rosewood;A;name=castle;Tyrell;Tyrell;Footly;ROTclan_61 Caswell;A yellow centaur with bow on white;"white;gold";"#F2F2EE;#D4A017";Lorent Orbert Armond Joffrey Cleyton;;awoiaf.westeros.org/index.php/House_Caswell;
The Reach;House Crane;Other;pan_okregu_ROT;Red Lake;233.2;294.8;Red Lake;0;castle_village_ES5_2|Farmstead;A;name=castle;Tyrell;Tyrell;Swyft;ROTclan_110 Crane;A vee of golden cranes on pale blue;"blue;gold";"#2F5DA8;#D4A017";Ellard Parmen Meredyth Vortimer Melara Rycherd;;awoiaf.westeros.org/index.php/House_Crane;
The Reach;House Cuy;Lordly;pan_okregu_ROT;Sunhouse;222.0;71.7;Sunhouse;0;castle_village_V7_1|Sunflower;A;name=castle;Hightower;Tyrell;Cuy;ROTclan_64 Cuy;Six yellow flowers on blue;"blue;gold";"#2F5DA8;#D4A017";Branston Emmon;;awoiaf.westeros.org/index.php/House_Cuy;
The Reach;House Florent;Lordly;pan_okregu_ROT;Brightwater Keep;197.0;195.7;Brightwater Keep;0;ROT_castle62_village1|Brightwater Village;A;name=castle;Tyrell;Tyrell;Florent;ROTclan_127 Florent;A red fox in a circle of blue flowers on ermine;"white;red;blue";"#F2F2EE;#B22222;#2F5DA8";Alekyne Melessa Aladore Jon Selyse Delena Colin Axell Alester Erren;;awoiaf.westeros.org/index.php/House_Florent;
The Reach;House Footly;Lordly;pan_okregu_ROT;Tumbleton;469.5;307.9;Tumbleton;0;village_ES7_2|Rosewood;A;name=town;Tyrell;Tyrell;Footly;clan_empire_west_7 Footly;A field of silver caltrops on black;"black;silver";"#1A1A1A;#C0C0C0";Sharis;;awoiaf.westeros.org/index.php/House_Footly;
The Reach;House Hewett;Lordly;pan_okregu_ROT;Lord Hewett's castle;198.5;254.2;Lord Hewett's Town;0;ROT_town27_village3|Oakendale;A;alias->town;Tyrell;Tyrell;Hewett;ROTclan_128 Hewett;An oaken escutcheon studded with iron, a field bendy of undulating blue and white;"grey;blue;white";"#808080;#2F5DA8;#F2F2EE";Glendon Humfrey;;awoiaf.westeros.org/index.php/House_Hewett;
The Reach;House Hightower;Lordly;pan_okregu_ROT;Hightower;185.1;138.8;Oldtown;0;village_V6_2|Honeybank;A;alias->town;Tyrell;Tyrell;Hightower;clan_vlandia_4 Hightower;A white tower topped with flames on smoke grey;"grey;white";"#808080;#F2F2EE";Leyton Baelor Alerie Lynesse Alicent Urrigon Peremore Lymond Runcel Ceryse;;awoiaf.westeros.org/index.php/House_Hightower;
The Reach;House Oakheart;Lordly;pan_okregu_ROT;Old Oak;199.9;275.2;Old Oak;0;ROT_castle41_village2|Horseshoe Hills;A;name=castle;Tyrell;Tyrell;Crane;ROTclan_65 Oakheart;Three green oak leaves on gold;"gold;green;brown";"#D4A017;#2E7D32;#7A5230";Arwyn Edgerran Alester Alys Torgen Arthor Denys Olyvar Gwayne Arys;;awoiaf.westeros.org/index.php/House_Oakheart;
The Reach;House Redwyne;Lordly;pan_okregu_ROT;Arbor;139.1;67.5;Arbor;0;village_V7_1|Ramsport;A;name=town;Tyrell;Tyrell;Redwyne;clan_vlandia_11 Redwyne;A burgundy grape cluster on blue;"blue;burgundy";"#2F5DA8;#7B1E3A";Paxter Horas Manfryd Robert Rickard Ryam Patricia Bethany Hobber Runceford;;awoiaf.westeros.org/index.php/House_Redwyne;
The Reach;House Rowan;Lordly;pan_okregu_ROT;Goldengrove;315.7;293.1;Goldengrove;0;castle_village_V8_1|Appleton;A;name=castle;Tyrell;Tyrell;Rowan;ROTclan_20 Rowan;A golden tree on silver;"silver;gold";"#C0C0C0;#D4A017";Mathis Rickard Thaddeus Nyles Rhonda Jeyne Robert;;awoiaf.westeros.org/index.php/House_Rowan;
The Reach;House Tarly;Lordly;pan_okregu_ROT;Horn Hill;263.4;184.1;Hornhill;0;castle_village_V1_2|Uplands;A;alias->castle;Tyrell;Tyrell;Tarly;clan_vlandia_2 Tarly;A striding red huntsman on green;"green;red";"#2E7D32;#B22222";Randyll Dickon Alan Samwyle Samwell Talla Donald Samantha Sansara;1;awoiaf.westeros.org/index.php/House_Tarly;
The Reach;House Tyrell;Great;pan_okregu_ROT;Highgarden;277.5;237.0;Highgarden;0;village_V5_1|Manderbank;A;alias->town;Baratheon of King's Landing;Tyrell;Tyrell;clan_empire_west_1 Tyrell;A golden rose on green;"green;gold;pink";"#2E7D32;#D4A017;#E8A0B4";Mace Willas Alester Gareth Osmund Robert Harlan Quentin Loras Garlan;;awoiaf.westeros.org/index.php/House_Tyrell;
The Reach;House Ambrose;Lordly;pomniejszy_rod_lord;;277.5;237.0;Highgarden;0;village_V5_1|Manderbank;D;przy panu (Tyrell), siedziba nieopublikowana;Tyrell;Tyrell;Tyrell;;A yellow field strewn with red ants;"gold;red";"#D4A017;#B22222";Arthur Alyn Aegon Marq Aubrey Edmund;;awoiaf.westeros.org/index.php/House_Ambrose;siedziba nieopublikowana / bez opisu - rod swobodny w krainie pana
The Reach;House Chester;Lordly;pomniejszy_rod_lord;Greenshield;182.5;259.5;Lord Hewett's Town;17;ROT_town27_village2|Greenshield;A-;alias->village;Tyrell;Tyrell;Hewett;;A green hand on a gold escutcheon on a green field, a border of red rayonne;"gold;green;red";"#D4A017;#2E7D32;#B22222";Moribald;;awoiaf.westeros.org/index.php/House_Chester;
The Reach;House Cockshaw;Lordly;pomniejszy_rod_lord;;277.5;237.0;Highgarden;0;village_V5_1|Manderbank;D;przy panu (Tyrell), siedziba nieopublikowana;Tyrell;Tyrell;Tyrell;;Three feathers, red, white and gold, on black;"black;red;white";"#1A1A1A;#B22222;#F2F2EE";Alyn;;awoiaf.westeros.org/index.php/House_Cockshaw;siedziba nieopublikowana / bez opisu - rod swobodny w krainie pana
The Reach;House Costayne;Lordly;pomniejszy_rod_lord;Three Towers;162.3;114.3;Blackcrown;25;village_V6_1|Whispering Sound;B;mapa AWOIAF (Reach);Hightower;Tyrell;Hightower;;Quartered clockwise: a silver chalice on black, a black rose on yellow;"black;silver;pink";"#1A1A1A;#C0C0C0;#E8A0B4";Elinor Owen Leo Tom Aemon;;awoiaf.westeros.org/index.php/House_Costayne;
The Reach;House Graceford;Lordly;pomniejszy_rod_lord;Holyhall;277.5;237.0;Highgarden;0;village_V5_1|Manderbank;D;przy panu (Tyrell), siedziba nieopublikowana;Tyrell;Tyrell;Tyrell;;The Mother's face upon white pale wavy dividing a brown field;"white;brown";"#F2F2EE;#7A5230";Alyce George Harys;;awoiaf.westeros.org/index.php/House_Graceford;siedziba nieopublikowana / bez opisu - rod swobodny w krainie pana
The Reach;House Grimm;Lordly;pomniejszy_rod_lord;Grimston;168.8;250.3;Lord Hewett's Town;30;ROT_town27_village1|Grimston;A-;name=village;Tyrell;Tyrell;Hewett;;An iron escutcheon with silver studs on a grey-green field strewn with longships proper;"green;grey;silver";"#2E7D32;#808080;#C0C0C0";Guthor;;awoiaf.westeros.org/index.php/House_Grimm;
The Reach;House Meadows;Lordly;pomniejszy_rod_lord;Grassy Vale;438.8;258.5;Harvest Hall;29;village_ES7_1|Grassy Vale;A-;name=village;Tyrell;Tyrell;Footly;;A border of flowers of many colors and varieties on green;green;#2E7D32;Elwood Lysa;;awoiaf.westeros.org/index.php/House_Meadows;
The Reach;House Merryweather;Lordly;pomniejszy_rod_lord;Longtable;362.3;253.3;Ashford;21;village_V1_2|Long Table;A-;alias->village;Tyrell;Tyrell;Ashford;;A golden horn of plenty spilling out apples, carrots, plums, onions, leeks, turnips, and fruits;gold;#D4A017;Orton Russell Jeyne Marq Owen;;awoiaf.westeros.org/index.php/House_Merryweather;
The Reach;House Mullendore;Lordly;pomniejszy_rod_lord;Uplands;245.6;161.0;Hornhill;29;castle_village_V1_2|Uplands;A-;name=village;Hightower;Tyrell;Tarly;;Black-and-orange butterflies on white;"white;black;orange";"#F2F2EE;#1A1A1A;#E07B24";Martyn Matthew Mark;;awoiaf.westeros.org/index.php/House_Mullendore;
The Reach;House Peake;Lordly;pomniejszy_rod_lord;Starpike;277.5;237.0;Highgarden;0;village_V5_1|Manderbank;D;przy panu (Tyrell), siedziba nieopublikowana;Tyrell;Tyrell;Tyrell;;Three black castles on orange;"orange;black";"#E07B24;#1A1A1A";Titus Unwin Urrathon Meryn Yrma Barquen Emerick Lorimar Armen Uther;1;awoiaf.westeros.org/index.php/House_Peake;siedziba nieopublikowana / bez opisu - rod swobodny w krainie pana
The Reach;House Risley;Lordly;pomniejszy_rod_lord;Risley Glade;277.5;237.0;Highgarden;0;village_V5_1|Manderbank;D;przy panu (Tyrell), siedziba nieopublikowana;Tyrell;Tyrell;Tyrell;;A black knight on a black rearing horse on white, bearing a golden lance and a white shield;"white;black;gold";"#F2F2EE;#1A1A1A;#D4A017";Victor Eden;;awoiaf.westeros.org/index.php/House_Risley;siedziba nieopublikowana / bez opisu - rod swobodny w krainie pana
The Reach;House Serry;Lordly;pomniejszy_rod_lord;Southshield;198.5;254.2;Lord Hewett's Town;0;ROT_town27_village3|Oakendale;A;alias->town;Tyrell;Tyrell;Hewett;;A white rose upon a red escutcheon upon white, a red embattled border;"white;pink;red";"#F2F2EE;#E8A0B4;#B22222";Osbert Talbert Lia;;awoiaf.westeros.org/index.php/House_Serry;
The Reach;House Stackhouse;Lordly;pomniejszy_rod_lord;;315.7;293.1;Goldengrove;0;castle_village_V8_1|Appleton;C;opis: Goldengrove;Tyrell;Tyrell;Rowan;;;;;;;awoiaf.westeros.org/index.php/House_Stackhouse;
The Reach;House Varner;Lordly;pomniejszy_rod_lord;;277.5;237.0;Highgarden;0;village_V5_1|Manderbank;D;przy panu (Tyrell), siedziba nieopublikowana;Tyrell;Tyrell;Tyrell;;A white weasel on ermines;white;#F2F2EE;Steffon;;awoiaf.westeros.org/index.php/House_Varner;siedziba nieopublikowana / bez opisu - rod swobodny w krainie pana
The Reach;House Vyrwel;Lordly;pomniejszy_rod_lord;Darkdell;277.5;237.0;Highgarden;0;village_V5_1|Manderbank;D;przy panu (Tyrell), siedziba nieopublikowana;Tyrell;Tyrell;Tyrell;;A silver wyvern within a red double tressure on sable;"black;silver;red";"#1A1A1A;#C0C0C0;#B22222";Igon;;awoiaf.westeros.org/index.php/House_Vyrwel;siedziba nieopublikowana / bez opisu - rod swobodny w krainie pana
The Reach;House Webber;Lordly;pomniejszy_rod_lord;Coldmoat;315.7;293.1;Goldengrove;0;castle_village_V8_1|Appleton;D;przy panu (Rowan), siedziba nieopublikowana;Rowan;Tyrell;Rowan;;A white and spotted-red spider upon a silver web over black;"white;red;silver";"#F2F2EE;#B22222;#C0C0C0";Reynard Wyman Rohanne Wendell;;awoiaf.westeros.org/index.php/House_Webber;siedziba nieopublikowana / bez opisu - rod swobodny w krainie pana
The Reach;House Willum;Lordly;pomniejszy_rod_lord;;277.5;237.0;Highgarden;0;village_V5_1|Manderbank;D;przy panu (Tyrell), siedziba nieopublikowana;Tyrell;Tyrell;Tyrell;;3 silver longswords crossed on black beneath a dragonbone skeleton on a white chief;"black;silver;white";"#1A1A1A;#C0C0C0;#F2F2EE";Josua Elyas;;awoiaf.westeros.org/index.php/House_Willum;siedziba nieopublikowana / bez opisu - rod swobodny w krainie pana
The Reach;House Fossoway of Cider Hall;Knightly;rycerz_z_ziemia;Cider Hall;338.6;258.0;Ashford;39;village_V1_1|Cider Hall;A-;name=village;Tyrell;Tyrell;Ashford;;A red apple on gold;"gold;red";"#D4A017;#B22222";Florence Owen Steffon Raymun Derrick Tanton Jon Bryan Edwyd Leonette;;awoiaf.westeros.org/index.php/House_Fossoway_of_Cider_Hall;
The Reach;House Osgrey;Knightly;rycerz_z_ziemia;Standfast;315.7;293.1;Goldengrove;0;castle_village_V8_1|Appleton;C;opis: Goldengrove;Rowan;Tyrell;Rowan;;A lion, checkered green and gold, on white;"white;green;gold";"#F2F2EE;#2E7D32;#D4A017";Perwyn Wilbert Eustace Ormond Clarice Addam Edwyn Harrold Alysanne;;awoiaf.westeros.org/index.php/House_Osgrey;
The Reach;House Appleton;Other;pomniejszy_rod;Appleton;341.1;273.4;Goldengrove;32;castle_village_V8_1|Appleton;A-;name=village;Tyrell;Tyrell;Rowan;;Quarterly: An apple tree on yellow, a grey gatehouse on white;"gold;grey;white";"#D4A017;#808080;#F2F2EE";;;awoiaf.westeros.org/index.php/House_Appleton;
The Reach;House Ball;Other;pomniejszy_rod;;277.5;237.0;Highgarden;0;village_V5_1|Manderbank;D;przy panu (Tyrell), siedziba nieopublikowana;Tyrell;Tyrell;Tyrell;;Three white plates upon a chevron red on a white field;"white;red";"#F2F2EE;#B22222";Rosamund Quentyn;;awoiaf.westeros.org/index.php/House_Ball;siedziba nieopublikowana / bez opisu - rod swobodny w krainie pana
The Reach;House Bridges;Other;pomniejszy_rod;;277.5;237.0;Highgarden;0;village_V5_1|Manderbank;D;przy panu (Tyrell), siedziba nieopublikowana;Tyrell;Tyrell;Tyrell;;A black stone bridge with three arches upon a golden chief above three blue pallets on white;"white;black;grey";"#F2F2EE;#1A1A1A;#808080";;;awoiaf.westeros.org/index.php/House_Bridges;siedziba nieopublikowana / bez opisu - rod swobodny w krainie pana
The Reach;House Bushy;Other;pomniejszy_rod;;277.5;237.0;Highgarden;0;village_V5_1|Manderbank;D;przy panu (Tyrell), siedziba nieopublikowana;Tyrell;Tyrell;Tyrell;;A green fess embattled on white;"white;green";"#F2F2EE;#2E7D32";Ben;;awoiaf.westeros.org/index.php/House_Bushy;siedziba nieopublikowana / bez opisu - rod swobodny w krainie pana
The Reach;House Cobb;Other;pomniejszy_rod;;277.5;237.0;Highgarden;0;village_V5_1|Manderbank;D;przy panu (Tyrell), siedziba nieopublikowana;Tyrell;Tyrell;Tyrell;;;;;Agramore Harys;;awoiaf.westeros.org/index.php/House_Cobb;siedziba nieopublikowana / bez opisu - rod swobodny w krainie pana
The Reach;House Conklyn;Other;pomniejszy_rod;;277.5;237.0;Highgarden;0;village_V5_1|Manderbank;D;przy panu (Tyrell), siedziba nieopublikowana;Tyrell;Tyrell;Tyrell;;;;;Clifford;;awoiaf.westeros.org/index.php/House_Conklyn;siedziba nieopublikowana / bez opisu - rod swobodny w krainie pana
The Reach;House Cordwayner;Other;pomniejszy_rod;Hammerhal;277.5;237.0;Highgarden;0;village_V5_1|Manderbank;D;przy panu (Tyrell), siedziba nieopublikowana;Tyrell;Tyrell;Tyrell;;Black boots on field of green and gold diamonds;"green;black;gold";"#2E7D32;#1A1A1A;#D4A017";;;awoiaf.westeros.org/index.php/House_Cordwayner;siedziba nieopublikowana / bez opisu - rod swobodny w krainie pana
The Reach;House Dunn;Other;pomniejszy_rod;;277.5;237.0;Highgarden;0;village_V5_1|Manderbank;D;przy panu (Tyrell), siedziba nieopublikowana;Tyrell;Tyrell;Tyrell;;Per pale black and pink, a countercharged two-headed pelican;"black;pink";"#1A1A1A;#E8A0B4";;;awoiaf.westeros.org/index.php/House_Dunn;siedziba nieopublikowana / bez opisu - rod swobodny w krainie pana
The Reach;House Durwell;Other;pomniejszy_rod;;277.5;237.0;Highgarden;0;village_V5_1|Manderbank;D;przy panu (Tyrell), siedziba nieopublikowana;Tyrell;Tyrell;Tyrell;;;;;;;awoiaf.westeros.org/index.php/House_Durwell;siedziba nieopublikowana / bez opisu - rod swobodny w krainie pana
The Reach;House Fossoway of New Barrel;Other;pomniejszy_rod;New Barrel;371.0;272.6;Ashford;40;castle_village_EW1_2|New Barrel;A-;name=village;Tyrell;Tyrell;Caswell;;A green apple on gold;"gold;green";"#D4A017;#2E7D32";Raymun Steffon Jon Bryan Edwyd Janna Jeyne Leonette Derrick;;awoiaf.westeros.org/index.php/House_Fossoway_of_New_Barrel;
The Reach;House Graves;Other;pomniejszy_rod;;277.5;237.0;Highgarden;0;village_V5_1|Manderbank;D;przy panu (Tyrell), siedziba nieopublikowana;Tyrell;Tyrell;Tyrell;;Green and white gyronny, a double-headed eagle counter-charged, gold beak and talons;"green;white;gold";"#2E7D32;#F2F2EE;#D4A017";;;awoiaf.westeros.org/index.php/House_Graves;siedziba nieopublikowana / bez opisu - rod swobodny w krainie pana
The Reach;House Hastwyck;Other;pomniejszy_rod;;277.5;237.0;Highgarden;0;village_V5_1|Manderbank;D;przy panu (Tyrell), siedziba nieopublikowana;Tyrell;Tyrell;Tyrell;;Barry olive and ivory;"green;white";"#2E7D32;#F2F2EE";Morgil;;awoiaf.westeros.org/index.php/House_Hastwyck;siedziba nieopublikowana / bez opisu - rod swobodny w krainie pana
The Reach;House Hunt;Other;pomniejszy_rod;;263.4;184.1;Hornhill;0;castle_village_V1_2|Uplands;D;przy panu (Tarly), siedziba nieopublikowana;Tarly;Tyrell;Tarly;;A brown deer, bound and slung on a pole, on white;"brown;white";"#7A5230;#F2F2EE";Hyle Alyn;;awoiaf.westeros.org/index.php/House_Hunt;siedziba nieopublikowana / bez opisu - rod swobodny w krainie pana
The Reach;House Hutcheson;Other;pomniejszy_rod;;277.5;237.0;Highgarden;0;village_V5_1|Manderbank;D;przy panu (Tyrell), siedziba nieopublikowana;Tyrell;Tyrell;Tyrell;;Two red bendlets on gold, a red hand below pointing to a red sun above;"gold;red";"#D4A017;#B22222";;;awoiaf.westeros.org/index.php/House_Hutcheson;siedziba nieopublikowana / bez opisu - rod swobodny w krainie pana
The Reach;House Inchfield;Other;pomniejszy_rod;;277.5;237.0;Highgarden;0;village_V5_1|Manderbank;D;przy panu (Tyrell), siedziba nieopublikowana;Tyrell;Tyrell;Tyrell;;A bend sinister, checked black and white, on pale grey;"grey;black;white";"#808080;#1A1A1A;#F2F2EE";Lucas Owen;;awoiaf.westeros.org/index.php/House_Inchfield;siedziba nieopublikowana / bez opisu - rod swobodny w krainie pana
The Reach;House Kidwell;Other;pomniejszy_rod;Ivy Hall;277.5;237.0;Highgarden;0;village_V5_1|Manderbank;D;przy panu (Tyrell), siedziba nieopublikowana;Tyrell;Tyrell;Tyrell;;Pale green ivy bendy on black masonry;"black;green";"#1A1A1A;#2E7D32";;;awoiaf.westeros.org/index.php/House_Kidwell;siedziba nieopublikowana / bez opisu - rod swobodny w krainie pana
The Reach;House Leygood;Other;pomniejszy_rod;;277.5;237.0;Highgarden;0;village_V5_1|Manderbank;D;przy panu (Tyrell), siedziba nieopublikowana;Tyrell;Tyrell;Tyrell;;Three black thunderbolts on orange;"orange;black";"#E07B24;#1A1A1A";Lucas Simon;;awoiaf.westeros.org/index.php/House_Leygood;siedziba nieopublikowana / bez opisu - rod swobodny w krainie pana
The Reach;House Lowther;Other;pomniejszy_rod;;277.5;237.0;Highgarden;0;village_V5_1|Manderbank;D;przy panu (Tyrell), siedziba nieopublikowana;Tyrell;Tyrell;Tyrell;;A silver dolphin on a blue-green field;"green;silver;blue";"#2E7D32;#C0C0C0;#2F5DA8";;;awoiaf.westeros.org/index.php/House_Lowther;siedziba nieopublikowana / bez opisu - rod swobodny w krainie pana
The Reach;House Lyberr;Other;pomniejszy_rod;;277.5;237.0;Highgarden;0;village_V5_1|Manderbank;D;przy panu (Tyrell), siedziba nieopublikowana;Tyrell;Tyrell;Tyrell;;Per bend sinister: a grey cat's face on black, a brown jug on white;"black;grey;brown";"#1A1A1A;#808080;#7A5230";;;awoiaf.westeros.org/index.php/House_Lyberr;siedziba nieopublikowana / bez opisu - rod swobodny w krainie pana
The Reach;House Middlebury;Other;pomniejszy_rod;;277.5;237.0;Highgarden;0;village_V5_1|Manderbank;D;przy panu (Tyrell), siedziba nieopublikowana;Tyrell;Tyrell;Tyrell;;Quarterly, a black saltire on yellow, green and white diamonds;"gold;black;green";"#D4A017;#1A1A1A;#2E7D32";;;awoiaf.westeros.org/index.php/House_Middlebury;siedziba nieopublikowana / bez opisu - rod swobodny w krainie pana
The Reach;House Norcross;Other;pomniejszy_rod;;277.5;237.0;Highgarden;0;village_V5_1|Manderbank;D;przy panu (Tyrell), siedziba nieopublikowana;Tyrell;Tyrell;Tyrell;;A cross embattled, black on white;"white;black";"#F2F2EE;#1A1A1A";Tyler Jeffory Hosman Bayard Alester Renly;;awoiaf.westeros.org/index.php/House_Norcross;siedziba nieopublikowana / bez opisu - rod swobodny w krainie pana
The Reach;House Norridge;Other;pomniejszy_rod;;277.5;237.0;Highgarden;0;village_V5_1|Manderbank;C;opis: Highgarden;Tyrell;Tyrell;Tyrell;;A flight of flaming arrows rising bendwise on a blue field;blue;#2F5DA8;Jeremy Elyn;;awoiaf.westeros.org/index.php/House_Norridge;
The Reach;House Oldflowers;Other;pomniejszy_rod;;277.5;237.0;Highgarden;0;village_V5_1|Manderbank;D;przy panu (Tyrell), siedziba nieopublikowana;Tyrell;Tyrell;Tyrell;;Ten white hands on green, 4-3-2-1, beneath a red bend sinister;"green;white;red";"#2E7D32;#F2F2EE;#B22222";Garth;;awoiaf.westeros.org/index.php/House_Oldflowers;siedziba nieopublikowana / bez opisu - rod swobodny w krainie pana
The Reach;House Orme;Other;pomniejszy_rod;;277.5;237.0;Highgarden;0;village_V5_1|Manderbank;D;przy panu (Tyrell), siedziba nieopublikowana;Tyrell;Tyrell;Tyrell;;Per fess: three golden harps on black, gold and silver bendy sinister;"black;gold;silver";"#1A1A1A;#D4A017;#C0C0C0";;;awoiaf.westeros.org/index.php/House_Orme;siedziba nieopublikowana / bez opisu - rod swobodny w krainie pana
The Reach;House Pommingham;Other;pomniejszy_rod;;277.5;237.0;Highgarden;0;village_V5_1|Manderbank;D;przy panu (Tyrell), siedziba nieopublikowana;Tyrell;Tyrell;Tyrell;;A red pomegranate on white, a double tressure red;"white;red";"#F2F2EE;#B22222";;;awoiaf.westeros.org/index.php/House_Pommingham;siedziba nieopublikowana / bez opisu - rod swobodny w krainie pana
The Reach;House Redding;Other;pomniejszy_rod;;277.5;237.0;Highgarden;0;village_V5_1|Manderbank;D;przy panu (Tyrell), siedziba nieopublikowana;Tyrell;Tyrell;Tyrell;;A golden flagon on burgundy, a border of gold and white checks;"burgundy;gold;white";"#7B1E3A;#D4A017;#F2F2EE";;;awoiaf.westeros.org/index.php/House_Redding;siedziba nieopublikowana / bez opisu - rod swobodny w krainie pana
The Reach;House Rhysling;Other;pomniejszy_rod;;277.5;237.0;Highgarden;0;village_V5_1|Manderbank;D;przy panu (Tyrell), siedziba nieopublikowana;Tyrell;Tyrell;Tyrell;;An oaken door banded with iron, in a grey stone doorway, on black masonry;"black;grey";"#1A1A1A;#808080";Robyn;;awoiaf.westeros.org/index.php/House_Rhysling;siedziba nieopublikowana / bez opisu - rod swobodny w krainie pana
The Reach;House Rodden;Other;pomniejszy_rod;;277.5;237.0;Highgarden;0;village_V5_1|Manderbank;D;przy panu (Tyrell), siedziba nieopublikowana;Tyrell;Tyrell;Tyrell;;;;;Richard;;awoiaf.westeros.org/index.php/House_Rodden;siedziba nieopublikowana / bez opisu - rod swobodny w krainie pana
The Reach;House Roxton;Other;pomniejszy_rod;Ring;277.5;237.0;Highgarden;0;village_V5_1|Manderbank;D;przy panu (Tyrell), siedziba nieopublikowana;Tyrell;Tyrell;Tyrell;;A saltire of interlocked golden rings, upon a sky blue field;"gold;blue";"#D4A017;#2F5DA8";Jon Lorence;;awoiaf.westeros.org/index.php/House_Roxton;siedziba nieopublikowana / bez opisu - rod swobodny w krainie pana
The Reach;House Shermer;Other;pomniejszy_rod;Smithyton;277.5;237.0;Highgarden;0;village_V5_1|Manderbank;D;przy panu (Tyrell), siedziba nieopublikowana;Tyrell;Tyrell;Tyrell;;A field of copper nails on blue, a copper border rayonne;"blue;bronze";"#2F5DA8;#A97142";;;awoiaf.westeros.org/index.php/House_Shermer;siedziba nieopublikowana / bez opisu - rod swobodny w krainie pana
The Reach;House Sloane;Other;pomniejszy_rod;;277.5;237.0;Highgarden;0;village_V5_1|Manderbank;D;przy panu (Tyrell), siedziba nieopublikowana;Tyrell;Tyrell;Tyrell;;Per pale, white stars strewn on indigo, an orange sun on yellow;"blue;white;orange";"#2F5DA8;#F2F2EE;#E07B24";Edgar;;awoiaf.westeros.org/index.php/House_Sloane;siedziba nieopublikowana / bez opisu - rod swobodny w krainie pana
The Reach;House Uffering;Other;pomniejszy_rod;;277.5;237.0;Highgarden;0;village_V5_1|Manderbank;D;przy panu (Tyrell), siedziba nieopublikowana;Tyrell;Tyrell;Tyrell;;Oak and iron paly, beneath a white chief with seven green hands;"brown;grey;white";"#7A5230;#808080;#F2F2EE";Rolland Helicent;;awoiaf.westeros.org/index.php/House_Uffering;siedziba nieopublikowana / bez opisu - rod swobodny w krainie pana
The Reach;House Westbrook;Other;pomniejszy_rod;;277.5;237.0;Highgarden;0;village_V5_1|Manderbank;D;przy panu (Tyrell), siedziba nieopublikowana;Tyrell;Tyrell;Tyrell;;Two green bars gemmel on gold;"gold;green";"#D4A017;#2E7D32";;;awoiaf.westeros.org/index.php/House_Westbrook;siedziba nieopublikowana / bez opisu - rod swobodny w krainie pana
The Reach;House Woodwright;Other;pomniejszy_rod;;277.5;237.0;Highgarden;0;village_V5_1|Manderbank;D;przy panu (Tyrell), siedziba nieopublikowana;Tyrell;Tyrell;Tyrell;;A red pall on a field of oak;"brown;red";"#7A5230;#B22222";Portifer Lucantine Denys;;awoiaf.westeros.org/index.php/House_Woodwright;siedziba nieopublikowana / bez opisu - rod swobodny w krainie pana
The Reach;House Wythers;Other;pomniejszy_rod;;277.5;237.0;Highgarden;0;village_V5_1|Manderbank;D;przy panu (Tyrell), siedziba nieopublikowana;Tyrell;Tyrell;Tyrell;;A grey squirrel on white with a red border;"white;grey;red";"#F2F2EE;#808080;#B22222";Ottyn Willam;;awoiaf.westeros.org/index.php/House_Wythers;siedziba nieopublikowana / bez opisu - rod swobodny w krainie pana
The Reach;House Yelshire;Other;pomniejszy_rod;;277.5;237.0;Highgarden;0;village_V5_1|Manderbank;D;przy panu (Tyrell), siedziba nieopublikowana;Tyrell;Tyrell;Tyrell;;Barry green and gold, a black battering ram with a gold head on a white chief;"white;green;gold";"#F2F2EE;#2E7D32;#D4A017";;;awoiaf.westeros.org/index.php/House_Yelshire;siedziba nieopublikowana / bez opisu - rod swobodny w krainie pana
The Reach;House Gardener;Extinct;wymarly_historia;Highgarden;277.5;237.0;Highgarden;0;village_V5_1|Manderbank;A;alias->town;;Tyrell;Tyrell;;A green hand on white;"white;green";"#F2F2EE;#2E7D32";Greydon Edmund Gawen;;awoiaf.westeros.org/index.php/House_Gardener;
The Reach;House Osgrey of Leafy Lake;Extinct;wymarly_historia;Leafy Lake;315.7;293.1;Goldengrove;0;castle_village_V8_1|Appleton;D;przy panu (Osgrey), siedziba nieopublikowana;Osgrey;Tyrell;Rowan;;;;;Eustace;;awoiaf.westeros.org/index.php/House_Osgrey_of_Leafy_Lake;siedziba nieopublikowana / bez opisu - rod swobodny w krainie pana
The Stormlands;House Baratheon;Great;pan_okregu_ROT;Storm's End;621.9;285.2;Storm's End;0;village_EW3_2|Shipbreaker;A;alias->town;Baratheon of King's Landing;Baratheon;Baratheon,Renly;clan_empire_west_2 Baratheon,Renly;A crowned stag black on a golden field;"gold;black";"#D4A017;#1A1A1A";Stannis Shireen Orys Renly Rogar Boremund Jocelyn Orryn Borys Garon;;awoiaf.westeros.org/index.php/House_Baratheon;
The Stormlands;House Buckler;Lordly;pan_okregu_ROT;Bronzegate;602.9;314.5;Bronzegate;0;village_EW3_4|Copperstone;A;name=castle;Baratheon;Baratheon;Baratheon,Renly;clan_empire_west_4 Buckler;Three brass buckles on blue;"blue;gold";"#2F5DA8;#D4A017";Ralph Brus;;awoiaf.westeros.org/index.php/House_Buckler;
The Stormlands;House Caron;Lordly;pan_okregu_ROT;Nightsong;359.7;198.3;Nightsong;0;castle_village_A4_1|Boneway;A;name=castle;Baratheon;Baratheon;Manwoody;ROTclan_129 Caron;A field of black nightingales on yellow;"gold;black";"#D4A017;#1A1A1A";Ellyn Morton Royce Pearse Bryen Bryce Mylenda;1;awoiaf.westeros.org/index.php/House_Caron;
The Stormlands;House Connington;Knightly;pan_okregu_ROT;Griffin's Roost;590.0;265.4;Griffin's Roost;0;castle_village_EW6_1|Rooster's Top;A;name=castle;Baratheon;Baratheon;Connington;ROTclan_18 Connington;Two griffins combatant countercharged on red and white;"white;red";"#F2F2EE;#B22222";Jon Ronnet Alyn Kyle Roy Steffon Armond Ronald Raymund Alynne;;awoiaf.westeros.org/index.php/House_Connington;
The Stormlands;House Dondarrion;Lordly;pan_okregu_ROT;Blackhaven;506.4;236.1;Blackhaven;0;ROT_town28_village3|Watch Village;A;name=castle;Baratheon;Baratheon;Swann;ROTclan_58 Dondarrion;Forked purple lightning on a black field speckled with 4-pointed stars;"black;purple";"#1A1A1A;#6A3D9A";Harmon Simon Manfred Beric Jena;1;awoiaf.westeros.org/index.php/House_Dondarrion;
The Stormlands;House Errol;Lordly;pan_okregu_ROT;Haystack Hall;616.6;341.6;Haystack Hall;0;castle_village_EN9_2|Haybale;A;name=castle;Baratheon;Baratheon;Errol;ROTclan_54 Errol;A yellow haystack on orange;"orange;gold";"#E07B24;#D4A017";Sebastion Shyra;;awoiaf.westeros.org/index.php/House_Errol;
The Stormlands;House Estermont;Lordly;pan_okregu_ROT;Greenstone;669.8;201.6;Greenstone;0;castle_village_EW4_2|Green Village;A;name=castle;Baratheon of King's Landing;Baratheon;Estermont;ROTclan_55 Estermont;A dark green sea turtle on pale green;green;#2E7D32;Eldon Aemon Gunthor Cassana Alyn Lomas Andrew;;awoiaf.westeros.org/index.php/House_Estermont;
The Stormlands;House Fell;Lordly;pan_okregu_ROT;Felwood;531.2;318.9;Fellwood;0;ROT_castle17_village2|King's Mountain;A;alias->castle;Baratheon;Baratheon;Fell;ROTclan_17 Fell;Per fess, a white crescent moon in the first on black above a green field, a sprucetree line between;"black;white;green";"#1A1A1A;#F2F2EE;#2E7D32";Willis Thurgood Harwood;;awoiaf.westeros.org/index.php/House_Fell;
The Stormlands;House Mertyns;Lordly;pan_okregu_ROT;Mistwood;637.1;224.1;Mistwood;0;village_EW2_2|Weepwood;A;name=castle;Baratheon;Baratheon;Whitehead;ROTclan_57 Mertyns;A white great horned owl on grey;"grey;white";"#808080;#F2F2EE";Mary Jon Michael;;awoiaf.westeros.org/index.php/House_Mertyns;
The Stormlands;House Seaworth;Knightly;pan_okregu_ROT;;618.7;253.3;Cape Wrath;0;ROT_castle18_village2|Wrath Village;C;opis: Cape Wrath;Baratheon of Dragonstone;Baratheon of Dragonstone;Seaworth;clan_empire_west_9 Seaworth;A black ship, an onion proper on its sail, on pale grey;"black;grey";"#1A1A1A;#808080";Davos Devan Dale Allard Marya Matthos Maric Steffon;;awoiaf.westeros.org/index.php/House_Seaworth;
The Stormlands;House Selmy;Lordly;pan_okregu_ROT;Harvest Hall;449.3;231.7;Harvest Hall;0;village_ES7_1|Grassy Vale;A;name=castle;Baratheon;Baratheon;Footly;clan_empire_south_7 Selmy;Three stalks of yellow wheat on brown;"brown;gold";"#7A5230;#D4A017";Arstan Barristan Lyonel;1;awoiaf.westeros.org/index.php/House_Selmy;
The Stormlands;House Swann;Lordly;pan_okregu_ROT;Stonehelm;548.4;231.6;Stonehelm;0;ROT_town28_village2|Cape Wrath;A;name=town;Baratheon;Baratheon;Swann;ROTclan_130 Swann;Battling swans black and white, beaks and feet golden, on per pale white and black;"white;black;gold";"#F2F2EE;#1A1A1A;#D4A017";Gulian Donnel Johanna Byron Gawen Manfred Jeyne Balon Clifford Cyrenna;1;awoiaf.westeros.org/index.php/House_Swann;
The Stormlands;House Tarth;Lordly;pan_okregu_ROT;Evenfall Hall;677.7;302.5;Evenfall Hall;0;ROT_town8_village3|Saltrock;A;name=town;Baratheon;Baratheon;Tarth;clan_empire_west_5 Tarth;Quartered: yellow suns and white crescents on rose and azure;"blue;gold;white";"#2F5DA8;#D4A017;#F2F2EE";Selwyn Brienne Cameron Bryndemere Quentyn Endrew Galladon Arianne Alysanne Edwyn;;awoiaf.westeros.org/index.php/House_Tarth;
The Stormlands;House Whitehead;Lordly;pan_okregu_ROT;Weeping Town;630.1;195.2;Weeping Town;0;village_EW2_2|Weepwood;A;name=town;Baratheon;Baratheon;Whitehead;ROTclan_19 Whitehead;;;;Addam;;awoiaf.westeros.org/index.php/House_Whitehead;
The Stormlands;House Wylde;Lordly;pan_okregu_ROT;Rain House;685.7;242.1;Rain House;0;castle_village_K6_2|Far's End;A;name=castle;Baratheon;Baratheon;Wylde;ROTclan_56 Wylde;A blue-green maelstrom on gold;"gold;blue;green";"#D4A017;#2F5DA8;#2E7D32";Casper Coryanne Jasper Willem Gawen Gladden Ormund Tyana Jon Rickard;;awoiaf.westeros.org/index.php/House_Wylde;
The Stormlands;House Cafferen;Lordly;pomniejszy_rod_lord;Fawnton;576.6;212.4;Stonehelm;34;village_EW2_3|Fawnton;A-;name=village;Baratheon;Baratheon;Whitehead;;Two white fawns counter salient on green;"green;white";"#2E7D32;#F2F2EE";Jon;;awoiaf.westeros.org/index.php/House_Cafferen;
The Stormlands;House Grandison;Lordly;pomniejszy_rod_lord;Grandview;576.6;232.5;Stonehelm;28;castle_village_EW6_2|Grandview;A-;name=village;Baratheon;Baratheon;Connington;;A black sleeping lion on yellow;"gold;black";"#D4A017;#1A1A1A";Hugh Lorent Harlan Narbert;;awoiaf.westeros.org/index.php/House_Grandison;
The Stormlands;House Morrigen;Lordly;pomniejszy_rod_lord;Crow's Nest;579.7;248.1;Griffin's Roost;20;castle_village_EW6_2|Grandview;B;mapa AWOIAF (Stormlands);Baratheon;Baratheon;Connington;;A black crow in flight on storm-green;"green;black";"#2E7D32;#1A1A1A";Lester Richard Dickon Damon Gyles Grance Guyard;;awoiaf.westeros.org/index.php/House_Morrigen;
The Stormlands;House Peasebury;Lordly;pomniejszy_rod_lord;Poddingfield;621.9;285.2;Storm's End;0;village_EW3_2|Shipbreaker;D;przy panu (Baratheon), siedziba nieopublikowana;Baratheon;Baratheon;Baratheon,Renly;;A pea pod burst open, green on white, bordered by three rows of green peas;"white;green";"#F2F2EE;#2E7D32";Robin;;awoiaf.westeros.org/index.php/House_Peasebury;siedziba nieopublikowana / bez opisu - rod swobodny w krainie pana
The Stormlands;House Penrose;Lordly;pomniejszy_rod_lord;Parchments;621.9;285.2;Storm's End;0;village_EW3_2|Shipbreaker;D;przy panu (Baratheon), siedziba nieopublikowana;Baratheon;Baratheon;Baratheon,Renly;;White crossed quills on russet;"brown;white";"#7A5230;#F2F2EE";Ronnel Aelinor Jon Cortnay Lucinda Robin Laena Jocelyn Joy;;awoiaf.westeros.org/index.php/House_Penrose;siedziba nieopublikowana / bez opisu - rod swobodny w krainie pana
The Stormlands;House Staedmon;Lordly;pomniejszy_rod_lord;Broad Arch;631.1;302.3;Storm's End;19;village_EW3_3|Broad Arch;A-;name=village;Baratheon;Baratheon;Baratheon,Renly;;A black dagger piercing a red heart on white de sang within an undulating red border;"white;black;red";"#F2F2EE;#1A1A1A;#B22222";Alesander;;awoiaf.westeros.org/index.php/House_Staedmon;
The Stormlands;House Bolling;Knightly;rycerz_z_ziemia;;621.9;285.2;Storm's End;0;village_EW3_2|Shipbreaker;C;opis: Storm's End;Baratheon;Baratheon;Baratheon,Renly;;Vairy orange and blue, upon a black canton, a golden stag beneath an orange bend sinister;"orange;blue;black";"#E07B24;#2F5DA8;#1A1A1A";Theo Herbert;;awoiaf.westeros.org/index.php/House_Bolling;
The Stormlands;House Brownhill (stormlands);Knightly;rycerz_z_ziemia;;618.7;253.3;Cape Wrath;0;ROT_castle18_village2|Wrath Village;C;opis: Cape Wrath;Baratheon;Baratheon;Seaworth;;;;;Walter;;awoiaf.westeros.org/index.php/House_Brownhill_(stormlands);
The Stormlands;House Hasty;Knightly;rycerz_z_ziemia;;621.9;285.2;Storm's End;0;village_EW3_2|Shipbreaker;D;przy panu (Baratheon), siedziba nieopublikowana;Baratheon;Baratheon;Baratheon,Renly;;A white bend cotised on purple;"purple;white";"#6A3D9A;#F2F2EE";Bonifer;;awoiaf.westeros.org/index.php/House_Hasty;siedziba nieopublikowana / bez opisu - rod swobodny w krainie pana
The Stormlands;House Gower;Other;pomniejszy_rod;;621.9;285.2;Storm's End;0;village_EW3_2|Shipbreaker;D;przy panu (Baratheon), siedziba nieopublikowana;Baratheon;Baratheon;Baratheon,Renly;;Nine yellow trefoils on a black cross on ermine;"white;gold;black";"#F2F2EE;#D4A017;#1A1A1A";Gerald;;awoiaf.westeros.org/index.php/House_Gower;siedziba nieopublikowana / bez opisu - rod swobodny w krainie pana
The Stormlands;House Herston;Other;pomniejszy_rod;;621.9;285.2;Storm's End;0;village_EW3_2|Shipbreaker;D;przy panu (Baratheon), siedziba nieopublikowana;Baratheon;Baratheon;Baratheon,Renly;;A yellow rooster's head with red comb, within a white escutcheon, on red;"red;gold;white";"#B22222;#D4A017;#F2F2EE";;;awoiaf.westeros.org/index.php/House_Herston;siedziba nieopublikowana / bez opisu - rod swobodny w krainie pana
The Stormlands;House Horpe;Other;pomniejszy_rod;;621.9;285.2;Storm's End;0;village_EW3_2|Shipbreaker;D;przy panu (Baratheon), siedziba nieopublikowana;Baratheon;Baratheon;Baratheon,Renly;;Per chevron engrailed grey and bone, 3 death's head moths countercharged;"grey;white";"#808080;#F2F2EE";Harys Richard;;awoiaf.westeros.org/index.php/House_Horpe;siedziba nieopublikowana / bez opisu - rod swobodny w krainie pana
The Stormlands;House Kellington;Other;pomniejszy_rod;;621.9;285.2;Storm's End;0;village_EW3_2|Shipbreaker;D;przy panu (Baratheon), siedziba nieopublikowana;Baratheon;Baratheon;Baratheon,Renly;;A black book bound in bronze, locked, upon a pale blue field;"black;bronze;blue";"#1A1A1A;#A97142;#2F5DA8";;;awoiaf.westeros.org/index.php/House_Kellington;siedziba nieopublikowana / bez opisu - rod swobodny w krainie pana
The Stormlands;House Lonmouth;Other;pomniejszy_rod;;621.9;285.2;Storm's End;0;village_EW3_2|Shipbreaker;D;przy panu (Baratheon), siedziba nieopublikowana;Baratheon;Baratheon;Baratheon,Renly;;Quartered of six: red lips strewn on yellow, yellow skulls strewn on black;"gold;red;black";"#D4A017;#B22222;#1A1A1A";Joffrey Richard;;awoiaf.westeros.org/index.php/House_Lonmouth;siedziba nieopublikowana / bez opisu - rod swobodny w krainie pana
The Stormlands;House Musgood;Other;pomniejszy_rod;;621.9;285.2;Storm's End;0;village_EW3_2|Shipbreaker;D;przy panu (Baratheon), siedziba nieopublikowana;Baratheon;Baratheon;Baratheon,Renly;;Quarterly: A golden pavilion on a blue field, a green laurel crown on a white field;"blue;gold;green";"#2F5DA8;#D4A017;#2E7D32";Jack;;awoiaf.westeros.org/index.php/House_Musgood;siedziba nieopublikowana / bez opisu - rod swobodny w krainie pana
The Stormlands;House Rogers;Other;pomniejszy_rod;Amberly;668.6;231.3;Rain House;20;castle_village_K6_1|Amberly;A-;name=village;Baratheon;Baratheon;Wylde;;Nine unicorns around a maze, silver on black;"black;silver";"#1A1A1A;#C0C0C0";Corwin Harrold;;awoiaf.westeros.org/index.php/House_Rogers;
The Stormlands;House Swygert;Other;pomniejszy_rod;;621.9;285.2;Storm's End;0;village_EW3_2|Shipbreaker;D;przy panu (Baratheon), siedziba nieopublikowana;Baratheon;Baratheon;Baratheon,Renly;;A white scroll with gold knobs on purple, a white tressure;"purple;white;gold";"#6A3D9A;#F2F2EE;#D4A017";;;awoiaf.westeros.org/index.php/House_Swygert;siedziba nieopublikowana / bez opisu - rod swobodny w krainie pana
The Stormlands;House Trant;Other;pomniejszy_rod;Gallowsgrey;621.9;285.2;Storm's End;0;village_EW3_2|Shipbreaker;D;przy panu (Baratheon), siedziba nieopublikowana;Baratheon;Baratheon;Baratheon,Renly;;A hanged man, black on blue;"blue;black";"#2F5DA8;#1A1A1A";Meryn;;awoiaf.westeros.org/index.php/House_Trant;siedziba nieopublikowana / bez opisu - rod swobodny w krainie pana
The Stormlands;House Tudbury;Other;pomniejszy_rod;;621.9;285.2;Storm's End;0;village_EW3_2|Shipbreaker;D;przy panu (Baratheon), siedziba nieopublikowana;Baratheon;Baratheon;Baratheon,Renly;;A brown tortoise within a yellow lozenge on green;"green;brown;gold";"#2E7D32;#7A5230;#D4A017";;;awoiaf.westeros.org/index.php/House_Tudbury;siedziba nieopublikowana / bez opisu - rod swobodny w krainie pana
The Stormlands;House Wagstaff;Other;pomniejszy_rod;;621.9;285.2;Storm's End;0;village_EW3_2|Shipbreaker;D;przy panu (Baratheon), siedziba nieopublikowana;Baratheon;Baratheon;Baratheon,Renly;;Five yellow mascles on green;"green;gold";"#2E7D32;#D4A017";Humfrey;;awoiaf.westeros.org/index.php/House_Wagstaff;siedziba nieopublikowana / bez opisu - rod swobodny w krainie pana
The Stormlands;House Wensington;Other;pomniejszy_rod;;621.9;285.2;Storm's End;0;village_EW3_2|Shipbreaker;D;przy panu (Baratheon), siedziba nieopublikowana;Baratheon;Baratheon;Baratheon,Renly;;Two golden trumpets crossed on blue, a gold chief with three black stags;"blue;gold;black";"#2F5DA8;#D4A017;#1A1A1A";;;awoiaf.westeros.org/index.php/House_Wensington;siedziba nieopublikowana / bez opisu - rod swobodny w krainie pana
The Stormlands;House Cole;Extinct;wymarly_historia;;506.4;236.1;Blackhaven;0;ROT_town28_village3|Watch Village;C;opis: Blackhaven;Dondarrion;Baratheon;Swann;;Ten black pellets on scarlet;"red;black";"#B22222;#1A1A1A";Criston Dick Will;;awoiaf.westeros.org/index.php/House_Cole;
The Stormlands;House Durrandon;Extinct;wymarly_historia;Storm's End;621.9;285.2;Storm's End;0;village_EW3_2|Shipbreaker;A;alias->town;;Baratheon;Baratheon,Renly;;A crowned stag black on a golden field;"gold;black";"#D4A017;#1A1A1A";Arrec Argilac Argella Barron;;awoiaf.westeros.org/index.php/House_Durrandon;
The Stormlands;House Toyne;Extinct;wymarly_historia;;621.9;285.2;Storm's End;0;village_EW3_2|Shipbreaker;D;przy panu (Baratheon), siedziba nieopublikowana;Baratheon;Baratheon;Baratheon,Renly;;A winged heart, black on gold, within a black bordure embattled;"gold;black";"#D4A017;#1A1A1A";Terrence Simon Myles;;awoiaf.westeros.org/index.php/House_Toyne;siedziba nieopublikowana / bez opisu - rod swobodny w krainie pana
The Crownlands;House Baratheon of King's Landing;Mainland;pan_okregu_ROT;Red Keep;528.3;396.5;Red Keep;0;ROT_castle15_village1|Hayford;A;alias->castle;Baratheon of Dragonstone;Baratheon of Dragonstone;Rosby;clan_nord_1 Baratheon, Joffrey;Per pale crimson and gold, a golden lion rampant and a black stag;"red;gold;black";"#B22222;#D4A017;#1A1A1A";Tommen Myrcella Joffrey Stannis Renly Shireen;;awoiaf.westeros.org/index.php/House_Baratheon_of_King's_Landing;
The Crownlands;House Rosby;Narrow Sea;pan_okregu_ROT;Rosby;536.1;423.4;Rosby;0;ROT_castle15_village2|Traveler's Rest;A;name=castle;Baratheon of King's Landing;Baratheon of King's Landing;Rosby;ROTclan_50 Rosby;Three red chevronels on ermine;"white;red";"#F2F2EE;#B22222";Jon Rayford Gyles Bethany;;awoiaf.westeros.org/index.php/House_Rosby;
The Crownlands;House Rykker;Other;pan_okregu_ROT;Dun Fort;573.6;440.6;Duskendale;0;village_EW5_2|Langward;A;alias->town;Baratheon of King's Landing;Baratheon of King's Landing;Rykker;clan_vlandia_10 Rykker;Two black warhammers crossed on a white saltire on blue;"white;black;blue";"#F2F2EE;#1A1A1A;#2F5DA8";Renfred Jaremy;;awoiaf.westeros.org/index.php/House_Rykker;
The Crownlands;House Blount;Other;pomniejszy_rod;;528.3;396.5;Red Keep;0;ROT_castle15_village1|Hayford;D;przy panu (Baratheon of King's Landing), siedziba nieopublikowana;Baratheon of King's Landing;Baratheon of King's Landing;Rosby;;A red bend sinister between two black porcupines on a green;"green;red;black";"#2E7D32;#B22222;#1A1A1A";Boros;;awoiaf.westeros.org/index.php/House_Blount;siedziba nieopublikowana / bez opisu - rod swobodny w krainie pana
The Crownlands;House Buckwell;Narrow Sea;pomniejszy_rod;Antlers;528.0;469.9;Maidenpool;26;village_EW6_4|Wheatchaff;B;mapa AWOIAF (Crownlands);Baratheon of King's Landing;Baratheon of King's Landing;Mooton;;A rack of golden antlers on vair;gold;#D4A017;Jarman;;awoiaf.westeros.org/index.php/House_Buckwell;
The Crownlands;House Byrch;Other;pomniejszy_rod;;528.3;396.5;Red Keep;0;ROT_castle15_village1|Hayford;D;przy panu (Baratheon of King's Landing), siedziba nieopublikowana;Baratheon of King's Landing;Baratheon of King's Landing;Rosby;;Quarterly clockwise, gyronny white and black, a silver axe on green;"green;white;black";"#2E7D32;#F2F2EE;#1A1A1A";Balon Balman;;awoiaf.westeros.org/index.php/House_Byrch;siedziba nieopublikowana / bez opisu - rod swobodny w krainie pana
The Crownlands;House Bywater;Other;pomniejszy_rod;;528.3;396.5;Red Keep;0;ROT_castle15_village1|Hayford;D;przy panu (Baratheon of King's Landing), siedziba nieopublikowana;Baratheon of King's Landing;Baratheon of King's Landing;Rosby;;Fretty blue on white, three silver fish on a blue chief;"white;blue;silver";"#F2F2EE;#2F5DA8;#C0C0C0";Jacelyn;;awoiaf.westeros.org/index.php/House_Bywater;siedziba nieopublikowana / bez opisu - rod swobodny w krainie pana
The Crownlands;House Chelsted;Other;pomniejszy_rod;;528.3;396.5;Red Keep;0;ROT_castle15_village1|Hayford;D;przy panu (Baratheon of King's Landing), siedziba nieopublikowana;Baratheon of King's Landing;Baratheon of King's Landing;Rosby;;Per bend green and white, a crossed spiked mace and a silver dagger;"green;white;silver";"#2E7D32;#F2F2EE;#C0C0C0";Qarlton;;awoiaf.westeros.org/index.php/House_Chelsted;siedziba nieopublikowana / bez opisu - rod swobodny w krainie pana
The Crownlands;House Chyttering;Other;pomniejszy_rod;;528.3;396.5;Red Keep;0;ROT_castle15_village1|Hayford;D;przy panu (Baratheon of King's Landing), siedziba nieopublikowana;Baratheon of King's Landing;Baratheon of King's Landing;Rosby;;Three golden bendlets enhanced on white;"white;gold";"#F2F2EE;#D4A017";Lucos;;awoiaf.westeros.org/index.php/House_Chyttering;siedziba nieopublikowana / bez opisu - rod swobodny w krainie pana
The Crownlands;House Cressey;Other;pomniejszy_rod;;528.3;396.5;Red Keep;0;ROT_castle15_village1|Hayford;D;przy panu (Baratheon of King's Landing), siedziba nieopublikowana;Baratheon of King's Landing;Baratheon of King's Landing;Rosby;;Seven silver coins on a red bend sinister, between two helmets, silver on blue;"red;silver;blue";"#B22222;#C0C0C0;#2F5DA8";;;awoiaf.westeros.org/index.php/House_Cressey;siedziba nieopublikowana / bez opisu - rod swobodny w krainie pana
The Crownlands;House Dargood;Other;pomniejszy_rod;;573.6;440.6;Duskendale;0;village_EW5_2|Langward;C;opis: Duskendale;;Baratheon of King's Landing;Rykker;;;;;;;awoiaf.westeros.org/index.php/House_Dargood;
The Crownlands;House Darke;Other;pomniejszy_rod;;573.6;440.6;Duskendale;0;village_EW5_2|Langward;C;opis: Duskendale;;Baratheon of King's Landing;Rykker;;;;;Jonquil Harrold;;awoiaf.westeros.org/index.php/House_Darke;
The Crownlands;House Darkwood;Other;pomniejszy_rod;;573.6;440.6;Duskendale;0;village_EW5_2|Langward;C;opis: Duskendale;;Baratheon of King's Landing;Rykker;;;;;;;awoiaf.westeros.org/index.php/House_Darkwood;
The Crownlands;House Edgerton;Other;pomniejszy_rod;;528.3;396.5;Red Keep;0;ROT_castle15_village1|Hayford;D;przy panu (Baratheon of King's Landing), siedziba nieopublikowana;Baratheon of King's Landing;Baratheon of King's Landing;Rosby;;Quartered clockwise: black and white half-fusily, a wheel of flame on indigo;"blue;black;white";"#2F5DA8;#1A1A1A;#F2F2EE";;;awoiaf.westeros.org/index.php/House_Edgerton;siedziba nieopublikowana / bez opisu - rod swobodny w krainie pana
The Crownlands;House Follard;Other;pomniejszy_rod;;528.3;396.5;Red Keep;0;ROT_castle15_village1|Hayford;D;przy panu (Baratheon of King's Landing), siedziba nieopublikowana;Baratheon of King's Landing;Baratheon of King's Landing;Rosby;;"Gyronny of twelve red and white; on a gold canton, a two-peaked fool's cap of red and white";"gold;red;white";"#D4A017;#B22222;#F2F2EE";Dick Perkin;;awoiaf.westeros.org/index.php/House_Follard;siedziba nieopublikowana / bez opisu - rod swobodny w krainie pana
The Crownlands;House Gaunt;Other;pomniejszy_rod;;573.6;440.6;Duskendale;0;village_EW5_2|Langward;C;opis: Duskendale;Baratheon of King's Landing;Baratheon of King's Landing;Rykker;;Three black lances upright on pink, between black flaunches;"pink;black";"#E8A0B4;#1A1A1A";Gwayne;;awoiaf.westeros.org/index.php/House_Gaunt;
The Crownlands;House Harte;Other;pomniejszy_rod;;528.3;396.5;Red Keep;0;ROT_castle15_village1|Hayford;D;przy panu (Baratheon of King's Landing), siedziba nieopublikowana;Baratheon of King's Landing;Baratheon of King's Landing;Rosby;;Three red hart's heads caboshed on a white bend on vair;"white;red";"#F2F2EE;#B22222";Denys Hazel Elwood;;awoiaf.westeros.org/index.php/House_Harte;siedziba nieopublikowana / bez opisu - rod swobodny w krainie pana
The Crownlands;House Hayford;Narrow Sea;pomniejszy_rod;Hayford;517.5;405.0;King's Landing;10;village_EW4_2|Bridlewood;B;mapa AWOIAF (Crownlands);Baratheon of King's Landing;Baratheon of King's Landing;Baratheon, Joffrey;;Green fretty over gold, a green pale wavy;"green;gold";"#2E7D32;#D4A017";Ermesande Lyra;;awoiaf.westeros.org/index.php/House_Hayford;
The Crownlands;House Hogg;Other;pomniejszy_rod;Sow's Horn;497.3;462.8;Darry;26;ROT_castle16_village2|Crown Stables;B;mapa AWOIAF (Crownlands);Hayford;Baratheon of King's Landing;Darry;;;;;Roger Jon Harys Priscella;;awoiaf.westeros.org/index.php/House_Hogg;
The Crownlands;House Hollard;Other;pomniejszy_rod;Hollard castle;571.3;437.2;Duskendale;4;village_EW5_1|Mallery;B;mapa AWOIAF (Crownlands);Darklyn;Baratheon of King's Landing;Rykker;;Barry red and pink, three golden crowns on a blue chief;"blue;red;pink";"#2F5DA8;#B22222;#E8A0B4";Symon Dontos Jon Steffon Robin;;awoiaf.westeros.org/index.php/House_Hollard;
The Crownlands;House Langward;Other;pomniejszy_rod;;528.3;396.5;Red Keep;0;ROT_castle15_village1|Hayford;D;przy panu (Baratheon of King's Landing), siedziba nieopublikowana;Baratheon of King's Landing;Baratheon of King's Landing;Rosby;;Per fess undy: A crown of white stars on burgundy above black;"burgundy;white;black";"#7B1E3A;#F2F2EE;#1A1A1A";Harrold;;awoiaf.westeros.org/index.php/House_Langward;siedziba nieopublikowana / bez opisu - rod swobodny w krainie pana
The Crownlands;House Largent;Other;pomniejszy_rod;;523.6;397.3;King's Landing;0;ROT_castle61_village1|Blackwater;C;opis: King's Landing;;Baratheon of King's Landing;Baratheon, Joffrey;;;;;Luthor;;awoiaf.westeros.org/index.php/House_Largent;
The Crownlands;House Longwaters;Other;pomniejszy_rod;;528.3;396.5;Red Keep;0;ROT_castle15_village1|Hayford;D;przy panu (Baratheon of King's Landing), siedziba nieopublikowana;Baratheon of King's Landing;Baratheon of King's Landing;Rosby;;;;;Rennifer;;awoiaf.westeros.org/index.php/House_Longwaters;siedziba nieopublikowana / bez opisu - rod swobodny w krainie pana
The Crownlands;House Mallery;Other;pomniejszy_rod;;528.3;396.5;Red Keep;0;ROT_castle15_village1|Hayford;D;przy panu (Baratheon of King's Landing), siedziba nieopublikowana;Baratheon of King's Landing;Baratheon of King's Landing;Rosby;;Six white mullets 3-2-1 on violet;"purple;white";"#6A3D9A;#F2F2EE";Raymund Lothar;;awoiaf.westeros.org/index.php/House_Mallery;siedziba nieopublikowana / bez opisu - rod swobodny w krainie pana
The Crownlands;House Manning;Other;pomniejszy_rod;;523.6;397.3;King's Landing;0;ROT_castle61_village1|Blackwater;C;opis: Blackwater Bay;Baratheon of King's Landing;Baratheon of King's Landing;Baratheon, Joffrey;;A red sea lion between two black pallets on white;"white;red;black";"#F2F2EE;#B22222;#1A1A1A";;;awoiaf.westeros.org/index.php/House_Manning;
The Crownlands;House Pyle;Other;pomniejszy_rod;;528.3;396.5;Red Keep;0;ROT_castle15_village1|Hayford;D;przy panu (Baratheon of King's Landing), siedziba nieopublikowana;Baratheon of King's Landing;Baratheon of King's Landing;Rosby;;A grey iron greathelm on white;"white;grey";"#F2F2EE;#808080";Howard;;awoiaf.westeros.org/index.php/House_Pyle;siedziba nieopublikowana / bez opisu - rod swobodny w krainie pana
The Crownlands;House Rambton;Narrow Sea;pomniejszy_rod;;528.3;396.5;Red Keep;0;ROT_castle15_village1|Hayford;D;przy panu (Baratheon of King's Landing), siedziba nieopublikowana;;Baratheon of King's Landing;Rosby;;A white ram's head with golden horns on red;"red;white;gold";"#B22222;#F2F2EE;#D4A017";Hubard;;awoiaf.westeros.org/index.php/House_Rambton;siedziba nieopublikowana / bez opisu - rod swobodny w krainie pana
The Crownlands;House Rollingford;Other;pomniejszy_rod;;528.3;396.5;Red Keep;0;ROT_castle15_village1|Hayford;D;przy panu (Baratheon of King's Landing), siedziba nieopublikowana;Baratheon of King's Landing;Baratheon of King's Landing;Rosby;;Six roundels fountain, 3-2-1, on grey;grey;#808080;Herman;;awoiaf.westeros.org/index.php/House_Rollingford;siedziba nieopublikowana / bez opisu - rod swobodny w krainie pana
The Crownlands;House Stokeworth;Narrow Sea;pomniejszy_rod;Stokeworth;528.0;421.2;Rosby;8;ROT_castle15_village2|Traveler's Rest;B;mapa AWOIAF (Crownlands);Baratheon of King's Landing;Baratheon of King's Landing;Rosby;;A white lamb holding a golden goblet on a green field;"green;white;gold";"#2E7D32;#F2F2EE;#D4A017";Lollys Alyn Samantha Falena Maia Samwell Manly Tanda Falyse;;awoiaf.westeros.org/index.php/House_Stokeworth;
The Crownlands;House Thorne;Other;pomniejszy_rod;;528.3;396.5;Red Keep;0;ROT_castle15_village1|Hayford;D;przy panu (Baratheon of King's Landing), siedziba nieopublikowana;Baratheon of King's Landing;Baratheon of King's Landing;Rosby;;A silver flail on red within a black border rayonne;"red;silver;black";"#B22222;#C0C0C0;#1A1A1A";Rickard Adrian Alliser;;awoiaf.westeros.org/index.php/House_Thorne;"siedziba nieopublikowana / bez opisu - rod swobodny w krainie pana; w ROT jest klan Thorne (ROTclan_125) - to Ser Alliser w Nocnej Strazy, nie rod z ziemia"
The Crownlands;House Wendwater;Other;pomniejszy_rod;;528.3;396.5;Red Keep;0;ROT_castle15_village1|Hayford;D;przy panu (Baratheon of King's Landing), siedziba nieopublikowana;Baratheon of King's Landing;Baratheon of King's Landing;Rosby;;A green engrailed pall, inverted on white, dividing three trees, green, red and bare;"white;green;red";"#F2F2EE;#2E7D32;#B22222";;;awoiaf.westeros.org/index.php/House_Wendwater;siedziba nieopublikowana / bez opisu - rod swobodny w krainie pana
The Crownlands;House Blackfyre;Extinct;wymarly_historia;Tyrosh;779.1;217.5;Tyrosh;0;village_A5_3|Waltas;A;name=town;Targaryen;Baratheon of King's Landing;Ryndoon;;A black three-headed dragon, breathing black fire on red;"red;black";"#B22222;#1A1A1A";Aemon Aegon Aenys Calla;;awoiaf.westeros.org/index.php/House_Blackfyre;
The Crownlands;House Darklyn;Extinct;wymarly_historia;Dun Fort;573.6;440.6;Duskendale;0;village_EW5_2|Langward;A;alias->town;Targaryen;Baratheon of King's Landing;Rykker;;Fusily black and gold, 7 white escutcheons upon a red tierce;"black;gold;white";"#1A1A1A;#D4A017;#F2F2EE";Robin Davos Steffon Gunthor Meredyth Robert Denys Rolland;;awoiaf.westeros.org/index.php/House_Darklyn;
The Crownlands (Dragonstone);House Bar Emmon;Narrow Sea;pan_okregu_ROT;Sharp Point;644.8;427.0;Sharp Point;0;ROT_town31_village3|Eastpoint;A;name=town;Baratheon of Dragonstone;Baratheon of Dragonstone;bar Emmon;ROTclan_15 bar Emmon;A leaping blue swordfish on fretty silver on white;"silver;blue;white";"#C0C0C0;#2F5DA8;#F2F2EE";Duram Togarion;;awoiaf.westeros.org/index.php/House_Bar_Emmon;
The Crownlands (Dragonstone);House Baratheon of Dragonstone;Narrow Sea;pan_okregu_ROT;Dragonstone;632.5;448.2;Dragonstone;0;village_EW1_3|Marlin;A;alias->town;Baratheon of King's Landing;Baratheon of Dragonstone;Baratheon,Stannis;clan_empire_west_3 Baratheon,Stannis;A black stag enclosed within a fiery heart on yellow;"gold;black";"#D4A017;#1A1A1A";Stannis Shireen Renly Joffrey;;awoiaf.westeros.org/index.php/House_Baratheon_of_Dragonstone;
The Crownlands (Dragonstone);House Brune of the Dyre Den;Other;pan_okregu_ROT;Dyre Den;646.5;497.7;Dyre Den;0;castle_village_S7_2|Bear Cave;A;name=castle;Baratheon of King's Landing;Baratheon of Dragonstone;Brune;ROTclan_51 Brune;;;;Eustace Bernarr;2;awoiaf.westeros.org/index.php/House_Brune_of_the_Dyre_Den;
The Crownlands (Dragonstone);House Celtigar;Narrow Sea;pan_okregu_ROT;Claw Isle;689.7;495.2;Celtigar Keep;0;ROT_town5_village2|Whisper Village;A;alias->town;Baratheon of King's Landing;Baratheon of Dragonstone;Celtigar;ROTclan_16 Celtigar;Red crabs strewn on white;"white;red";"#F2F2EE;#B22222";Ardrian Crispian Bartimos Alton Edwell Prudence Prunella Clement Arthor Terrence;;awoiaf.westeros.org/index.php/House_Celtigar;
The Crownlands (Dragonstone);House Massey;Narrow Sea;pan_okregu_ROT;Stonedance;659.0;407.6;Stonedance;0;ROT_town31_village1|Massey;A;name=castle;Baratheon of King's Landing;Baratheon of Dragonstone;bar Emmon;ROTclan_53 Massey;"A triple spiral; red, green and blue, on white";"white;red;green";"#F2F2EE;#B22222;#2E7D32";Maldon Josua Triston Alarra Lucifer Albin Gormon Elinda Robin Elinor;;awoiaf.westeros.org/index.php/House_Massey;
The Crownlands (Dragonstone);House Staunton;Narrow Sea;pan_okregu_ROT;Rook's Rest;597.9;463.4;Rook's Rest;0;castle_village_EW2_1|Charmouth;A;name=castle;Baratheon of King's Landing;Baratheon of Dragonstone;Staunton;ROTclan_52 Staunton;Two black wings upon a white fess on checkered black and grey;"black;white;grey";"#1A1A1A;#F2F2EE;#808080";Cassella Ysabel Joffrey Sefton Symond;;awoiaf.westeros.org/index.php/House_Staunton;
The Crownlands (Dragonstone);House Sunglass;Narrow Sea;pan_okregu_ROT;Sweetport Sound;635.8;404.0;Sweetport;0;castle_village_EW8_1|Rambton;A;alias->castle;Baratheon of Dragonstone;Baratheon of Dragonstone;Sunglass;ROTclan_138 Sunglass;Seven golden seven-pointed stars in a ring on white;"white;gold";"#F2F2EE;#D4A017";Guncer;;awoiaf.westeros.org/index.php/House_Sunglass;
The Crownlands (Dragonstone);House Velaryon;Narrow Sea;pan_okregu_ROT;Castle Driftmark;602.2;423.1;Hull;0;village_S5_1|Hightide;A;alias->town;Baratheon of Dragonstone;Baratheon of Dragonstone;Velaryon;clan_empire_west_6 Velaryon;A silver seahorse on sea green;"green;silver";"#2E7D32;#C0C0C0";Monterys Valaena Daemon Aethan Alyssa Corlys Laena Laenor Lucerys Jacaerys;;awoiaf.westeros.org/index.php/House_Velaryon;
The Crownlands (Dragonstone);House Boggs;Other;pomniejszy_rod;;685.7;524.2;Celtigar Keep;29;ROT_town5_village1|Crackclaw;C;opis: Crackclaw Point;Baratheon of King's Landing;Baratheon of Dragonstone;Celtigar;;;;;Mortimer;2;awoiaf.westeros.org/index.php/House_Boggs;
The Crownlands (Dragonstone);House Brune of Brownhollow;Other;pomniejszy_rod;Brownhollow;631.3;485.3;Dyre Den;20;castle_village_S7_1|Brownhollow;A-;name=village;Baratheon of King's Landing;Baratheon of Dragonstone;Brune;;A bear paw, brown on white, within a double tressure brown;"white;brown";"#F2F2EE;#7A5230";Bennard Bernarr Lothor;2;awoiaf.westeros.org/index.php/House_Brune_of_Brownhollow;
The Crownlands (Dragonstone);House Cargyll;Other;pomniejszy_rod;;632.5;448.2;Dragonstone;0;village_EW1_3|Marlin;D;przy panu (Targaryen), siedziba nieopublikowana;Targaryen;Baratheon of Dragonstone;Baratheon,Stannis;;A golden goose on bendy sinister black and red;"black;gold;red";"#1A1A1A;#D4A017;#B22222";Arryk Erryk Clarence;;awoiaf.westeros.org/index.php/House_Cargyll;siedziba nieopublikowana / bez opisu - rod swobodny w krainie pana
The Crownlands (Dragonstone);House Cave;Other;pomniejszy_rod;;685.7;524.2;Celtigar Keep;29;ROT_town5_village1|Crackclaw;C;opis: Crackclaw Point;Baratheon of King's Landing;Baratheon of Dragonstone;Celtigar;;;;;;2;awoiaf.westeros.org/index.php/House_Cave;
The Crownlands (Dragonstone);House Crabb;Other;pomniejszy_rod;Whispers;670.2;509.6;Celtigar Keep;24;ROT_town5_village2|Whisper Village;A-;alias->village;Baratheon of King's Landing;Baratheon of Dragonstone;Celtigar;;;;;Clarence Dick Clement Rupert Rennifer Jack;2;awoiaf.westeros.org/index.php/House_Crabb;
The Crownlands (Dragonstone);House Farring;Narrow Sea;pomniejszy_rod;;632.5;448.2;Dragonstone;0;village_EW1_3|Marlin;C;opis: Dragonstone;Baratheon of Dragonstone;Baratheon of Dragonstone;Baratheon,Stannis;;Per pale purple and white, two knights combatant with swords, counter-charged;"purple;white";"#6A3D9A;#F2F2EE";Annara Bryen Gilbert Godry;;awoiaf.westeros.org/index.php/House_Farring;
The Crownlands (Dragonstone);House Hardy;Other;pomniejszy_rod;;685.7;524.2;Celtigar Keep;29;ROT_town5_village1|Crackclaw;C;opis: Crackclaw Point;Baratheon of King's Landing;Baratheon of Dragonstone;Celtigar;;;;;Lucifer;2;awoiaf.westeros.org/index.php/House_Hardy;
The Crownlands (Dragonstone);House Pyne;Other;pomniejszy_rod;;685.7;524.2;Celtigar Keep;29;ROT_town5_village1|Crackclaw;C;opis: Crackclaw Point;Baratheon of King's Landing;Baratheon of Dragonstone;Celtigar;;;;;;2;awoiaf.westeros.org/index.php/House_Pyne;
The Crownlands (Dragonstone);House Scales;Other;pomniejszy_rod;;632.5;448.2;Dragonstone;0;village_EW1_3|Marlin;C;opis: Dragonstone;Baratheon of Dragonstone;Baratheon of Dragonstone;Baratheon,Stannis;;;;;Elyas Benethon;;awoiaf.westeros.org/index.php/House_Scales;
The Crownlands (Dragonstone);House Targaryen;Exiled;krolewski;Dragonstone;632.5;448.2;Dragonstone;0;village_EW1_3|Marlin;A;alias->town;;Baratheon of Dragonstone;Baratheon,Stannis;;A red three-headed dragon, breathing red fire on black;"black;red";"#1A1A1A;#B22222";Daenerys Visenya Rhaenys Viserys Valarr Matarys Daenys Aerion Aemond Rhaegar;;awoiaf.westeros.org/index.php/House_Targaryen;
Dorne;House Allyrion;Lordly;pan_okregu_ROT;Godsgrace;572.3;89.2;Godsgrace;0;castle_village_A3_1|Scourge End;A;name=castle;Martell;Martell;Allyrion;ROTclan_134 Allyrion;A golden hand on gyronny red and black;"black;gold;red";"#1A1A1A;#D4A017;#B22222";Delonne Ryon;;awoiaf.westeros.org/index.php/House_Allyrion;
Dorne;House Blackmont;Lordly;pan_okregu_ROT;Blackmont;308.7;145.0;Blackmont;0;ROT_castle24_village1|Torentine Pass;A;name=castle;Martell;Martell;Blackmont;ROTclan_68 Blackmont;A black vulture with a pink infant in its claws on yellow;"gold;black;pink";"#D4A017;#1A1A1A;#E8A0B4";Larra Jynessa Benedict Perros;;awoiaf.westeros.org/index.php/House_Blackmont;
Dorne;House Dalt;Knightly;pan_okregu_ROT;Lemonwood;655.3;71.8;Lemonwood;0;ROT_castle66_village1|Lemon Bay;A;name=castle;Martell;Martell;Dalt;ROTclan_136 Dalt;Lemons strewn on purple;purple;#6A3D9A;Deziel Andrey;;awoiaf.westeros.org/index.php/House_Dalt;
Dorne;House Dayne;Lordly;pan_okregu_ROT;Starfall;267.1;105.4;Starfall;0;ROT_town9_village2|Torn Red;A;name=town;Martell;Martell;Dayne;clan_sturgia_4 Dayne;A white sword and falling star crossed on lilac;"purple;white";"#6A3D9A;#F2F2EE";Edric Ashara Gerold Samwell Vorian Davos Joffrey Clarisse Ulrick Dyanna;;awoiaf.westeros.org/index.php/House_Dayne;
Dorne;House Fowler;Lordly;pan_okregu_ROT;Skyreach;366.6;125.0;Skyreach;0;ROT_castle57_village1|Princestream;A;name=castle;Martell;Martell;Fowler;ROTclan_122 Fowler;A hooded blue hawk on silver;"silver;blue";"#C0C0C0;#2F5DA8";Franklyn Jeyne Ferris Garrison Jennelyn;;awoiaf.westeros.org/index.php/House_Fowler;
Dorne;House Gargalen;Lordly;pan_okregu_ROT;Salt Shore;582.1;56.5;Saltshore;0;ROT_castle67_village1|Saltcove;A;alias->castle;Martell;Martell;Gargalen;ROTclan_135 Gargalen;A red cockatrice with black snake in beak on gold;"gold;red;black";"#D4A017;#B22222;#1A1A1A";Tremond;;awoiaf.westeros.org/index.php/House_Gargalen;
Dorne;House Jordayne;Lordly;pan_okregu_ROT;Tor;556.7;117.5;The Tor;0;ROT_castle25_village2|Seaspray;A;alias->castle;Martell;Martell;Jordayne;ROTclan_69 Jordayne;A golden quill on checkered dark and light green;"green;gold";"#2E7D32;#D4A017";Trebor Myria;;awoiaf.westeros.org/index.php/House_Jordayne;
Dorne;House Manwoody;Lordly;pan_okregu_ROT;Kingsgrave;379.3;153.2;Kingsgrave;0;castle_village_A4_1|Boneway;A;name=castle;Martell;Martell;Manwoody;clan_aserai_7 Manwoody;A white skull crowned with gold on black;"black;white;gold";"#1A1A1A;#F2F2EE;#D4A017";Dagos Mors Albin Michael Myles Dickon;;awoiaf.westeros.org/index.php/House_Manwoody;
Dorne;House Martell;Great;pan_okregu_ROT;Old Palace;689.2;103.8;Sunspear;0;village_A1_4|Water Gardens;A;alias->town;Baratheon of King's Landing;Martell;Martell;clan_aserai_1 Martell;A red sun pierced by a golden spear on orange;"orange;red;gold";"#E07B24;#B22222;#D4A017";Doran Arianne Morgan Mors Trystane Oberyn Quentyn Meria Nymor Deria;;awoiaf.westeros.org/index.php/House_Martell;
Dorne;House Qorgyle;Lordly;pan_okregu_ROT;Sandstone;317.7;55.2;Sandstone;0;ROT_castle27_village2|Wormstone;A;name=castle;Martell;Martell;Qorgyle;ROTclan_72 Qorgyle;Three black scorpions on red;"red;black";"#B22222;#1A1A1A";Quentyn Gulian Moriah Arron;;awoiaf.westeros.org/index.php/House_Qorgyle;
Dorne;House Toland;Lordly;pan_okregu_ROT;Ghost Hill;665.6;136.1;Ghost Hill;0;ROT_castle26_village2|Sun Ranch;A;name=castle;Martell;Martell;Toland;ROTclan_70 Toland;A green dragon biting its tail on gold;"gold;green";"#D4A017;#2E7D32";Nymella Valena Teora;;awoiaf.westeros.org/index.php/House_Toland;
Dorne;House Uller;Lordly;pan_okregu_ROT;Hellholt;378.6;80.3;Hellholt;0;castle_village_A1_1|Brimshore;A;name=castle;Martell;Martell;Uller;ROTclan_21 Uller;Rayonne yellow over crimson;"gold;red";"#D4A017;#B22222";Harmen Ulwyck Uthor;;awoiaf.westeros.org/index.php/House_Uller;
Dorne;House Vaith;Lordly;pan_okregu_ROT;Vaith;534.9;79.0;Vaith;0;castle_village_A3_2|Grace Village;A;name=town;Martell;Martell;Allyrion;clan_aserai_4 Vaith;Three black leopards standing on a yellow pile on orange;"gold;black;orange";"#D4A017;#1A1A1A;#E07B24";Daeron Cassella;;awoiaf.westeros.org/index.php/House_Vaith;
Dorne;House Wyl;Lordly;pan_okregu_ROT;Wyl (castle);474.6;196.3;Wyl;0;castle_village_A7_2|Red Pass;A;alias->castle;Martell;Martell;Wyl;ROTclan_71 Wyl;A black adder biting a heel on yellow;"gold;black";"#D4A017;#1A1A1A";Walter Wyland;;awoiaf.westeros.org/index.php/House_Wyl;
Dorne;House Yronwood;Lordly;pan_okregu_ROT;Yronwood;454.2;144.6;Yronwood;0;castle_village_A7_2|Red Pass;A;name=town;Martell;Martell;Wyl;clan_aserai_5 Yronwood;A black portcullis grill over sand;"black;sand";"#1A1A1A;#D8C38A";Anders Gwyneth Yoren Olyvar Gyles Edgar Ynys Cletus Archibald Ormond;;awoiaf.westeros.org/index.php/House_Yronwood;
Dorne;House Dayne of High Hermitage;Knightly;rycerz_z_ziemia;High Hermitage;292.2;123.1;Blackmont;27;ROT_town9_village2|Torn Red;B;mapa AWOIAF (Dorne);Dayne;Martell;Dayne;;;;;Gerold;;awoiaf.westeros.org/index.php/House_Dayne_of_High_Hermitage;
Dorne;House Drinkwater;Knightly;rycerz_z_ziemia;;454.2;144.6;Yronwood;0;castle_village_A7_2|Red Pass;D;przy panu (Yronwood), siedziba nieopublikowana;Yronwood;Martell;Wyl;;;;;Gerris;;awoiaf.westeros.org/index.php/House_Drinkwater;siedziba nieopublikowana / bez opisu - rod swobodny w krainie pana
Dorne;House Santagar;Knightly;rycerz_z_ziemia;Spottswood;704.6;127.2;Sunspear;28;village_A1_1|Spottswood Village;A-;alias->village;Martell;Martell;Martell;;Per bend sinister blue and white, a spotted leopard with golden axe;"blue;white;gold";"#2F5DA8;#F2F2EE;#D4A017";Symon Sylva Aron;;awoiaf.westeros.org/index.php/House_Santagar;
Dorne;House Ladybright;Other;pomniejszy_rod;;689.2;103.8;Sunspear;0;village_A1_4|Water Gardens;C;opis: Sunspear;Martell;Martell;Martell;;;;;Alyse Jayne;;awoiaf.westeros.org/index.php/House_Ladybright;
Dorne;House Wells (Dorne);Other;pomniejszy_rod;;689.2;103.8;Sunspear;0;village_A1_4|Water Gardens;D;przy panu (Martell), siedziba nieopublikowana;Martell;Martell;Martell;;;;;Theodan Willam;;awoiaf.westeros.org/index.php/House_Wells_(Dorne);siedziba nieopublikowana / bez opisu - rod swobodny w krainie pana
Dorne;House Briar;Extinct;wymarly_historia;;647.5;85.6;Planky Town;0;village_A7_2|Sunmines;C;opis: Greenblood;;Martell;Martell;;;;;;;awoiaf.westeros.org/index.php/House_Briar;
Dorne;House Brook;Extinct;wymarly_historia;;647.5;85.6;Planky Town;0;village_A7_2|Sunmines;C;opis: Greenblood;;Martell;Martell;;;;;;;awoiaf.westeros.org/index.php/House_Brook;
Dorne;House Brownhill;Extinct;wymarly_historia;;647.5;85.6;Planky Town;0;village_A7_2|Sunmines;C;opis: Greenblood;;Martell;Martell;;;;;;;awoiaf.westeros.org/index.php/House_Brownhill;
Dorne;House Dryland;Extinct;wymarly_historia;Hellgate Hall;689.2;103.8;Sunspear;0;village_A1_4|Water Gardens;D;przy panu (Martell), siedziba nieopublikowana;;Martell;Martell;;;;;Lucifer;;awoiaf.westeros.org/index.php/House_Dryland;siedziba nieopublikowana / bez opisu - rod swobodny w krainie pana
Dorne;House Holt (Dorne);Extinct;wymarly_historia;;647.5;85.6;Planky Town;0;village_A7_2|Sunmines;C;opis: Greenblood;;Martell;Martell;;;;;;;awoiaf.westeros.org/index.php/House_Holt_(Dorne);
Dorne;House Hull;Extinct;wymarly_historia;;647.5;85.6;Planky Town;0;village_A7_2|Sunmines;C;opis: Greenblood;;Martell;Martell;;;;;;;awoiaf.westeros.org/index.php/House_Hull;
Dorne;House Lake (Dorne);Extinct;wymarly_historia;;647.5;85.6;Planky Town;0;village_A7_2|Sunmines;C;opis: Greenblood;;Martell;Martell;;;;;;;awoiaf.westeros.org/index.php/House_Lake_(Dorne);
Dorne;House Shell (Dorne);Extinct;wymarly_historia;;647.5;85.6;Planky Town;0;village_A7_2|Sunmines;C;opis: Greenblood;;Martell;Martell;;;;;;;awoiaf.westeros.org/index.php/House_Shell_(Dorne);
Dorne;House Wade;Extinct;wymarly_historia;;647.5;85.6;Planky Town;0;village_A7_2|Sunmines;C;opis: Greenblood;;Martell;Martell;;;;;;;awoiaf.westeros.org/index.php/House_Wade;
The Iron Islands;House Blacktyde;Lordly;pan_okregu_ROT;Blacktyde (castle);212.8;627.6;Blacktyde;0;ROT_town7_village1|Reaver Rest;A;alias->town;Greyjoy;Greyjoy;Blacktyde;ROTclan_39 Blacktyde;Vairy green and black;"green;black";"#2E7D32;#1A1A1A";Baelor Beron;B;awoiaf.westeros.org/index.php/House_Blacktyde;
The Iron Islands;House Botley;Lordly;pan_okregu_ROT;Lordsport;175.9;561.6;Lordsport;0;village_S2_2|Saltshore;A;name=town;Greyjoy;Greyjoy;Botley;ROTclan_10 Botley;A shoal of silver fish on pale green;"green;silver";"#2E7D32;#C0C0C0";Germund Tristifer Balon Symond Sargon Maron Sawane Harren Harlon Vickon;P;awoiaf.westeros.org/index.php/House_Botley;
The Iron Islands;House Drumm;Lordly;pan_okregu_ROT;;153.8;630.2;Old Wyk;0;ROT_castle42_village1|Nagga's Cradle;C;opis: Old Wyk;Greyjoy;Greyjoy;Drumm;ROTclan_89 Drumm;A bone hand, white on red;"red;white";"#B22222;#F2F2EE";Dunstan Regnar Dale Roryn Dagon Gormond Hilmar Denys Donnel;OW;awoiaf.westeros.org/index.php/House_Drumm;
The Iron Islands;House Farwynd of the Lonely Light;Lordly;pan_okregu_ROT;Lonely Light;27.4;642.8;Lonely Light;0;village_N3_3|Fishmarket;A;name=town;Greyjoy;Greyjoy;Farwynd;ROTclan_91 Farwynd;Per fesse: below a black sea with crested line, a black longship, outlined against the setting sun;black;#1A1A1A;Gylbert Gyles Ygon Yohn;;awoiaf.westeros.org/index.php/House_Farwynd_of_the_Lonely_Light;
The Iron Islands;House Goodbrother;Lordly;pan_okregu_ROT;Hammerhorn;121.1;585.4;Hammerhorn;0;village_N4_2|Vorfjall;A;name=castle;Greyjoy;Greyjoy;Merlyn;clan_sturgia_8 Goodbrother;A gold-banded black warhorn on red;"red;gold;black";"#B22222;#D4A017;#1A1A1A";Gorold Greydon Gundor Gunthor Arthur Gormond Gysella Gwin Gran;GW;awoiaf.westeros.org/index.php/House_Goodbrother;
The Iron Islands;House Greyjoy;Great;pan_okregu_ROT;Pyke;170.2;547.8;Pyke;0;village_S3_2|Delvin;A;alias->town;Baratheon of King's Landing;Greyjoy;Greyjoy;clan_sturgia_1 Greyjoy;A golden kraken on black;"black;gold";"#1A1A1A;#D4A017";Euron Aeron Asha Loron Vickon Goren Dalton Toron Alton Dagon;P;awoiaf.westeros.org/index.php/House_Greyjoy;
The Iron Islands;House Harlaw;Lordly;pan_okregu_ROT;Ten Towers;222.2;572.9;Ten Towers;0;ROT_town22_village1|Grey Garden;A;name=town;Greyjoy;Greyjoy;Harlaw;clan_sturgia_3 Harlaw;A silver scythe on black;"black;silver";"#1A1A1A;#C0C0C0";Rodrik Harras Harron Theomore Gwynesse Alannys Gevin Dykk Hotho;H;awoiaf.westeros.org/index.php/House_Harlaw;
The Iron Islands;House Merlyn;Lordly;pan_okregu_ROT;Pebbleton;150.2;600.2;Pebbleton;0;village_N4_1|Sparr;A;name=town;Greyjoy;Greyjoy;Merlyn;ROTclan_90 Merlyn;Twining waterspouts, green on white;"white;green";"#F2F2EE;#2E7D32";Meldred Manfryd;GW;awoiaf.westeros.org/index.php/House_Merlyn;
The Iron Islands;House Orkwood;Lordly;pan_okregu_ROT;Orkmont;175.4;602.7;Orkwood;0;castle_village_S4_1|Orkmont;A;klan ROT: Orkwood;Greyjoy;Greyjoy;Orkwood;ROTclan_38 Orkwood;Dark green pines strewn closely together on yellow;"gold;green";"#D4A017;#2E7D32";Alyn;O;awoiaf.westeros.org/index.php/House_Orkwood;lore: Orkmont (alias->village), w ROT klan siedzi w Orkwood
The Iron Islands;House Sunderly;Lordly;pan_okregu_ROT;Saltcliffe;113.0;561.8;Saltcliffe;0;ROT_castle44_village1|Sunderly;A;alias->castle;Greyjoy;Greyjoy;Sunderly;ROTclan_92 Sunderly;A drowned man, pink and pale, floating upright in a blue-green sea;"pink;blue;green";"#E8A0B4;#2F5DA8;#2E7D32";;S;awoiaf.westeros.org/index.php/House_Sunderly;
The Iron Islands;House Farwynd of Sealskin Point;Lordly;pomniejszy_rod_lord;Sealskin Point;118.3;620.5;Hammerhorn;35;village_N4_3|Sealskin Point;A-;name=village;Greyjoy;Greyjoy;Merlyn;;;;;Triston;GW;awoiaf.westeros.org/index.php/House_Farwynd_of_Sealskin_Point;
The Iron Islands;House Goodbrother of Shatterstone;Lordly;pomniejszy_rod_lord;Shatterstone;153.8;630.2;Old Wyk;0;ROT_castle42_village1|Nagga's Cradle;A;alias->castle;Greyjoy;Greyjoy;Drumm;;;;;Norne;OW;awoiaf.westeros.org/index.php/House_Goodbrother_of_Shatterstone;
The Iron Islands;House Kenning of Harlaw;Lordly;pomniejszy_rod_lord;;222.2;572.9;Ten Towers;0;ROT_town22_village1|Grey Garden;C;opis: Harlaw;Harlaw;Greyjoy;Harlaw;;The storm god's cloudy hand, pale grey, yellow lightning flashing from the fingertips, on black;"black;grey;gold";"#1A1A1A;#808080;#D4A017";Herrock Ralf Qarl;H;awoiaf.westeros.org/index.php/House_Kenning_of_Harlaw;
The Iron Islands;House Myre;Lordly;pomniejszy_rod_lord;;222.2;572.9;Ten Towers;0;ROT_town22_village1|Grey Garden;C;opis: Harlaw;Harlaw;Greyjoy;Harlaw;;10 nooses, 4-3-2-1, black on white with a border of blood;"white;black;red";"#F2F2EE;#1A1A1A;#B22222";Jon;H;awoiaf.westeros.org/index.php/House_Myre;
The Iron Islands;House Saltcliffe;Lordly;pomniejszy_rod_lord;Saltcliffe;113.0;561.8;Saltcliffe;0;ROT_castle44_village1|Sunderly;A;alias->castle;Greyjoy;Greyjoy;Sunderly;;A nine-headed serpent, black on silver;"silver;black";"#C0C0C0;#1A1A1A";Donnor;S;awoiaf.westeros.org/index.php/House_Saltcliffe;
The Iron Islands;House Sparr;Lordly;pomniejszy_rod_lord;Great Wyk;121.1;585.4;Hammerhorn;0;village_N4_2|Vorfjall;A;alias->castle;Greyjoy;Greyjoy;Merlyn;;Oak saltire on blue;"blue;brown";"#2F5DA8;#7A5230";Steffarion Rodrik;GW;awoiaf.westeros.org/index.php/House_Sparr;
The Iron Islands;House Stonehouse;Lordly;pomniejszy_rod_lord;Old Wyk;153.8;630.2;Old Wyk;0;ROT_castle42_village1|Nagga's Cradle;A;alias->castle;Greyjoy;Greyjoy;Drumm;;A black brazier on a grey masonry field;"grey;black";"#808080;#1A1A1A";Ralf;OW;awoiaf.westeros.org/index.php/House_Stonehouse;
The Iron Islands;House Stonetree;Lordly;pomniejszy_rod_lord;;222.2;572.9;Ten Towers;0;ROT_town22_village1|Grey Garden;C;opis: Harlaw;Harlaw;Greyjoy;Harlaw;;A bare stone tree, grey on black;"black;grey";"#1A1A1A;#808080";Sigfry;H;awoiaf.westeros.org/index.php/House_Stonetree;
The Iron Islands;House Tawney;Lordly;pomniejszy_rod_lord;Orkmont;173.5;594.6;Orkwood;8;castle_village_S4_1|Orkmont;A-;alias->village;Greyjoy;Greyjoy;Orkwood;;A scourge of nettles, red and black, on white;"white;red;black";"#F2F2EE;#B22222;#1A1A1A";Balon Lenwood;O;awoiaf.westeros.org/index.php/House_Tawney;
The Iron Islands;House Volmark;Lordly;pomniejszy_rod_lord;Volmark;222.2;572.9;Ten Towers;0;ROT_town22_village1|Grey Garden;A;alias->town;Harlaw;Greyjoy;Harlaw;;A black leviathan on a grey sea;"grey;black";"#808080;#1A1A1A";Maron Qhorin;H;awoiaf.westeros.org/index.php/House_Volmark;
The Iron Islands;House Wynch;Lordly;pomniejszy_rod_lord;Iron Holt;169.4;571.5;Lordsport;12;village_S2_2|Saltshore;B;mapa AWOIAF (Iron Islands);Greyjoy;Greyjoy;Botley;;Bloody moon on purple;purple;#6A3D9A;Waldon Alester Aladale;P;awoiaf.westeros.org/index.php/House_Wynch;
The Iron Islands;House Harlaw of Grey Garden;Knightly;rycerz_z_ziemia;Grey Garden;232.1;583.2;Ten Towers;14;ROT_town22_village1|Grey Garden;A-;name=village;Harlaw;Greyjoy;Harlaw;;Quartered clockwise: a silver scythe on black, a peacock on cream;"black;silver;white";"#1A1A1A;#C0C0C0;#F2F2EE";Harras Rodrik Hotho;H;awoiaf.westeros.org/index.php/House_Harlaw_of_Grey_Garden;
The Iron Islands;House Harlaw of Harlaw Hall;Knightly;rycerz_z_ziemia;Harlaw Hall;222.2;572.9;Ten Towers;0;ROT_town22_village1|Grey Garden;A;alias->town;Harlaw;Greyjoy;Harlaw;;Per bend black and silver, two scythes countercharged;"black;silver";"#1A1A1A;#C0C0C0";Sigfryd;H;awoiaf.westeros.org/index.php/House_Harlaw_of_Harlaw_Hall;
The Iron Islands;House Harlaw of Harridan Hill;Knightly;rycerz_z_ziemia;Harridan Hill;215.1;607.1;Blacktyde;21;ROT_town22_village3|Harridan Hall;A-;alias->village;Harlaw;Greyjoy;Harlaw;;A silver scythe on pale blue;"blue;silver";"#2F5DA8;#C0C0C0";Boremund;H;awoiaf.westeros.org/index.php/House_Harlaw_of_Harridan_Hill;
The Iron Islands;House Harlaw of the Tower of Glimmering;Knightly;rycerz_z_ziemia;Tower of Glimmering;222.2;572.9;Ten Towers;0;ROT_town22_village1|Grey Garden;A;alias->town;Harlaw;Greyjoy;Harlaw;;A silver scythe on black within an embattled border;"black;silver";"#1A1A1A;#C0C0C0";Hotho Rodrik Harras;H;awoiaf.westeros.org/index.php/House_Harlaw_of_the_Tower_of_Glimmering;
The Iron Islands;House Codd;Other;pomniejszy_rod;;170.2;547.8;Pyke;0;village_S3_2|Delvin;D;przy panu (Greyjoy), siedziba nieopublikowana;Greyjoy;Greyjoy;Greyjoy;;A silver codfish;silver;#C0C0C0;Lucas Eldred Dagon Tom;;awoiaf.westeros.org/index.php/House_Codd;siedziba nieopublikowana / bez opisu - rod swobodny w krainie pana
The Iron Islands;House Goodbrother of Crow Spike Keep;Other;pomniejszy_rod;Crow Spike Keep;121.1;585.4;Hammerhorn;0;village_N4_2|Vorfjall;A;alias->castle;Goodbrother;Greyjoy;Merlyn;;;;;Greydon Gorold;GW;awoiaf.westeros.org/index.php/House_Goodbrother_of_Crow_Spike_Keep;
The Iron Islands;House Goodbrother of Downdelving;Other;pomniejszy_rod;Downdelving;104.2;590.9;Hammerhorn;18;castle_village_S3_1|Downdelving;A-;name=village;Goodbrother;Greyjoy;Goodbrother;;;;;Greydon Gorold;GW;awoiaf.westeros.org/index.php/House_Goodbrother_of_Downdelving;
The Iron Islands;House Goodbrother of Orkmont;Other;pomniejszy_rod;;173.5;594.6;Orkwood;8;castle_village_S4_1|Orkmont;C;opis: Orkmont;Greyjoy;Greyjoy;Orkwood;;;;;;O;awoiaf.westeros.org/index.php/House_Goodbrother_of_Orkmont;
The Iron Islands;House Humble;Other;pomniejszy_rod;;121.1;585.4;Hammerhorn;0;village_N4_2|Vorfjall;C;opis: Great Wyk;Greyjoy;Greyjoy;Merlyn;;;;;Adrack Will Quellon Burton;1,GW;awoiaf.westeros.org/index.php/House_Humble;
The Iron Islands;House Ironmaker;Other;pomniejszy_rod;;170.2;547.8;Pyke;0;village_S3_2|Delvin;D;przy panu (Greyjoy), siedziba nieopublikowana;Greyjoy;Greyjoy;Greyjoy;;;;;Erik Urek Thormor Dagon;;awoiaf.westeros.org/index.php/House_Ironmaker;siedziba nieopublikowana / bez opisu - rod swobodny w krainie pana
The Iron Islands;House Netley;Other;pomniejszy_rod;;153.8;630.2;Old Wyk;0;ROT_castle42_village1|Nagga's Cradle;C;opis: Old Wyk;Greyjoy;Greyjoy;Drumm;;;;;;1;awoiaf.westeros.org/index.php/House_Netley;
The Iron Islands;House Sharp;Other;pomniejszy_rod;;170.2;547.8;Pyke;0;village_S3_2|Delvin;D;przy panu (Greyjoy), siedziba nieopublikowana;Greyjoy;Greyjoy;Greyjoy;;;;;Harrag Alvyn Harmund;;awoiaf.westeros.org/index.php/House_Sharp;siedziba nieopublikowana / bez opisu - rod swobodny w krainie pana
The Iron Islands;House Shepherd;Other;pomniejszy_rod;;153.8;630.2;Old Wyk;0;ROT_castle42_village1|Nagga's Cradle;C;opis: Old Wyk;Greyjoy;Greyjoy;Drumm;;;;;Daegon Qarl;1;awoiaf.westeros.org/index.php/House_Shepherd;
The Iron Islands;House Weaver;Other;pomniejszy_rod;;170.2;547.8;Pyke;0;village_S3_2|Delvin;D;przy panu (Greyjoy), siedziba nieopublikowana;Greyjoy;Greyjoy;Greyjoy;;;;;Romny;1;awoiaf.westeros.org/index.php/House_Weaver;siedziba nieopublikowana / bez opisu - rod swobodny w krainie pana
The Iron Islands;House Goodbrother of Corpse Lake;Other;wymarly_historia;Corpse Lake;121.1;585.4;Hammerhorn;0;village_N4_2|Vorfjall;A;alias->castle;Goodbrother;Greyjoy;Merlyn;;;;;Greydon Gorold;GW;awoiaf.westeros.org/index.php/House_Goodbrother_of_Corpse_Lake;
The Iron Islands;House Greyiron;Extinct;wymarly_historia;Orkmont;173.5;594.6;Orkwood;8;castle_village_S4_1|Orkmont;A-;alias->village;;Greyjoy;Orkwood;;The sea king's head, white with dark green seaweed beard and hair, a black crown on a grey field;"grey;white;green";"#808080;#F2F2EE;#2E7D32";Urras Torgon Urron;O;awoiaf.westeros.org/index.php/House_Greyiron;
Essos: Astapor;House of Nakloz (mo Nakloz);Good Masters;rod_essos;Astapor;1369.3;125.0;Astapor;0;village_A2_2|Abu Khih;C;miasto (rod z miasta);Good Masters;Good Masters;Mormont, Jorah;;;;;Kraznys;ES;awoiaf.westeros.org/index.php/Good_Masters;"Essos: bez herbow w lore; wsie wokol miasta = posiadlosci (estates) rodow miasta"
Essos: Astapor;House of Ullhor (mo Ullhor);Good Masters;rod_essos;Astapor;1369.3;125.0;Astapor;0;village_A2_2|Abu Khih;C;miasto (rod z miasta);Good Masters;Good Masters;Mormont, Jorah;;;;;Grazdan;ES;awoiaf.westeros.org/index.php/Good_Masters;"Essos: bez herbow w lore; wsie wokol miasta = posiadlosci (estates) rodow miasta"
Essos: Braavos;House Antaryon;Sealord / keyholders;pan_okregu_ROT;Braavos;857.4;664.4;Braavos;0;village_EN5_2|Orthra;C;miasto (rod z miasta);Sealord / keyholders;Sealord / keyholders;Antaryon;clan_empire_south_4 Antaryon;;;;Ferrego;ES;awoiaf.westeros.org/index.php/Keyholders;"Essos: bez herbow w lore; wsie wokol miasta = posiadlosci (estates) rodow miasta"
Essos: Braavos;House Fregar;Sealord / keyholders;pan_okregu_ROT;Braavos;857.4;664.4;Braavos;0;village_EN5_2|Orthra;C;miasto (rod z miasta);Sealord / keyholders;Sealord / keyholders;Antaryon;ROTclan_93 Fregar;;;;Tormo;ES;awoiaf.westeros.org/index.php/Keyholders;"Essos: bez herbow w lore; wsie wokol miasta = posiadlosci (estates) rodow miasta"
Essos: Braavos;House Prestayn;Sealord / keyholders;pan_okregu_ROT;Braavos;857.4;664.4;Braavos;0;village_EN5_2|Orthra;C;miasto (rod z miasta);Sealord / keyholders;Sealord / keyholders;Antaryon;ROTclan_80 Prestayn;;;;Luco Moredo;ES;awoiaf.westeros.org/index.php/Keyholders;"Essos: bez herbow w lore; wsie wokol miasta = posiadlosci (estates) rodow miasta"
Essos: Braavos;House Nhai;Sealord / keyholders;rod_essos;Braavos;857.4;664.4;Braavos;0;village_EN5_2|Orthra;C;miasto (rod z miasta);Sealord / keyholders;Sealord / keyholders;Antaryon;;;;;Jogos;ES;awoiaf.westeros.org/index.php/Keyholders;"Essos: bez herbow w lore; wsie wokol miasta = posiadlosci (estates) rodow miasta"
Essos: Braavos;House Otharys;Sealord / keyholders;rod_essos;Braavos;857.4;664.4;Braavos;0;village_EN5_2|Orthra;C;miasto (rod z miasta);Sealord / keyholders;Sealord / keyholders;Antaryon;;;;;;ES;awoiaf.westeros.org/index.php/Keyholders;"Essos: bez herbow w lore; wsie wokol miasta = posiadlosci (estates) rodow miasta"
Essos: Braavos;House Otherys;Sealord / keyholders;rod_essos;Braavos;857.4;664.4;Braavos;0;village_EN5_2|Orthra;C;miasto (rod z miasta);Sealord / keyholders;Sealord / keyholders;Antaryon;;;;;Bellegere Bellenora;ES;awoiaf.westeros.org/index.php/Keyholders;"Essos: bez herbow w lore; wsie wokol miasta = posiadlosci (estates) rodow miasta"
Essos: Braavos;House Reyaan;Sealord / keyholders;rod_essos;Braavos;857.4;664.4;Braavos;0;village_EN5_2|Orthra;C;miasto (rod z miasta);Sealord / keyholders;Sealord / keyholders;Antaryon;;;;;Bessaro;ES;awoiaf.westeros.org/index.php/Keyholders;"Essos: bez herbow w lore; wsie wokol miasta = posiadlosci (estates) rodow miasta"
Essos: Braavos;House Zalyne;Sealord / keyholders;rod_essos;Braavos;857.4;664.4;Braavos;0;village_EN5_2|Orthra;C;miasto (rod z miasta);Sealord / keyholders;Sealord / keyholders;Antaryon;;;;;Uthero;ES;awoiaf.westeros.org/index.php/Keyholders;"Essos: bez herbow w lore; wsie wokol miasta = posiadlosci (estates) rodow miasta"
Essos: Lys;House Lohar;Magisters;pan_okregu_ROT;Lys;883.4;84.0;Lys;0;village_A4_4|Doqa;C;miasto (rod z miasta);Magisters;Magisters;Ormollen;ROTclan_115 Lohar;;;;Sharako;ES;awoiaf.westeros.org/index.php/Lys;"Essos: bez herbow w lore; wsie wokol miasta = posiadlosci (estates) rodow miasta"
Essos: Lys;House Orthys;Magisters;pan_okregu_ROT;Lys;883.4;84.0;Lys;0;village_A4_4|Doqa;C;miasto (rod z miasta);Magisters;Magisters;Ormollen;ROTclan_99 Orthys;;;;Matteno;ES;awoiaf.westeros.org/index.php/Lys;"Essos: bez herbow w lore; wsie wokol miasta = posiadlosci (estates) rodow miasta"
Essos: Lys;House Pendaerys;Magisters;pan_okregu_ROT;Lys;883.4;84.0;Lys;0;village_A4_4|Doqa;C;miasto (rod z miasta);Magisters;Magisters;Ormollen;ROTclan_78 Pendaerys;;;;Silvario Pereno;ES;awoiaf.westeros.org/index.php/Lys;"Essos: bez herbow w lore; wsie wokol miasta = posiadlosci (estates) rodow miasta"
Essos: Lys;House Bazanne;Magisters;rod_essos;Lys;883.4;84.0;Lys;0;village_A4_4|Doqa;C;miasto (rod z miasta);Magisters;Magisters;Ormollen;;;;;Bambarro;ES;awoiaf.westeros.org/index.php/Lys;"Essos: bez herbow w lore; wsie wokol miasta = posiadlosci (estates) rodow miasta"
Essos: Lys;House Dagareon;Magisters;rod_essos;Lys;883.4;84.0;Lys;0;village_A4_4|Doqa;C;miasto (rod z miasta);Magisters;Magisters;Ormollen;;;;;Moreo;ES;awoiaf.westeros.org/index.php/Lys;"Essos: bez herbow w lore; wsie wokol miasta = posiadlosci (estates) rodow miasta"
Essos: Lys;House Haen;Magisters;rod_essos;Lys;883.4;84.0;Lys;0;village_A4_4|Doqa;C;miasto (rod z miasta);Magisters;Magisters;Ormollen;;;;;Torreo;ES;awoiaf.westeros.org/index.php/Lys;"Essos: bez herbow w lore; wsie wokol miasta = posiadlosci (estates) rodow miasta"
Essos: Lys;House Rogare;Magisters;rod_essos;Lys;883.4;84.0;Lys;0;village_A4_4|Doqa;C;miasto (rod z miasta);Magisters;Magisters;Ormollen;;;;;Lysandro Larra Drazenko Lysaro Lotho Roggerio Moredo;ES;awoiaf.westeros.org/index.php/Lys;"Essos: bez herbow w lore; wsie wokol miasta = posiadlosci (estates) rodow miasta"
Essos: Meereen;House Galare;Great Masters;rod_essos;Meereen;1441.4;228.9;Meereen;0;village_K1_2|Ulaan;C;miasto (rod z miasta);Great Masters;Great Masters;Targaryen;;;;;Galazza Grazdar;ES;awoiaf.westeros.org/index.php/Great_Masters;"Essos: bez herbow w lore; wsie wokol miasta = posiadlosci (estates) rodow miasta"
Essos: Meereen;House of Dhazak (zo Dhazak);Great Masters;rod_essos;Meereen;1441.4;228.9;Meereen;0;village_K1_2|Ulaan;C;miasto (rod z miasta);Great Masters;Great Masters;Targaryen;;;;;;ES;awoiaf.westeros.org/index.php/Great_Masters;"Essos: bez herbow w lore; wsie wokol miasta = posiadlosci (estates) rodow miasta"
Essos: Meereen;House of Ghazeen (zo Ghazeen);Great Masters;rod_essos;Meereen;1441.4;228.9;Meereen;0;village_K1_2|Ulaan;C;miasto (rod z miasta);Great Masters;Great Masters;Targaryen;;;;;;ES;awoiaf.westeros.org/index.php/Great_Masters;"Essos: bez herbow w lore; wsie wokol miasta = posiadlosci (estates) rodow miasta"
Essos: Meereen;House of Hazkar (zo Hazkar);Great Masters;rod_essos;Meereen;1441.4;228.9;Meereen;0;village_K1_2|Ulaan;C;miasto (rod z miasta);Great Masters;Great Masters;Targaryen;;;;;;ES;awoiaf.westeros.org/index.php/Great_Masters;"Essos: bez herbow w lore; wsie wokol miasta = posiadlosci (estates) rodow miasta"
Essos: Meereen;House of Kandaq (mo Kandaq);Great Masters;rod_essos;Meereen;1441.4;228.9;Meereen;0;village_K1_2|Ulaan;C;miasto (rod z miasta);Great Masters;Great Masters;Targaryen;;;;;Skahaz;ES;awoiaf.westeros.org/index.php/Great_Masters;"Essos: bez herbow w lore; wsie wokol miasta = posiadlosci (estates) rodow miasta"
Essos: Meereen;House of Loraq (zo Loraq);Great Masters;rod_essos;Meereen;1441.4;228.9;Meereen;0;village_K1_2|Ulaan;C;miasto (rod z miasta);Great Masters;Great Masters;Targaryen;;;;;Hizdahr;ES;awoiaf.westeros.org/index.php/Great_Masters;"Essos: bez herbow w lore; wsie wokol miasta = posiadlosci (estates) rodow miasta"
Essos: Meereen;House of Merreq (zo Merreq);Great Masters;rod_essos;Meereen;1441.4;228.9;Meereen;0;village_K1_2|Ulaan;C;miasto (rod z miasta);Great Masters;Great Masters;Targaryen;;;;;;ES;awoiaf.westeros.org/index.php/Great_Masters;"Essos: bez herbow w lore; wsie wokol miasta = posiadlosci (estates) rodow miasta"
Essos: Meereen;House of Naqqan (zo Naqqan);Great Masters;rod_essos;Meereen;1441.4;228.9;Meereen;0;village_K1_2|Ulaan;C;miasto (rod z miasta);Great Masters;Great Masters;Targaryen;;;;;;ES;awoiaf.westeros.org/index.php/Great_Masters;"Essos: bez herbow w lore; wsie wokol miasta = posiadlosci (estates) rodow miasta"
Essos: Meereen;House of Pahl (zo Pahl);Great Masters;rod_essos;Meereen;1441.4;228.9;Meereen;0;village_K1_2|Ulaan;C;miasto (rod z miasta);Great Masters;Great Masters;Targaryen;;;;;Oznak;ES;awoiaf.westeros.org/index.php/Great_Masters;"Essos: bez herbow w lore; wsie wokol miasta = posiadlosci (estates) rodow miasta"
Essos: Meereen;House of Quazzar (zo Quazzar);Great Masters;rod_essos;Meereen;1441.4;228.9;Meereen;0;village_K1_2|Ulaan;C;miasto (rod z miasta);Great Masters;Great Masters;Targaryen;;;;;;ES;awoiaf.westeros.org/index.php/Great_Masters;"Essos: bez herbow w lore; wsie wokol miasta = posiadlosci (estates) rodow miasta"
Essos: Meereen;House of Reznak (mo Reznak);Great Masters;rod_essos;Meereen;1441.4;228.9;Meereen;0;village_K1_2|Ulaan;C;miasto (rod z miasta);Great Masters;Great Masters;Targaryen;;;;;Reznak;ES;awoiaf.westeros.org/index.php/Great_Masters;"Essos: bez herbow w lore; wsie wokol miasta = posiadlosci (estates) rodow miasta"
Essos: Meereen;House of Rhazdar (zo Rhazdar);Great Masters;rod_essos;Meereen;1441.4;228.9;Meereen;0;village_K1_2|Ulaan;C;miasto (rod z miasta);Great Masters;Great Masters;Targaryen;;;;;;ES;awoiaf.westeros.org/index.php/Great_Masters;"Essos: bez herbow w lore; wsie wokol miasta = posiadlosci (estates) rodow miasta"
Essos: Meereen;House of Uhlez (zo Uhlez);Great Masters;rod_essos;Meereen;1441.4;228.9;Meereen;0;village_K1_2|Ulaan;C;miasto (rod z miasta);Great Masters;Great Masters;Targaryen;;;;;;ES;awoiaf.westeros.org/index.php/Great_Masters;"Essos: bez herbow w lore; wsie wokol miasta = posiadlosci (estates) rodow miasta"
Essos: Meereen;House of Yherizan (zo Yherizan);Great Masters;rod_essos;Meereen;1441.4;228.9;Meereen;0;village_K1_2|Ulaan;C;miasto (rod z miasta);Great Masters;Great Masters;Targaryen;;;;;;ES;awoiaf.westeros.org/index.php/Great_Masters;"Essos: bez herbow w lore; wsie wokol miasta = posiadlosci (estates) rodow miasta"
Essos: Meereen;House of Zhak (zo Zhak);Great Masters;rod_essos;Meereen;1441.4;228.9;Meereen;0;village_K1_2|Ulaan;C;miasto (rod z miasta);Great Masters;Great Masters;Targaryen;;;;;;ES;awoiaf.westeros.org/index.php/Great_Masters;"Essos: bez herbow w lore; wsie wokol miasta = posiadlosci (estates) rodow miasta"
Essos: Myr;House Drahar;Magisters;pan_okregu_ROT;Myr;926.1;221.3;Myr;0;village_A8_1|Ezbet Nahul;C;miasto (rod z miasta);Magisters;Magisters;Drahar;clan_aserai_2 Drahar;;;;Craghas;ES;awoiaf.westeros.org/index.php/Myr;"Essos: bez herbow w lore; wsie wokol miasta = posiadlosci (estates) rodow miasta"
Essos: Norvos;House Golathis;Bearded priests / magisters;pan_okregu_ROT;Norvos;1068.5;504.0;Norvos;0;village_ES1_4|Erebulos;C;miasto (rod z miasta);Bearded priests / magisters;Bearded priests / magisters;Quarro;ROTclan_82 Golathis;;;;Doro;ES;awoiaf.westeros.org/index.php/Norvos;"Essos: bez herbow w lore; wsie wokol miasta = posiadlosci (estates) rodow miasta"
Essos: Norvos;House Hotah;Bearded priests / magisters;rod_essos;Norvos;1068.5;504.0;Norvos;0;village_ES1_4|Erebulos;C;miasto (rod z miasta);Bearded priests / magisters;Bearded priests / magisters;Quarro;;;;;Areo;ES;awoiaf.westeros.org/index.php/Norvos;"Essos: bez herbow w lore; wsie wokol miasta = posiadlosci (estates) rodow miasta"
Essos: Norvos;House Votyris;Bearded priests / magisters;rod_essos;Norvos;1068.5;504.0;Norvos;0;village_ES1_4|Erebulos;C;miasto (rod z miasta);Bearded priests / magisters;Bearded priests / magisters;Quarro;;;;;Byan;ES;awoiaf.westeros.org/index.php/Norvos;"Essos: bez herbow w lore; wsie wokol miasta = posiadlosci (estates) rodow miasta"
Essos: Pentos;House Mopatis;Magisters (Prince of Pentos);pan_okregu_ROT;Pentos;862.8;403.1;Pentos;0;village_EN4_2|Alatys;C;miasto (rod z miasta);Magisters (Prince of Pentos);Magisters (Prince of Pentos);Mopatis;clan_aserai_3 Mopatis;;;;Illyrio;ES;awoiaf.westeros.org/index.php/Pentos;"Essos: bez herbow w lore; wsie wokol miasta = posiadlosci (estates) rodow miasta"
Essos: Pentos;House Draz;Magisters (Prince of Pentos);rod_essos;Pentos;862.8;403.1;Pentos;0;village_EN4_2|Alatys;C;miasto (rod z miasta);Magisters (Prince of Pentos);Magisters (Prince of Pentos);Mopatis;;;;;Rego;ES;awoiaf.westeros.org/index.php/Pentos;"Essos: bez herbow w lore; wsie wokol miasta = posiadlosci (estates) rodow miasta"
Essos: Pentos;House Haratis;Magisters (Prince of Pentos);rod_essos;Pentos;862.8;403.1;Pentos;0;village_EN4_2|Alatys;C;miasto (rod z miasta);Magisters (Prince of Pentos);Magisters (Prince of Pentos);Mopatis;;;;;Gessio;ES;awoiaf.westeros.org/index.php/Pentos;"Essos: bez herbow w lore; wsie wokol miasta = posiadlosci (estates) rodow miasta"
Essos: Pentos;House Narratys;Magisters (Prince of Pentos);rod_essos;Pentos;862.8;403.1;Pentos;0;village_EN4_2|Alatys;C;miasto (rod z miasta);Magisters (Prince of Pentos);Magisters (Prince of Pentos);Mopatis;;;;;Nevio;ES;awoiaf.westeros.org/index.php/Pentos;"Essos: bez herbow w lore; wsie wokol miasta = posiadlosci (estates) rodow miasta"
Essos: Qarth;House Votar;Pureborn / the Thirteen;rod_essos;Qarth;1549.3;120.6;Qarth;0;ROT_town35_village1|Qolahn;C;miasto (rod z miasta);Pureborn / the Thirteen;Pureborn / the Thirteen;Emeros;;;;;Colloquo;ES;awoiaf.westeros.org/index.php/Thirteen;"Essos: bez herbow w lore; wsie wokol miasta = posiadlosci (estates) rodow miasta"
Essos: Qarth;House Xhoan Daxos;Pureborn / the Thirteen;rod_essos;Qarth;1549.3;120.6;Qarth;0;ROT_town35_village1|Qolahn;C;miasto (rod z miasta);Pureborn / the Thirteen;Pureborn / the Thirteen;Emeros;;;;;Xaro;ES;awoiaf.westeros.org/index.php/Thirteen;"Essos: bez herbow w lore; wsie wokol miasta = posiadlosci (estates) rodow miasta"
Essos: Qarth;House Xhore;Pureborn / the Thirteen;rod_essos;Qarth;1549.3;120.6;Qarth;0;ROT_town35_village1|Qolahn;C;miasto (rod z miasta);Pureborn / the Thirteen;Pureborn / the Thirteen;Emeros;;;;;Xandarro;ES;awoiaf.westeros.org/index.php/Thirteen;"Essos: bez herbow w lore; wsie wokol miasta = posiadlosci (estates) rodow miasta"
Essos: Qohor;House Mott;Magisters;rod_essos;Qohor;1169.8;413.0;Qohor;0;village_ES6_1|Saldannis;C;miasto (rod z miasta);Magisters;Magisters;Talordis;;;;;Tobho;ES;awoiaf.westeros.org/index.php/Qohor;"Essos: bez herbow w lore; wsie wokol miasta = posiadlosci (estates) rodow miasta"
Essos: Tyrosh;House Ryndoon;Archon;pan_okregu_ROT;Tyrosh;779.1;217.5;Tyrosh;0;village_A5_3|Waltas;C;miasto (rod z miasta);Archon;Archon;Ryndoon;clan_aserai_8 Ryndoon;;;;Racallio;ES;awoiaf.westeros.org/index.php/Tyrosh;"Essos: bez herbow w lore; wsie wokol miasta = posiadlosci (estates) rodow miasta"
Essos: Tyrosh;House Uhoris;Archon;pan_okregu_ROT;Tyrosh;779.1;217.5;Tyrosh;0;village_A5_3|Waltas;C;miasto (rod z miasta);Archon;Archon;Ryndoon;ROTclan_22 Uhoris;;;;Roro;ES;awoiaf.westeros.org/index.php/Tyrosh;"Essos: bez herbow w lore; wsie wokol miasta = posiadlosci (estates) rodow miasta"
Essos: Tyrosh;House Adarys;Archon;rod_essos;Tyrosh;779.1;217.5;Tyrosh;0;village_A5_3|Waltas;C;miasto (rod z miasta);Archon;Archon;Ryndoon;;;;;Alequo;ES;awoiaf.westeros.org/index.php/Tyrosh;"Essos: bez herbow w lore; wsie wokol miasta = posiadlosci (estates) rodow miasta"
Essos: Tyrosh;House Quaynis;Archon;rod_essos;Tyrosh;779.1;217.5;Tyrosh;0;village_A5_3|Waltas;C;miasto (rod z miasta);Archon;Archon;Ryndoon;;;;;Collio;ES;awoiaf.westeros.org/index.php/Tyrosh;"Essos: bez herbow w lore; wsie wokol miasta = posiadlosci (estates) rodow miasta"
Essos: Tyrosh;House Tumitis;Archon;rod_essos;Tyrosh;779.1;217.5;Tyrosh;0;village_A5_3|Waltas;C;miasto (rod z miasta);Archon;Archon;Ryndoon;;;;;Moreo;ES;awoiaf.westeros.org/index.php/Tyrosh;"Essos: bez herbow w lore; wsie wokol miasta = posiadlosci (estates) rodow miasta"
Essos: Volantis;House Maegyr;Old Blood (triarchs);pan_okregu_ROT;Volantis;1147.7;137.6;Volantis;0;village_ES2_3|Avalyps;C;miasto (rod z miasta);Old Blood (triarchs);Old Blood (triarchs);Maegyr;clan_empire_south_2 Maegyr;;;;Malaquo;ES;awoiaf.westeros.org/index.php/Triarch_of_Volantis;"Essos: bez herbow w lore; wsie wokol miasta = posiadlosci (estates) rodow miasta"
Essos: Volantis;House Paenymion;Old Blood (triarchs);pan_okregu_ROT;Volantis;1147.7;137.6;Volantis;0;village_ES2_3|Avalyps;C;miasto (rod z miasta);Old Blood (triarchs);Old Blood (triarchs);Maegyr;clan_empire_south_6 Paenymion;;;;Doniphos;ES;awoiaf.westeros.org/index.php/Triarch_of_Volantis;"Essos: bez herbow w lore; wsie wokol miasta = posiadlosci (estates) rodow miasta"
Essos: Volantis;House Qhaedar;Old Blood (triarchs);pan_okregu_ROT;Volantis;1147.7;137.6;Volantis;0;village_ES2_3|Avalyps;C;miasto (rod z miasta);Old Blood (triarchs);Old Blood (triarchs);Maegyr;ROTclan_119 Qhaedar;;;;Alios;ES;awoiaf.westeros.org/index.php/Triarch_of_Volantis;"Essos: bez herbow w lore; wsie wokol miasta = posiadlosci (estates) rodow miasta"
Essos: Volantis;House Staegone;Old Blood (triarchs);pan_okregu_ROT;Volantis;1147.7;137.6;Volantis;0;village_ES2_3|Avalyps;C;miasto (rod z miasta);Old Blood (triarchs);Old Blood (triarchs);Maegyr;ROTclan_97 Staegone;;;;Belicho;ES;awoiaf.westeros.org/index.php/Triarch_of_Volantis;"Essos: bez herbow w lore; wsie wokol miasta = posiadlosci (estates) rodow miasta"
Essos: Volantis;House Vaelaros;Old Blood (triarchs);pan_okregu_ROT;Volantis;1147.7;137.6;Volantis;0;village_ES2_3|Avalyps;C;miasto (rod z miasta);Old Blood (triarchs);Old Blood (triarchs);Maegyr;ROTclan_27 Vaelaros;;;;Parquello;ES;awoiaf.westeros.org/index.php/Triarch_of_Volantis;"Essos: bez herbow w lore; wsie wokol miasta = posiadlosci (estates) rodow miasta"
Essos: Volantis;House Vhassar;Old Blood (triarchs);pan_okregu_ROT;Volantis;1147.7;137.6;Volantis;0;village_ES2_3|Avalyps;C;miasto (rod z miasta);Old Blood (triarchs);Old Blood (triarchs);Maegyr;clan_empire_south_8 Vhassar;;;;Nyessos;ES;awoiaf.westeros.org/index.php/Triarch_of_Volantis;"Essos: bez herbow w lore; wsie wokol miasta = posiadlosci (estates) rodow miasta"
Essos: Volantis;House Tagaros;Old Blood (triarchs);rod_essos;Volantis;1147.7;137.6;Volantis;0;village_ES2_3|Avalyps;C;miasto (rod z miasta);Old Blood (triarchs);Old Blood (triarchs);Maegyr;;;;;Marqelo;ES;awoiaf.westeros.org/index.php/Triarch_of_Volantis;"Essos: bez herbow w lore; wsie wokol miasta = posiadlosci (estates) rodow miasta"
Essos: Yunkai;House of Qaggaz (zo Qaggaz);Wise Masters;pan_okregu_ROT;Yunkai;1400.4;176.7;Yunkai;0;village_A3_2|Slave Pits;C;miasto (rod z miasta);Wise Masters;Wise Masters;Second Sons;ROTclan_106 Qaggaz;;;;Yezzan;ES;awoiaf.westeros.org/index.php/Wise_Masters;"Essos: bez herbow w lore; wsie wokol miasta = posiadlosci (estates) rodow miasta"
Essos: Yunkai;House of Ahlaq (zo Ahlaq);Wise Masters;rod_essos;Yunkai;1400.4;176.7;Yunkai;0;village_A3_2|Slave Pits;C;miasto (rod z miasta);Wise Masters;Wise Masters;Second Sons;;;;;Ghazdor;ES;awoiaf.westeros.org/index.php/Wise_Masters;"Essos: bez herbow w lore; wsie wokol miasta = posiadlosci (estates) rodow miasta"
Essos: Yunkai;House of Eraz (mo Eraz);Wise Masters;rod_essos;Yunkai;1400.4;176.7;Yunkai;0;village_A3_2|Slave Pits;C;miasto (rod z miasta);Wise Masters;Wise Masters;Second Sons;;;;;Grazdan Gorzhak;ES;awoiaf.westeros.org/index.php/Wise_Masters;"Essos: bez herbow w lore; wsie wokol miasta = posiadlosci (estates) rodow miasta"
Essos: Yunkai;House of Faez (zo Faez);Wise Masters;rod_essos;Yunkai;1400.4;176.7;Yunkai;0;village_A3_2|Slave Pits;C;miasto (rod z miasta);Wise Masters;Wise Masters;Second Sons;;;;;Faezhar;ES;awoiaf.westeros.org/index.php/Wise_Masters;"Essos: bez herbow w lore; wsie wokol miasta = posiadlosci (estates) rodow miasta"
Essos: Yunkai;House of Myraq (zo Myraq);Wise Masters;rod_essos;Yunkai;1400.4;176.7;Yunkai;0;village_A3_2|Slave Pits;C;miasto (rod z miasta);Wise Masters;Wise Masters;Second Sons;;;;;Paezhar;ES;awoiaf.westeros.org/index.php/Wise_Masters;"Essos: bez herbow w lore; wsie wokol miasta = posiadlosci (estates) rodow miasta"
Essos: Yunkai;House of Rhaezn (zo Rhaezn);Wise Masters;rod_essos;Yunkai;1400.4;176.7;Yunkai;0;village_A3_2|Slave Pits;C;miasto (rod z miasta);Wise Masters;Wise Masters;Second Sons;;;;;Chezdhar Maezon Grazdhan;ES;awoiaf.westeros.org/index.php/Wise_Masters;"Essos: bez herbow w lore; wsie wokol miasta = posiadlosci (estates) rodow miasta"
Essos: Yunkai;House of Yunzak (zo Yunzak);Wise Masters;rod_essos;Yunkai;1400.4;176.7;Yunkai;0;village_A3_2|Slave Pits;C;miasto (rod z miasta);Wise Masters;Wise Masters;Second Sons;;;;;Yurkhaz;ES;awoiaf.westeros.org/index.php/Wise_Masters;"Essos: bez herbow w lore; wsie wokol miasta = posiadlosci (estates) rodow miasta"
Essos: Yunkai;House of Zherzyn (zo Zherzyn);Wise Masters;rod_essos;Yunkai;1400.4;176.7;Yunkai;0;village_A3_2|Slave Pits;C;miasto (rod z miasta);Wise Masters;Wise Masters;Second Sons;;;;;Morghaz;ES;awoiaf.westeros.org/index.php/Wise_Masters;"Essos: bez herbow w lore; wsie wokol miasta = posiadlosci (estates) rodow miasta"
