# Armoury: named map villages (population prototype, 4000 people per village, ROT 8.1.8). One row = one map village
# (cluster of settlements of the district of village_id). road_deg = road / river / coast direction 0..180; order = default burn order
# (0 = nearest to the game village by road); front_deg = model front (local +Y) yaw; half_len/half_wid = footprint.
#id	village_id	name	x	y	road_deg	settlements	order	kind	uid	class	side	level	road_dist	toward_village	neighbors	front_deg	half_len	half_wid	face
1	ROT_castle15_village1	Crossfield	534.96	409.55	100.1	16	0	crossroad	ROT_castle15_village1#e747e32f	H	0	1	12.9	-	-	-79.9	1.30	0.70	3108
2	ROT_castle15_village2	Crow's Elm	539.29	436.41	90.3	16	0	road	ROT_castle15_village2#f1926faa	R	-1	1	6.3	-	-	90.3	1.30	0.70	3119
3	ROT_castle16_village1	Longton	477.92	446.50	87.4	27	1	crossroad	ROT_castle16_village1#c0506747	H	0	2	8.0	ROT_castle16_village1#28ccc024	ROT_castle16_village1#28ccc024,ROT_castle16_village1#a41d7576,ROT_castle16_village1#95e0c112,ROT_castle16_village1#c05ed714	87.4	1.30	0.70	2929
4	ROT_castle16_village1	Carter's Field	473.00	455.21	92.5	16	4	road	ROT_castle16_village1#95e0c112	R	-1	1	12.7	ROT_castle16_village1#c0506747	ROT_castle16_village1#c0506747,ROT_castle16_village1#28ccc024,ROT_castle16_village1#a41d7576,ROT_castle16_village1#c05ed714	-87.5	1.30	0.70	2929
5	ROT_castle16_village1	Knight's Hollow	477.69	435.56	126.3	16	5	road	ROT_castle16_village1#c05ed714	R	1	1	13.7	ROT_castle16_village1#a41d7576	ROT_castle16_village1#a41d7576,ROT_castle16_village1#c0506747,ROT_castle16_village1#28ccc024,ROT_castle16_village1#95e0c112	-53.7	1.30	0.70	3100
6	ROT_castle16_village1	Fair Oaks	480.98	441.10	95.3	16	2	road	ROT_castle16_village1#a41d7576	R	-1	1	11.5	ROT_castle16_village1#c0506747	ROT_castle16_village1#c05ed714,ROT_castle16_village1#c0506747,ROT_castle16_village1#28ccc024,ROT_castle16_village1#95e0c112	95.3	1.30	0.70	3098
7	ROT_castle16_village1	Tanner's Hollow	468.50	443.50	178.2	16	0	road	ROT_castle16_village1#28ccc024	R	-1	1	4.8	-	ROT_castle16_village1#c0506747,ROT_castle16_village1#a41d7576,ROT_castle16_village1#95e0c112,ROT_castle16_village1#c05ed714	-1.8	1.30	0.70	3259
8	ROT_castle16_village1	Miller's Bend	460.61	429.61	90.8	16	6	river	ROT_castle16_village1#48793e8c	R	1	1	20.5	-	ROT_castle16_village1#28ccc024,ROT_castle16_village1#c0506747,ROT_castle16_village1#a41d7576,ROT_castle16_village1#0b2acca3	90.8	1.30	0.70	3219
9	ROT_castle16_village1	Upper Mill	457.52	439.68	119.2	16	3	river	ROT_castle16_village1#0b2acca3	R	1	1	12.2	-	ROT_castle16_village1#28ccc024,ROT_castle16_village1#c0506747,ROT_castle16_village1#a41d7576,ROT_castle16_village1#95e0c112	119.2	1.30	0.70	3996
10	ROT_castle16_village2	Dunley	489.06	463.90	116.8	16	0	road	ROT_castle16_village2#51169e76	R	-1	1	4.4	-	ROT_castle16_village2#5118e54b,ROT_castle16_village2#34310786,ROT_castle16_village2#8f1b6513,ROT_castle16_village2#8f187605	116.8	1.30	0.70	3097
11	ROT_castle16_village2	Cooper's Oak	489.18	470.28	94.9	16	1	road	ROT_castle16_village2#5118e54b	R	-1	1	9.2	ROT_castle16_village2#51169e76	ROT_castle16_village2#34310786,ROT_castle16_village2#51169e76,ROT_castle16_village2#8f1b6513,ROT_castle16_village2#8f187605	94.9	1.30	0.70	3095
12	ROT_castle16_village2	Redton	484.42	475.56	97.6	16	2	road	ROT_castle16_village2#34310786	R	1	1	12.0	ROT_castle16_village2#5118e54b	ROT_castle16_village2#5118e54b,ROT_castle16_village2#51169e76,ROT_castle16_village2#8f1b6513,ROT_castle16_village2#8f187605	-82.4	1.30	0.70	3095
13	ROT_castle16_village2	Long Stile	478.50	452.21	91.4	16	5	road	ROT_castle16_village2#8f188037	R	1	1	16.5	-	ROT_castle16_village2#51169e76,ROT_castle16_village2#5118e54b,ROT_castle16_village2#34310786,ROT_castle16_village2#8f1b6513	91.4	1.30	0.70	2929
14	ROT_castle16_village2	Applewick	478.00	458.24	94.4	16	4	road	ROT_castle16_village2#8f187605	R	1	1	14.3	ROT_castle16_village2#51169e76	ROT_castle16_village2#51169e76,ROT_castle16_village2#5118e54b,ROT_castle16_village2#34310786,ROT_castle16_village2#8f1b6513	94.4	1.30	0.70	2979
15	ROT_castle16_village2	Broken Orchard	478.02	463.11	96.4	16	3	road	ROT_castle16_village2#8f1b6513	R	1	1	13.4	ROT_castle16_village2#51169e76	ROT_castle16_village2#51169e76,ROT_castle16_village2#5118e54b,ROT_castle16_village2#34310786,ROT_castle16_village2#8f187605	96.4	1.30	0.70	3097
16	ROT_castle17_village1	Reedby	556.41	339.29	124.0	27	0	bridge	ROT_castle17_village1#6e52a65e	H	0	2	5.6	-	ROT_castle17_village1#225c0b15	-56.0	1.30	0.70	5184
17	ROT_castle17_village1	Miller's Leap	569.74	349.15	41.6	16	1	river	ROT_castle17_village1#225c0b15	R	1	1	14.4	-	ROT_castle17_village1#6e52a65e	-138.4	1.30	0.70	4127
18	ROT_castle17_village2	Antlerden	540.39	307.88	146.5	16	1	road	ROT_castle17_village2#9810ce00	R	-1	1	6.6	ROT_castle17_village2#ccadbc10	ROT_castle17_village2#ccadbc10	-33.5	1.30	0.70	5917
19	ROT_castle17_village2	Briarworth	544.82	311.99	174.4	16	0	road	ROT_castle17_village2#ccadbc10	R	1	1	6.0	-	ROT_castle17_village2#9810ce00	174.4	1.30	0.70	5929
20	ROT_castle18_village2	Greenbridge	595.38	252.83	27.3	27	0	bridge	ROT_castle18_village2#c8e85c96	H	0	2	11.0	-	-	27.3	1.30	0.70	5126
21	ROT_castle19_village1	Stag's Cross	503.59	281.29	57.6	27	0	crossroad	ROT_castle19_village1#b4e6e267	H	0	2	6.2	-	ROT_castle19_village1#7cf0925c,ROT_castle19_village1#e943b74d,ROT_castle19_village1#b2ec00ae,ROT_castle19_village1#8a9054f1	57.6	1.30	0.70	5455
22	ROT_castle19_village1	Greenstead	495.75	301.50	89.7	27	5	crossroad	ROT_castle19_village1#824bb3ad	H	0	2	17.9	ROT_castle19_village1#7cf0925c	ROT_castle19_village1#f556c375,ROT_castle19_village1#7cf0925c,ROT_castle19_village1#b4e6e267,ROT_castle19_village1#b2ec00ae	89.7	1.30	0.70	3562
23	ROT_castle19_village1	Crowcross	506.02	313.57	14.2	27	8	crossroad	ROT_castle19_village1#2d3bb4a0	H	0	2	27.1	ROT_castle19_village1#86b83b5f	ROT_castle19_village1#86b83b5f,ROT_castle19_village1#b4e6e267,ROT_castle19_village1#7cf0925c,ROT_castle19_village1#e943b74d	14.2	1.30	0.70	5213
24	ROT_castle19_village1	Little Combe	501.36	263.91	71.3	16	4	road	ROT_castle19_village1#8a9054f1	R	1	1	16.3	ROT_castle19_village1#e943b74d	ROT_castle19_village1#e943b74d,ROT_castle19_village1#b4e6e267,ROT_castle19_village1#7cf0925c,ROT_castle19_village1#b2ec00ae	71.3	1.30	0.70	3384
25	ROT_castle19_village1	Stonewick	503.00	275.38	88.6	16	2	road	ROT_castle19_village1#e943b74d	R	1	1	10.0	ROT_castle19_village1#b4e6e267	ROT_castle19_village1#b4e6e267,ROT_castle19_village1#8a9054f1,ROT_castle19_village1#7cf0925c,ROT_castle19_village1#b2ec00ae	88.6	1.30	0.70	5450
26	ROT_castle19_village1	Rockbrook	496.07	287.54	136.3	16	1	road	ROT_castle19_village1#7cf0925c	R	1	1	9.4	ROT_castle19_village1#b4e6e267	ROT_castle19_village1#b4e6e267,ROT_castle19_village1#b2ec00ae,ROT_castle19_village1#e943b74d,ROT_castle19_village1#824bb3ad	-43.7	1.30	0.70	3227
27	ROT_castle19_village1	Boar's Wood	492.06	291.08	135.2	16	3	road	ROT_castle19_village1#b2ec00ae	R	1	1	13.8	ROT_castle19_village1#7cf0925c	ROT_castle19_village1#7cf0925c,ROT_castle19_village1#b4e6e267,ROT_castle19_village1#e943b74d,ROT_castle19_village1#824bb3ad	-44.8	1.30	0.70	3266
28	ROT_castle19_village1	Antlercross	489.82	303.80	3.0	16	6	road	ROT_castle19_village1#f556c375	R	-1	1	18.7	ROT_castle19_village1#824bb3ad	ROT_castle19_village1#824bb3ad,ROT_castle19_village1#7cf0925c,ROT_castle19_village1#b4e6e267,ROT_castle19_village1#b2ec00ae	-177.0	1.30	0.70	3562
29	ROT_castle19_village1	Drover's Furrow	500.74	304.75	41.6	16	7	road	ROT_castle19_village1#86b83b5f	R	-1	1	20.4	-	ROT_castle19_village1#2d3bb4a0,ROT_castle19_village1#b4e6e267,ROT_castle19_village1#7cf0925c,ROT_castle19_village1#e943b74d	41.6	1.30	0.70	3562
30	ROT_castle19_village2	Oldley	524.50	240.25	175.1	27	0	crossroad	ROT_castle19_village2#805ed65b	H	0	2	9.6	-	ROT_castle19_village2#8827b631	-4.9	1.30	0.70	5093
31	ROT_castle19_village2	Old Rest	534.38	237.67	95.4	16	1	road	ROT_castle19_village2#8827b631	R	1	1	14.9	ROT_castle19_village2#805ed65b	ROT_castle19_village2#805ed65b	95.4	1.30	0.70	5093
32	ROT_castle20_village1	Hermit's Strand	210.64	512.96	92.9	27	7	coast	ROT_castle20_village1#9671237a	H	0	2	18.4	ROT_castle20_village1#8cf28a27	ROT_castle20_village1#8cf28a27,ROT_castle20_village1#8ce964a1,ROT_castle20_village1#4c87e4d6,ROT_castle20_village1#1c7219ab	92.9	1.30	0.70	1756
33	ROT_castle20_village1	Silvervale	234.86	534.90	178.7	27	1	coast	ROT_castle20_village1#b868acf4	H	0	2	8.6	-	ROT_castle20_village1#b2564127,ROT_castle20_village1#1c7219ab,ROT_castle20_village1#8ce964a1,ROT_castle20_village1#8cf28a27	-1.3	1.30	0.70	2340
34	ROT_castle20_village1	Pineden	218.92	526.95	152.1	27	2	crossroad	ROT_castle20_village1#8ce964a1	H	0	2	8.7	ROT_castle20_village1#1c7219ab	ROT_castle20_village1#1c7219ab,ROT_castle20_village1#8cf28a27,ROT_castle20_village1#9671237a,ROT_castle20_village1#4c87e4d6	152.1	1.30	0.70	2297
35	ROT_castle20_village1	Elmrock	217.68	508.87	79.9	16	8	road	ROT_castle20_village1#4c87e4d6	R	1	1	19.1	ROT_castle20_village1#8cf28a27	ROT_castle20_village1#8cf28a27,ROT_castle20_village1#8ce964a1,ROT_castle20_village1#9671237a,ROT_castle20_village1#1c7219ab	79.9	1.30	0.70	2307
36	ROT_castle20_village1	Raven's Rest	218.73	517.81	80.5	16	4	road	ROT_castle20_village1#8cf28a27	R	1	1	12.7	ROT_castle20_village1#8ce964a1	ROT_castle20_village1#8ce964a1,ROT_castle20_village1#9671237a,ROT_castle20_village1#4c87e4d6,ROT_castle20_village1#1c7219ab	80.5	1.30	0.70	2301
37	ROT_castle20_village1	Hound's Wood	225.17	527.87	11.2	16	0	road	ROT_castle20_village1#1c7219ab	R	1	1	4.9	-	ROT_castle20_village1#8ce964a1,ROT_castle20_village1#8cf28a27,ROT_castle20_village1#3c6cad4a,ROT_castle20_village1#4361258e	-168.8	1.30	0.70	6073
38	ROT_castle20_village1	Old Crag	240.83	535.06	179.8	16	3	coast	ROT_castle20_village1#b2564127	R	1	1	10.4	ROT_castle20_village1#b868acf4	ROT_castle20_village1#b868acf4,ROT_castle20_village1#1c7219ab,ROT_castle20_village1#8ce964a1,ROT_castle20_village1#8cf28a27	-0.2	1.30	0.70	16823
39	ROT_castle20_village1	Fisher's Knoll	225.72	536.60	151.2	16	5	coast	ROT_castle20_village1#3c6cad4a	R	1	1	13.2	ROT_castle20_village1#1c7219ab	ROT_castle20_village1#4361258e,ROT_castle20_village1#1c7219ab,ROT_castle20_village1#8ce964a1,ROT_castle20_village1#8cf28a27	-28.8	1.30	0.70	2257
40	ROT_castle20_village1	Broken Crag	220.69	537.82	179.8	16	6	coast	ROT_castle20_village1#4361258e	R	1	1	17.7	ROT_castle20_village1#3c6cad4a	ROT_castle20_village1#3c6cad4a,ROT_castle20_village1#1c7219ab,ROT_castle20_village1#8ce964a1,ROT_castle20_village1#8cf28a27	-0.2	1.30	0.70	2297
41	ROT_castle20_village2	Highcove	245.73	535.00	6.9	16	1	coast	ROT_castle20_village2#0ad8b653	R	1	1	8.3	ROT_castle20_village2#e7285ea9	ROT_castle20_village2#e7285ea9,ROT_castle20_village2#0857ec14,ROT_castle20_village2#dd3a408c	6.9	1.30	0.70	16822
42	ROT_castle20_village2	Suncliff	250.51	536.88	7.3	16	0	coast	ROT_castle20_village2#e7285ea9	R	1	1	5.6	-	ROT_castle20_village2#0ad8b653,ROT_castle20_village2#0857ec14,ROT_castle20_village2#dd3a408c	7.3	1.30	0.70	16822
43	ROT_castle20_village2	Hermit's Wood	282.97	538.51	176.1	16	3	coast	ROT_castle20_village2#dd3a408c	R	1	1	30.0	ROT_castle20_village2#0857ec14	ROT_castle20_village2#0857ec14,ROT_castle20_village2#e7285ea9,ROT_castle20_village2#0ad8b653	-3.9	1.30	0.70	2338
44	ROT_castle20_village2	Pinebrook	275.90	539.62	168.8	16	2	coast	ROT_castle20_village2#0857ec14	R	1	1	19.9	-	ROT_castle20_village2#dd3a408c,ROT_castle20_village2#e7285ea9,ROT_castle20_village2#0ad8b653	-11.2	1.30	0.70	2338
45	ROT_castle21_village1	Redcross	316.29	328.41	154.8	27	3	crossroad	ROT_castle21_village1#b52f7fed	H	0	2	8.4	ROT_castle21_village1#4531c04b	ROT_castle21_village1#4531c04b,ROT_castle21_village1#e5cee1d3,ROT_castle21_village1#75863425,ROT_castle21_village1#343010c4	-25.2	1.30	0.70	3951
46	ROT_castle21_village1	Deep Rock	306.23	333.12	160.8	16	6	road	ROT_castle21_village1#2e305090	R	-1	1	14.5	ROT_castle21_village1#75863425	ROT_castle21_village1#75863425,ROT_castle21_village1#b52f7fed,ROT_castle21_village1#4531c04b,ROT_castle21_village1#e5cee1d3	-19.2	1.30	0.70	9771
47	ROT_castle21_village1	Hornholt	312.00	336.58	160.3	16	5	road	ROT_castle21_village1#75863425	R	1	1	12.8	ROT_castle21_village1#b52f7fed	ROT_castle21_village1#2e305090,ROT_castle21_village1#b52f7fed,ROT_castle21_village1#4531c04b,ROT_castle21_village1#e5cee1d3	160.3	1.30	0.70	9771
48	ROT_castle21_village1	Goldholt	330.47	323.13	178.8	16	2	road	ROT_castle21_village1#343010c4	R	-1	1	8.1	ROT_castle21_village1#e5cee1d3	ROT_castle21_village1#e5cee1d3,ROT_castle21_village1#4531c04b,ROT_castle21_village1#345245da,ROT_castle21_village1#b52f7fed	-1.2	1.30	0.70	3922
49	ROT_castle21_village1	Westrock	325.32	323.85	149.2	16	1	road	ROT_castle21_village1#e5cee1d3	R	-1	1	7.0	ROT_castle21_village1#4531c04b	ROT_castle21_village1#343010c4,ROT_castle21_village1#4531c04b,ROT_castle21_village1#b52f7fed,ROT_castle21_village1#345245da	-30.8	1.30	0.70	3922
50	ROT_castle21_village1	Pinestone	339.39	324.21	22.5	16	4	road	ROT_castle21_village1#345245da	R	-1	1	11.3	ROT_castle21_village1#343010c4	ROT_castle21_village1#343010c4,ROT_castle21_village1#e5cee1d3,ROT_castle21_village1#4531c04b,ROT_castle21_village1#f67a4b98	22.5	1.30	0.70	3994
51	ROT_castle21_village1	Crofter's Furrow	351.20	333.13	64.8	16	10	road	ROT_castle21_village1#f67a4b98	R	-1	1	19.3	ROT_castle21_village1#345245da	ROT_castle21_village1#345245da,ROT_castle21_village1#343010c4,ROT_castle21_village1#e5cee1d3,ROT_castle21_village1#4531c04b	64.8	1.30	0.70	3950
52	ROT_castle21_village1	Oxdelve	322.69	330.99	176.5	16	0	road	ROT_castle21_village1#4531c04b	R	-1	1	5.8	-	ROT_castle21_village1#e5cee1d3,ROT_castle21_village1#343010c4,ROT_castle21_village1#b52f7fed,ROT_castle21_village1#345245da	176.5	1.30	0.70	3951
53	ROT_castle21_village1	Whiteham	314.50	306.00	87.0	16	11	road	ROT_castle21_village1#f27514a3	R	1	1	21.3	ROT_castle21_village1#04d67f77	ROT_castle21_village1#04d67f77,ROT_castle21_village1#f2720a65,ROT_castle21_village1#04d67c11,ROT_castle21_village1#b52f7fed	-93.0	1.30	0.70	2473
54	ROT_castle21_village1	Fairwick	319.50	309.50	87.0	16	9	road	ROT_castle21_village1#04d67f77	R	-1	1	18.7	ROT_castle21_village1#f2720a65	ROT_castle21_village1#f2720a65,ROT_castle21_village1#f27514a3,ROT_castle21_village1#04d67c11,ROT_castle21_village1#b52f7fed	87.0	1.30	0.70	3922
55	ROT_castle21_village1	Lion's Wood	314.50	313.00	87.4	16	8	road	ROT_castle21_village1#f2720a65	R	1	1	17.6	ROT_castle21_village1#04d67c11	ROT_castle21_village1#04d67f77,ROT_castle21_village1#04d67c11,ROT_castle21_village1#f27514a3,ROT_castle21_village1#b52f7fed	-92.6	1.30	0.70	3922
56	ROT_castle21_village1	Tarstone	319.50	316.50	88.2	16	7	road	ROT_castle21_village1#04d67c11	R	-1	1	15.2	ROT_castle21_village1#b52f7fed	ROT_castle21_village1#f2720a65,ROT_castle21_village1#04d67f77,ROT_castle21_village1#f27514a3,ROT_castle21_village1#b52f7fed	88.2	1.30	0.70	3922
57	ROT_castle21_village2	Twin Pines	255.45	317.28	44.0	16	5	road	ROT_castle21_village2#d059fcf8	R	-1	1	17.5	ROT_castle21_village2#409b43db	ROT_castle21_village2#409b43db,ROT_castle21_village2#811054f2,ROT_castle21_village2#e19f8478,ROT_castle21_village2#3c55ba14	-136.0	1.30	0.70	3984
58	ROT_castle21_village2	Seven Stones	265.35	321.52	45.0	16	3	road	ROT_castle21_village2#409b43db	R	1	1	12.5	-	ROT_castle21_village2#d059fcf8,ROT_castle21_village2#811054f2,ROT_castle21_village2#e19f8478,ROT_castle21_village2#3c55ba14	45.0	1.30	0.70	4934
59	ROT_castle21_village2	Sunham	272.42	327.88	46.5	16	4	road	ROT_castle21_village2#319c52e5	R	1	1	14.0	ROT_castle21_village2#e19f8478	ROT_castle21_village2#b1f9944b,ROT_castle21_village2#e19f8478,ROT_castle21_village2#77a815a7,ROT_castle21_village2#811054f2	46.5	1.30	0.70	4968
60	ROT_castle21_village2	Goldrock	266.76	328.59	41.8	16	1	road	ROT_castle21_village2#e19f8478	R	-1	1	7.9	-	ROT_castle21_village2#319c52e5,ROT_castle21_village2#b1f9944b,ROT_castle21_village2#811054f2,ROT_castle21_village2#77a815a7	-138.2	1.30	0.70	4968
61	ROT_castle21_village2	Grey Croft	264.11	336.93	48.4	16	0	road	ROT_castle21_village2#811054f2	R	-1	1	5.4	-	ROT_castle21_village2#3c55ba14,ROT_castle21_village2#e19f8478,ROT_castle21_village2#4515b50e,ROT_castle21_village2#409b43db	-131.6	1.30	0.70	4027
62	ROT_castle21_village2	Cragton	272.91	338.71	22.2	16	2	road	ROT_castle21_village2#3c55ba14	R	1	1	9.8	ROT_castle21_village2#811054f2	ROT_castle21_village2#811054f2,ROT_castle21_village2#4515b50e,ROT_castle21_village2#e19f8478,ROT_castle21_village2#409b43db	22.2	1.30	0.70	5788
63	ROT_castle21_village2	Golden Mill	280.91	324.19	108.8	16	8	river	ROT_castle21_village2#77a815a7	R	-1	1	23.4	ROT_castle21_village2#b1f9944b	ROT_castle21_village2#b1f9944b,ROT_castle21_village2#319c52e5,ROT_castle21_village2#e19f8478,ROT_castle21_village2#811054f2	-71.2	1.30	0.70	4828
64	ROT_castle21_village2	Little Vale	278.75	328.71	91.5	16	6	river	ROT_castle21_village2#b1f9944b	R	-1	1	19.8	ROT_castle21_village2#319c52e5	ROT_castle21_village2#77a815a7,ROT_castle21_village2#319c52e5,ROT_castle21_village2#e19f8478,ROT_castle21_village2#811054f2	-88.5	1.30	0.70	4859
65	ROT_castle21_village2	Barleywater	281.50	332.95	58.9	16	7	river	ROT_castle21_village2#4515b50e	R	-1	1	20.8	ROT_castle21_village2#3c55ba14	ROT_castle21_village2#3c55ba14,ROT_castle21_village2#811054f2,ROT_castle21_village2#e19f8478,ROT_castle21_village2#409b43db	-121.1	1.30	0.70	4880
66	ROT_castle22_village1	Old Strand	214.00	237.10	155.3	27	4	coast	ROT_castle22_village1#ebdffe6c	H	0	2	35.0	ROT_castle22_village1#4adeb55c	ROT_castle22_village1#4adeb55c,ROT_castle22_village1#44ac2c5f,ROT_castle22_village1#b840a47b,ROT_castle22_village1#76cddb96	155.3	1.30	0.70	2684
67	ROT_castle22_village1	Gullwell	224.76	254.47	124.7	27	0	coast	ROT_castle22_village1#b840a47b	H	0	2	16.5	-	ROT_castle22_village1#44ac2c5f,ROT_castle22_village1#4adeb55c,ROT_castle22_village1#ebdffe6c,ROT_castle22_village1#76cddb96	124.7	1.30	0.70	17572
68	ROT_castle22_village1	Pearhurst	209.79	271.21	151.8	27	3	coast	ROT_castle22_village1#76cddb96	H	0	2	27.5	-	ROT_castle22_village1#b840a47b,ROT_castle22_village1#44ac2c5f,ROT_castle22_village1#4adeb55c,ROT_castle22_village1#ebdffe6c	151.8	1.30	0.70	17576
69	ROT_castle22_village1	White Cove	216.39	244.25	12.7	16	2	coast	ROT_castle22_village1#4adeb55c	R	1	1	26.9	ROT_castle22_village1#44ac2c5f	ROT_castle22_village1#44ac2c5f,ROT_castle22_village1#ebdffe6c,ROT_castle22_village1#b840a47b,ROT_castle22_village1#76cddb96	12.7	1.30	0.70	2684
70	ROT_castle22_village1	Widow's Strand	224.14	245.92	49.3	16	1	coast	ROT_castle22_village1#44ac2c5f	R	1	1	23.7	ROT_castle22_village1#b840a47b	ROT_castle22_village1#4adeb55c,ROT_castle22_village1#b840a47b,ROT_castle22_village1#ebdffe6c,ROT_castle22_village1#76cddb96	49.3	1.30	0.70	2644
71	ROT_castle22_village2	Thresher's Oak	239.86	284.37	75.2	16	0	road	ROT_castle22_village2#8f85779e	R	-1	1	11.2	-	ROT_castle22_village2#af121147	75.2	1.30	0.70	2646
72	ROT_castle22_village2	Redhurst	249.13	264.00	174.7	16	1	road	ROT_castle22_village2#af121147	R	-1	1	23.6	-	ROT_castle22_village2#8f85779e	174.7	1.30	0.70	2698
73	ROT_castle23_village1	White Strand	165.00	196.63	52.9	27	8	coast	ROT_castle23_village1#d7dc654f	H	0	2	14.8	ROT_castle23_village1#b7e0e034	ROT_castle23_village1#b7e0e034,ROT_castle23_village1#9228efd8,ROT_castle23_village1#42595ef6,ROT_castle23_village1#58d9b629	52.9	1.30	0.70	4526
74	ROT_castle23_village1	Greenstrand	188.00	222.63	172.1	27	3	coast	ROT_castle23_village1#3bf5dbd4	H	0	2	8.8	-	ROT_castle23_village1#62649c80,ROT_castle23_village1#93da740b,ROT_castle23_village1#42595ef6,ROT_castle23_village1#e3ccf717	-7.9	1.30	0.70	4529
75	ROT_castle23_village1	Redfield	169.92	199.67	85.8	16	7	road	ROT_castle23_village1#b7e0e034	R	-1	1	14.5	ROT_castle23_village1#9228efd8	ROT_castle23_village1#d7dc654f,ROT_castle23_village1#9228efd8,ROT_castle23_village1#42595ef6,ROT_castle23_village1#58d9b629	85.8	1.30	0.70	4527
76	ROT_castle23_village1	Applehollow	172.10	204.86	45.4	16	6	road	ROT_castle23_village1#58d9b629	R	-1	1	12.7	ROT_castle23_village1#42595ef6	ROT_castle23_village1#42595ef6,ROT_castle23_village1#3448ae11,ROT_castle23_village1#9228efd8,ROT_castle23_village1#b7e0e034	45.4	1.30	0.70	4618
77	ROT_castle23_village1	Poppyfield	177.41	212.29	47.8	16	0	road	ROT_castle23_village1#42595ef6	R	-1	1	4.7	-	ROT_castle23_village1#9228efd8,ROT_castle23_village1#58d9b629,ROT_castle23_village1#b7e0e034,ROT_castle23_village1#d7dc654f	47.8	1.30	0.70	4528
78	ROT_castle23_village1	Honeybrook	176.56	198.49	7.3	16	11	road	ROT_castle23_village1#3448ae11	R	1	1	20.7	ROT_castle23_village1#58d9b629	ROT_castle23_village1#58d9b629,ROT_castle23_village1#42595ef6,ROT_castle23_village1#9228efd8,ROT_castle23_village1#b7e0e034	-172.7	1.30	0.70	4530
79	ROT_castle23_village1	Berrybloom	166.56	203.72	64.4	16	5	coast	ROT_castle23_village1#9228efd8	R	1	1	11.1	ROT_castle23_village1#42595ef6	ROT_castle23_village1#b7e0e034,ROT_castle23_village1#d7dc654f,ROT_castle23_village1#42595ef6,ROT_castle23_village1#58d9b629	64.4	1.30	0.70	4526
80	ROT_castle23_village1	Brambleport	175.70	220.55	59.0	16	1	coast	ROT_castle23_village1#e3ccf717	R	1	1	7.4	-	ROT_castle23_village1#42595ef6,ROT_castle23_village1#18be2246,ROT_castle23_village1#3bf5dbd4,ROT_castle23_village1#87b3e33c	59.0	1.30	0.70	4528
81	ROT_castle23_village1	Blueport	195.35	220.84	169.2	16	9	coast	ROT_castle23_village1#62649c80	R	1	1	15.2	ROT_castle23_village1#3bf5dbd4	ROT_castle23_village1#93da740b,ROT_castle23_village1#3bf5dbd4,ROT_castle23_village1#42595ef6,ROT_castle23_village1#e3ccf717	-10.8	1.30	0.70	1922
82	ROT_castle23_village1	Sweetfield	199.97	220.85	169.4	16	10	coast	ROT_castle23_village1#93da740b	R	1	1	19.2	ROT_castle23_village1#62649c80	ROT_castle23_village1#62649c80,ROT_castle23_village1#3bf5dbd4,ROT_castle23_village1#42595ef6,ROT_castle23_village1#e3ccf717	-10.6	1.30	0.70	1922
83	ROT_castle23_village1	Brightcove	179.49	225.40	52.7	16	2	coast	ROT_castle23_village1#18be2246	R	1	1	8.2	-	ROT_castle23_village1#42595ef6,ROT_castle23_village1#e3ccf717,ROT_castle23_village1#3bf5dbd4,ROT_castle23_village1#87b3e33c	52.7	1.30	0.70	1052
84	ROT_castle23_village1	Sunhaven	183.96	227.35	111.5	16	4	coast	ROT_castle23_village1#87b3e33c	R	1	1	10.0	-	ROT_castle23_village1#42595ef6,ROT_castle23_village1#e3ccf717,ROT_castle23_village1#18be2246,ROT_castle23_village1#3bf5dbd4	-68.5	1.30	0.70	1052
85	ROT_castle23_village2	Upper Strand	126.50	165.50	66.6	27	9	coast	ROT_castle23_village2#5e11005f	H	0	2	18.9	-	ROT_castle23_village2#2153e152,ROT_castle23_village2#e493deaf,ROT_castle23_village2#0e8474cc,ROT_castle23_village2#03ba73de	66.6	1.30	0.70	5408
86	ROT_castle23_village2	Applecove	142.50	183.50	64.8	27	6	coast	ROT_castle23_village2#7ff23e1d	H	0	2	16.9	-	ROT_castle23_village2#2153e152,ROT_castle23_village2#e493deaf,ROT_castle23_village2#0e8474cc,ROT_castle23_village2#03ba73de	64.8	1.30	0.70	4485
87	ROT_castle23_village2	Plumacre	154.71	184.59	146.2	27	3	crossroad	ROT_castle23_village2#03ba73de	H	0	2	10.7	ROT_castle23_village2#e493deaf	ROT_castle23_village2#e493deaf,ROT_castle23_village2#2153e152,ROT_castle23_village2#473cffaf,ROT_castle23_village2#0e8474cc	146.2	1.30	0.70	4492
88	ROT_castle23_village2	Squire's Furrow	153.79	173.33	121.4	16	2	road	ROT_castle23_village2#0e8474cc	R	1	1	9.7	ROT_castle23_village2#2153e152	ROT_castle23_village2#2153e152,ROT_castle23_village2#e493deaf,ROT_castle23_village2#03ba73de,ROT_castle23_village2#473cffaf	-58.6	1.30	0.70	4491
89	ROT_castle23_village2	Little Grove	152.23	177.57	118.0	16	1	road	ROT_castle23_village2#e493deaf	R	1	1	7.1	ROT_castle23_village2#2153e152	ROT_castle23_village2#2153e152,ROT_castle23_village2#03ba73de,ROT_castle23_village2#0e8474cc,ROT_castle23_village2#473cffaf	-62.0	1.30	0.70	2097
90	ROT_castle23_village2	Seven Wells	149.22	173.10	42.2	16	0	road	ROT_castle23_village2#2153e152	R	-1	1	5.3	-	ROT_castle23_village2#e493deaf,ROT_castle23_village2#0e8474cc,ROT_castle23_village2#03ba73de,ROT_castle23_village2#473cffaf	42.2	1.30	0.70	2097
91	ROT_castle23_village2	Red Cove	126.85	171.61	52.2	16	10	coast	ROT_castle23_village2#5477a6f9	R	1	1	19.0	-	ROT_castle23_village2#2153e152,ROT_castle23_village2#e493deaf,ROT_castle23_village2#0e8474cc,ROT_castle23_village2#03ba73de	52.2	1.30	0.70	3063
92	ROT_castle23_village2	Septon's Field	129.93	175.55	48.8	16	7	coast	ROT_castle23_village2#f92f615d	R	1	1	17.3	-	ROT_castle23_village2#2153e152,ROT_castle23_village2#e493deaf,ROT_castle23_village2#0e8474cc,ROT_castle23_village2#03ba73de	48.8	1.30	0.70	5409
93	ROT_castle23_village2	Fair Strand	133.01	179.49	51.9	16	5	coast	ROT_castle23_village2#a37464e5	R	1	1	16.1	-	ROT_castle23_village2#2153e152,ROT_castle23_village2#e493deaf,ROT_castle23_village2#0e8474cc,ROT_castle23_village2#03ba73de	51.9	1.30	0.70	5409
94	ROT_castle23_village2	Gullhaven	137.81	180.02	11.1	16	4	coast	ROT_castle23_village2#ba3bacd4	R	1	1	15.4	-	ROT_castle23_village2#2153e152,ROT_castle23_village2#e493deaf,ROT_castle23_village2#0e8474cc,ROT_castle23_village2#03ba73de	11.1	1.30	0.70	5409
95	ROT_castle23_village2	Fisher's Well	159.62	190.93	20.1	16	8	coast	ROT_castle23_village2#473cffaf	R	1	1	18.4	ROT_castle23_village2#03ba73de	ROT_castle23_village2#03ba73de,ROT_castle23_village2#e493deaf,ROT_castle23_village2#2153e152,ROT_castle23_village2#0e8474cc	20.1	1.30	0.70	4524
96	ROT_castle24_village1	Snake's Bridge	318.40	141.96	35.1	27	0	bridge	ROT_castle24_village1#4fcc7fc8	H	0	2	5.9	-	ROT_castle24_village1#9b7c402b,ROT_castle24_village1#d00fed85,ROT_castle24_village1#4c0b13af	35.1	1.30	0.70	5513
97	ROT_castle24_village1	Bone Pools	313.96	136.45	14.3	16	1	river	ROT_castle24_village1#9b7c402b	R	1	1	9.5	ROT_castle24_village1#4fcc7fc8	ROT_castle24_village1#4fcc7fc8,ROT_castle24_village1#d00fed85,ROT_castle24_village1#4c0b13af	14.3	1.30	0.70	5525
98	ROT_castle24_village1	Whitesands	311.07	156.86	87.3	16	2	river	ROT_castle24_village1#d00fed85	R	-1	1	20.6	ROT_castle24_village1#4fcc7fc8	ROT_castle24_village1#4fcc7fc8,ROT_castle24_village1#9b7c402b,ROT_castle24_village1#4c0b13af	-92.7	1.30	0.70	5342
99	ROT_castle24_village1	Ghostgrove	301.50	155.42	172.5	16	3	river	ROT_castle24_village1#4c0b13af	R	1	1	26.6	ROT_castle24_village1#4fcc7fc8	ROT_castle24_village1#4fcc7fc8,ROT_castle24_village1#9b7c402b,ROT_castle24_village1#d00fed85	172.5	1.30	0.70	2138
100	ROT_castle24_village2	Eagle's Gap	312.25	162.44	56.1	16	1	river	ROT_castle24_village2#c6182bd1	R	-1	1	12.7	ROT_castle24_village2#92fd4f94	ROT_castle24_village2#92fd4f94,ROT_castle24_village2#15724e50	-123.9	1.30	0.70	5342
101	ROT_castle24_village2	Copperpass	317.92	166.98	49.5	16	0	river	ROT_castle24_village2#92fd4f94	R	-1	1	7.6	-	ROT_castle24_village2#c6182bd1,ROT_castle24_village2#15724e50	-130.5	1.30	0.70	2132
102	ROT_castle24_village2	Smith's Mill	304.50	160.50	66.6	8	2	field	ROT_castle24_village2#15724e50	F	0	1	23.5	ROT_castle24_village2#c6182bd1	ROT_castle24_village2#c6182bd1,ROT_castle24_village2#92fd4f94	66.6	1.30	0.70	2135
103	ROT_castle25_village1	Sunsands	525.87	106.64	114.3	16	4	river	ROT_castle25_village1#8f771bf1	R	1	1	20.2	ROT_castle25_village1#c4302c4e	ROT_castle25_village1#c4302c4e,ROT_castle25_village1#6780aa10,ROT_castle25_village1#b33e100b,ROT_castle25_village1#f6b7eb5c	114.3	1.30	0.70	4151
104	ROT_castle25_village1	Tyeryn	522.27	110.74	158.2	16	3	river	ROT_castle25_village1#c4302c4e	R	1	1	12.8	ROT_castle25_village1#6780aa10	ROT_castle25_village1#6780aa10,ROT_castle25_village1#8f771bf1,ROT_castle25_village1#b33e100b,ROT_castle25_village1#f6b7eb5c	158.2	1.30	0.70	4569
105	ROT_castle25_village1	Lolen	514.00	111.04	5.7	16	0	river	ROT_castle25_village1#b33e100b	R	1	1	4.4	-	ROT_castle25_village1#6780aa10,ROT_castle25_village1#c4302c4e,ROT_castle25_village1#8f771bf1,ROT_castle25_village1#f6b7eb5c	-174.3	1.30	0.70	4150
106	ROT_castle25_village1	Obesar	518.33	113.95	176.6	16	1	river	ROT_castle25_village1#6780aa10	R	1	1	6.1	ROT_castle25_village1#b33e100b	ROT_castle25_village1#b33e100b,ROT_castle25_village1#c4302c4e,ROT_castle25_village1#8f771bf1,ROT_castle25_village1#f6b7eb5c	176.6	1.30	0.70	4150
107	ROT_castle25_village1	Nyrys	499.05	114.30	136.5	16	2	river	ROT_castle25_village1#f6b7eb5c	R	1	1	12.7	-	ROT_castle25_village1#b33e100b,ROT_castle25_village1#6780aa10,ROT_castle25_village1#c4302c4e,ROT_castle25_village1#8f771bf1	136.5	1.30	0.70	4088
108	ROT_castle25_village2	Orangewood	547.94	133.68	171.0	16	0	coast	ROT_castle25_village2#56f15dea	R	1	1	21.4	-	ROT_castle25_village2#8973df1e	-9.0	1.30	0.70	16870
109	ROT_castle25_village2	Selon	517.81	137.46	162.3	16	1	coast	ROT_castle25_village2#8973df1e	R	1	1	26.5	-	ROT_castle25_village2#56f15dea	-17.7	1.30	0.70	3928
110	ROT_castle26_village1	Saltgrove	698.76	152.47	40.4	27	0	coast	ROT_castle26_village1#a776ebff	H	0	2	9.0	-	ROT_castle26_village1#527d238b	40.4	1.30	0.70	3826
111	ROT_castle26_village1	Smith's Cove	702.50	144.50	41.0	8	1	field	ROT_castle26_village1#527d238b	F	0	1	19.5	ROT_castle26_village1#a776ebff	ROT_castle26_village1#a776ebff	41.0	1.30	0.70	3826
112	ROT_castle26_village2	Highcrag	675.50	134.50	160.6	27	0	coast	ROT_castle26_village2#75451931	H	0	2	7.7	-	ROT_castle26_village2#38d8e0e0	-19.4	1.30	0.70	3936
113	ROT_castle26_village2	Pinehill	683.53	140.79	47.9	16	1	coast	ROT_castle26_village2#38d8e0e0	R	1	1	13.6	-	ROT_castle26_village2#75451931	47.9	1.30	0.70	3824
114	ROT_castle27_village1	Qorin	302.18	40.93	5.8	16	0	coast	ROT_castle27_village1#b667832c	R	1	1	12.4	-	ROT_castle27_village1#07a0568f,ROT_castle27_village1#69b32f34,ROT_castle27_village1#12192d11,ROT_castle27_village1#f6b25efa	-174.2	1.30	0.70	3794
115	ROT_castle27_village1	Goldsands	307.28	43.33	12.0	16	1	coast	ROT_castle27_village1#07a0568f	R	1	1	13.1	-	ROT_castle27_village1#69b32f34,ROT_castle27_village1#b667832c,ROT_castle27_village1#12192d11,ROT_castle27_village1#f6b25efa	-168.0	1.30	0.70	3871
116	ROT_castle27_village1	Drorea	312.32	43.50	4.3	16	2	coast	ROT_castle27_village1#69b32f34	R	1	1	18.3	ROT_castle27_village1#07a0568f	ROT_castle27_village1#07a0568f,ROT_castle27_village1#b667832c,ROT_castle27_village1#12192d11,ROT_castle27_village1#f6b25efa	-175.7	1.30	0.70	3871
117	ROT_castle27_village1	Lemonshore	321.23	43.78	178.5	16	4	coast	ROT_castle27_village1#f6b25efa	R	1	1	26.6	-	ROT_castle27_village1#b667832c,ROT_castle27_village1#07a0568f,ROT_castle27_village1#69b32f34,ROT_castle27_village1#12192d11	178.5	1.30	0.70	3795
118	ROT_castle27_village1	Lemongrove	282.09	49.08	130.6	16	3	coast	ROT_castle27_village1#12192d11	R	1	1	23.6	-	ROT_castle27_village1#b667832c,ROT_castle27_village1#07a0568f,ROT_castle27_village1#69b32f34,ROT_castle27_village1#f6b25efa	130.6	1.30	0.70	3793
119	ROT_castle27_village2	Shadespring	341.24	41.82	174.4	27	1	coast	ROT_castle27_village2#fa18d179	H	0	2	40.2	-	ROT_castle27_village2#9c6e3775	174.4	1.30	0.70	16853
120	ROT_castle27_village2	Olivesands	329.24	44.30	2.8	16	0	coast	ROT_castle27_village2#9c6e3775	R	1	1	32.5	-	ROT_castle27_village2#fa18d179	-177.2	1.30	0.70	3795
121	ROT_castle28_village1	Daasos	761.46	171.23	115.8	16	0	coast	ROT_castle28_village1#b36159d2	R	1	1	15.3	-	ROT_castle28_village1#78aecb9e,ROT_castle28_village1#6369e951	115.8	1.30	0.70	15856
122	ROT_castle28_village1	Waris	758.68	178.05	107.5	16	1	coast	ROT_castle28_village1#78aecb9e	R	1	1	30.9	ROT_castle28_village1#b36159d2	ROT_castle28_village1#6369e951,ROT_castle28_village1#b36159d2	-72.5	1.30	0.70	15844
123	ROT_castle28_village1	Blackstone	756.53	185.76	81.0	16	2	lake	ROT_castle28_village1#6369e951	R	1	1	42.2	ROT_castle28_village1#78aecb9e	ROT_castle28_village1#78aecb9e,ROT_castle28_village1#b36159d2	-99.0	1.30	0.70	4378
124	ROT_castle28_village2	Warasos	801.60	162.58	13.8	16	0	coast	ROT_castle28_village2#4f663002	R	1	1	15.5	-	-	13.8	1.30	0.70	15190
125	ROT_castle29_village1	Muqazmion	792.22	136.91	15.5	16	0	coast	ROT_castle29_village1#5e0584df	R	1	1	10.1	-	-	-164.5	1.30	0.70	1735
126	ROT_castle29_village2	Shellcove	835.00	154.63	91.8	27	1	coast	ROT_castle29_village2#412bde14	H	0	2	7.8	ROT_castle29_village2#1e2399ad	ROT_castle29_village2#1e2399ad,ROT_castle29_village2#9e534b1a,ROT_castle29_village2#e2946929,ROT_castle29_village2#8f1d9915	91.8	1.30	0.70	4214
127	ROT_castle29_village2	Greywell	843.67	156.50	4.1	16	0	road	ROT_castle29_village2#1e2399ad	R	1	1	4.5	-	ROT_castle29_village2#412bde14,ROT_castle29_village2#e8138a2f,ROT_castle29_village2#9e534b1a,ROT_castle29_village2#e2946929	-175.9	1.30	0.70	4214
128	ROT_castle29_village2	Dossa	836.88	161.47	94.8	16	5	road	ROT_castle29_village2#e2946929	R	-1	1	12.5	ROT_castle29_village2#412bde14	ROT_castle29_village2#412bde14,ROT_castle29_village2#1e2399ad,ROT_castle29_village2#9e534b1a,ROT_castle29_village2#8f1d9915	94.8	1.30	0.70	4214
129	ROT_castle29_village2	Tesmait	826.41	145.30	176.9	16	6	coast	ROT_castle29_village2#8f1d9915	R	1	1	14.0	ROT_castle29_village2#9e534b1a	ROT_castle29_village2#9e534b1a,ROT_castle29_village2#412bde14,ROT_castle29_village2#1e2399ad,ROT_castle29_village2#e2946929	176.9	1.30	0.70	17127
130	ROT_castle29_village2	Zaquor	831.55	147.16	30.3	16	4	coast	ROT_castle29_village2#9e534b1a	R	1	1	12.1	ROT_castle29_village2#412bde14	ROT_castle29_village2#8f1d9915,ROT_castle29_village2#412bde14,ROT_castle29_village2#1e2399ad,ROT_castle29_village2#e2946929	-149.7	1.30	0.70	17126
131	ROT_castle29_village2	Abarquor	855.41	149.15	172.3	16	2	coast	ROT_castle29_village2#af80946f	R	1	1	7.9	-	ROT_castle29_village2#1e2399ad,ROT_castle29_village2#412bde14,ROT_castle29_village2#e8138a2f,ROT_castle29_village2#9e534b1a	172.3	1.30	0.70	4213
132	ROT_castle29_village2	Aquoshel	840.34	149.86	12.6	16	3	coast	ROT_castle29_village2#e8138a2f	R	1	1	9.5	ROT_castle29_village2#1e2399ad	ROT_castle29_village2#1e2399ad,ROT_castle29_village2#412bde14,ROT_castle29_village2#9e534b1a,ROT_castle29_village2#e2946929	-167.4	1.30	0.70	4201
133	ROT_castle30_village1	Glyro	961.24	304.23	103.4	26	8	crossroad	ROT_castle30_village1#26b45685	H	0	2	19.0	ROT_castle30_village1#c9a8eaf7	ROT_castle30_village1#c9a8eaf7,ROT_castle30_village1#101479c6,ROT_castle30_village1#db8a62f9,ROT_castle30_village1#04404797	103.4	1.30	0.70	4656
134	ROT_castle30_village1	Kurirrol	958.44	311.54	103.9	15	9	road	ROT_castle30_village1#101479c6	R	1	1	27.1	ROT_castle30_village1#26b45685	ROT_castle30_village1#26b45685,ROT_castle30_village1#c9a8eaf7,ROT_castle30_village1#db8a62f9,ROT_castle30_village1#04404797	103.9	1.30	0.70	4559
135	ROT_castle30_village1	Abraritha	991.65	293.66	45.8	15	0	road	ROT_castle30_village1#db8a62f9	R	-1	1	7.6	-	ROT_castle30_village1#04404797,ROT_castle30_village1#c47b6a14,ROT_castle30_village1#afc2dda7,ROT_castle30_village1#a2af7caf	45.8	1.30	0.70	4658
136	ROT_castle30_village1	Ezbet Myrvo	970.53	280.03	115.4	15	5	road	ROT_castle30_village1#75395caf	R	-1	1	15.6	ROT_castle30_village1#c47b6a14	ROT_castle30_village1#c47b6a14,ROT_castle30_village1#db8a62f9,ROT_castle30_village1#04404797,ROT_castle30_village1#afc2dda7	115.4	1.30	0.70	4354
137	ROT_castle30_village1	Kuvemsio	969.24	286.03	97.5	15	2	road	ROT_castle30_village1#c47b6a14	R	-1	1	12.3	-	ROT_castle30_village1#75395caf,ROT_castle30_village1#db8a62f9,ROT_castle30_village1#04404797,ROT_castle30_village1#afc2dda7	97.5	1.30	0.70	4354
138	ROT_castle30_village1	Kusio	966.88	292.34	113.6	15	3	road	ROT_castle30_village1#afc2dda7	R	-1	1	12.9	-	ROT_castle30_village1#db8a62f9,ROT_castle30_village1#04404797,ROT_castle30_village1#c47b6a14,ROT_castle30_village1#a2af7caf	113.6	1.30	0.70	4656
139	ROT_castle30_village1	Tontavo	964.19	298.82	119.0	15	7	road	ROT_castle30_village1#21fa6bc7	R	-1	1	17.4	-	ROT_castle30_village1#db8a62f9,ROT_castle30_village1#04404797,ROT_castle30_village1#c47b6a14,ROT_castle30_village1#afc2dda7	119.0	1.30	0.70	4656
140	ROT_castle30_village1	Glytha	983.00	301.50	0.5	15	1	road	ROT_castle30_village1#04404797	R	-1	1	10.6	-	ROT_castle30_village1#db8a62f9,ROT_castle30_village1#c47b6a14,ROT_castle30_village1#afc2dda7,ROT_castle30_village1#a2af7caf	0.5	1.30	0.70	4657
141	ROT_castle30_village1	Blackfield	969.00	305.50	179.4	15	6	road	ROT_castle30_village1#c9a8eaf7	R	1	1	16.2	-	ROT_castle30_village1#26b45685,ROT_castle30_village1#101479c6,ROT_castle30_village1#db8a62f9,ROT_castle30_village1#04404797	179.4	1.30	0.70	4656
142	ROT_castle30_village1	Abrahrul	976.50	305.50	180.0	15	4	road	ROT_castle30_village1#a2af7caf	R	1	1	13.5	-	ROT_castle30_village1#db8a62f9,ROT_castle30_village1#04404797,ROT_castle30_village1#c47b6a14,ROT_castle30_village1#afc2dda7	180.0	1.30	0.70	4657
143	ROT_castle30_village2	Nesco	971.57	263.98	106.6	25	9	crossroad	ROT_castle30_village2#01d77289	H	0	2	21.4	ROT_castle30_village2#cb7dd194	ROT_castle30_village2#cb7dd194,ROT_castle30_village2#5eecf594,ROT_castle30_village2#d39fac08,ROT_castle30_village2#bd5fe0bb	-73.4	1.30	0.70	4419
144	ROT_castle30_village2	Sarihrul	991.83	260.13	104.2	25	1	crossroad	ROT_castle30_village2#bd5fe0bb	H	0	2	12.4	-	ROT_castle30_village2#fbbc6e03,ROT_castle30_village2#788eaf67,ROT_castle30_village2#f18df016,ROT_castle30_village2#d39fac08	104.2	1.30	0.70	4414
145	ROT_castle30_village2	Glyptoro	997.50	277.50	86.9	14	0	road	ROT_castle30_village2#d39fac08	R	1	1	4.6	-	ROT_castle30_village2#284bfdd3,ROT_castle30_village2#bd5fe0bb,ROT_castle30_village2#fbbc6e03,ROT_castle30_village2#788eaf67	86.9	1.30	0.70	4413
146	ROT_castle30_village2	Odihrul	997.16	253.38	131.8	14	6	road	ROT_castle30_village2#f18df016	R	1	1	18.5	ROT_castle30_village2#788eaf67	ROT_castle30_village2#788eaf67,ROT_castle30_village2#bd5fe0bb,ROT_castle30_village2#fbbc6e03,ROT_castle30_village2#d39fac08	131.8	1.30	0.70	4416
147	ROT_castle30_village2	Odira	988.60	255.24	103.0	14	4	road	ROT_castle30_village2#788eaf67	R	-1	1	14.5	ROT_castle30_village2#bd5fe0bb	ROT_castle30_village2#bd5fe0bb,ROT_castle30_village2#fbbc6e03,ROT_castle30_village2#f18df016,ROT_castle30_village2#d39fac08	-77.0	1.30	0.70	4414
148	ROT_castle30_village2	Sarrol	985.68	262.95	171.4	14	2	road	ROT_castle30_village2#fbbc6e03	R	-1	1	13.8	ROT_castle30_village2#bd5fe0bb	ROT_castle30_village2#bd5fe0bb,ROT_castle30_village2#788eaf67,ROT_castle30_village2#f18df016,ROT_castle30_village2#d39fac08	171.4	1.30	0.70	4382
149	ROT_castle30_village2	Kaqariam	979.34	264.41	162.5	14	5	road	ROT_castle30_village2#5eecf594	R	-1	1	17.5	-	ROT_castle30_village2#cb7dd194,ROT_castle30_village2#01d77289,ROT_castle30_village2#d39fac08,ROT_castle30_village2#bd5fe0bb	162.5	1.30	0.70	4382
150	ROT_castle30_village2	Narasko	974.61	258.64	104.3	14	8	road	ROT_castle30_village2#cb7dd194	R	-1	1	21.0	ROT_castle30_village2#5eecf594	ROT_castle30_village2#01d77289,ROT_castle30_village2#5eecf594,ROT_castle30_village2#d39fac08,ROT_castle30_village2#bd5fe0bb	-75.7	1.30	0.70	4419
151	ROT_castle30_village2	Kuriam	1004.00	294.00	91.2	14	3	road	ROT_castle30_village2#284bfdd3	R	-1	1	14.4	ROT_castle30_village2#d39fac08	ROT_castle30_village2#d39fac08,ROT_castle30_village2#bd5fe0bb,ROT_castle30_village2#fbbc6e03,ROT_castle30_village2#788eaf67	91.2	1.30	0.70	6519
152	ROT_castle30_village2	Tahrul	974.12	270.36	125.1	14	7	road	ROT_castle30_village2#f48f2a0a	R	-1	1	20.0	-	ROT_castle30_village2#d39fac08,ROT_castle30_village2#bd5fe0bb,ROT_castle30_village2#fbbc6e03,ROT_castle30_village2#284bfdd3	125.1	1.30	0.70	4412
153	ROT_castle31_village1	Mollora	886.29	403.41	149.8	25	7	crossroad	ROT_castle31_village1#e9547110	H	0	2	13.3	ROT_castle31_village1#ddd18052	ROT_castle31_village1#87b2d276,ROT_castle31_village1#ddd18052,ROT_castle31_village1#06f77ba7,ROT_castle31_village1#ddd17620	-30.2	1.30	0.70	4958
154	ROT_castle31_village1	Drolo	907.40	414.25	58.1	25	0	crossroad	ROT_castle31_village1#cbe27b3c	H	0	2	4.4	-	ROT_castle31_village1#c754b119,ROT_castle31_village1#f01d9767,ROT_castle31_village1#34e65fd2,ROT_castle31_village1#de032339	58.1	1.30	0.70	4962
155	ROT_castle31_village1	Melora	922.71	425.41	25.8	25	6	crossroad	ROT_castle31_village1#34e65fd2	H	0	2	13.1	ROT_castle31_village1#f01d9767	ROT_castle31_village1#f01d9767,ROT_castle31_village1#df63eace,ROT_castle31_village1#c754b119,ROT_castle31_village1#cbe27b3c	25.8	1.30	0.70	4976
156	ROT_castle31_village1	Eskypasmo	930.57	428.24	9.4	15	11	road	ROT_castle31_village1#df63eace	R	1	1	18.3	ROT_castle31_village1#34e65fd2	ROT_castle31_village1#34e65fd2,ROT_castle31_village1#f01d9767,ROT_castle31_village1#c754b119,ROT_castle31_village1#cbe27b3c	9.4	1.30	0.70	4975
157	ROT_castle31_village1	Alarritys	881.13	405.99	179.8	15	8	road	ROT_castle31_village1#87b2d276	R	-1	1	15.0	ROT_castle31_village1#e9547110	ROT_castle31_village1#e9547110,ROT_castle31_village1#ddd18052,ROT_castle31_village1#06f77ba7,ROT_castle31_village1#ddd17620	179.8	1.30	0.70	4958
158	ROT_castle31_village1	Whitewell	892.50	399.77	153.6	15	10	road	ROT_castle31_village1#ddd17620	R	-1	1	16.5	ROT_castle31_village1#ddd18052	ROT_castle31_village1#ddd18052,ROT_castle31_village1#e9547110,ROT_castle31_village1#06f77ba7,ROT_castle31_village1#87b2d276	-26.4	1.30	0.70	4958
159	ROT_castle31_village1	Odryvissa	900.00	402.92	146.9	15	9	road	ROT_castle31_village1#6a43f2c5	R	1	1	15.1	ROT_castle31_village1#de032339	ROT_castle31_village1#de032339,ROT_castle31_village1#06f77ba7,ROT_castle31_village1#ddd18052,ROT_castle31_village1#cbe27b3c	146.9	1.30	0.70	4958
160	ROT_castle31_village1	Gatys	891.78	405.93	149.8	15	5	road	ROT_castle31_village1#ddd18052	R	1	1	11.5	ROT_castle31_village1#06f77ba7	ROT_castle31_village1#e9547110,ROT_castle31_village1#06f77ba7,ROT_castle31_village1#87b2d276,ROT_castle31_village1#ddd17620	149.8	1.30	0.70	4958
161	ROT_castle31_village1	Alasmo	901.77	412.38	37.1	15	1	road	ROT_castle31_village1#de032339	R	-1	1	4.4	-	ROT_castle31_village1#06f77ba7,ROT_castle31_village1#ddd18052,ROT_castle31_village1#cbe27b3c,ROT_castle31_village1#e9547110	37.1	1.30	0.70	4962
162	ROT_castle31_village1	Gerrinos	893.04	413.32	15.0	15	3	road	ROT_castle31_village1#06f77ba7	R	1	1	8.5	ROT_castle31_village1#de032339	ROT_castle31_village1#ddd18052,ROT_castle31_village1#de032339,ROT_castle31_village1#e9547110,ROT_castle31_village1#87b2d276	-165.0	1.30	0.70	4957
163	ROT_castle31_village1	Odrylina	908.08	421.12	23.2	15	2	road	ROT_castle31_village1#c754b119	R	1	1	6.4	ROT_castle31_village1#cbe27b3c	ROT_castle31_village1#cbe27b3c,ROT_castle31_village1#f01d9767,ROT_castle31_village1#34e65fd2,ROT_castle31_village1#de032339	-156.8	1.30	0.70	4918
164	ROT_castle31_village1	Cavihe	916.21	425.74	44.4	15	4	road	ROT_castle31_village1#f01d9767	R	1	1	10.6	ROT_castle31_village1#c754b119	ROT_castle31_village1#34e65fd2,ROT_castle31_village1#c754b119,ROT_castle31_village1#cbe27b3c,ROT_castle31_village1#df63eace	-135.6	1.30	0.70	6488
165	ROT_castle31_village2	Drolihe	944.50	370.17	175.5	26	11	crossroad	ROT_castle31_village2#7f9e6057	H	0	2	15.3	ROT_castle31_village2#d115810f	ROT_castle31_village2#d115810f,ROT_castle31_village2#74e29a89,ROT_castle31_village2#256323a2,ROT_castle31_village2#419b4511	175.5	1.30	0.70	4916
166	ROT_castle31_village2	Merralo	950.57	394.98	109.8	26	0	crossroad	ROT_castle31_village2#25664244	H	0	2	4.8	-	ROT_castle31_village2#419b4511,ROT_castle31_village2#25d069e4,ROT_castle31_village2#256323a2,ROT_castle31_village2#657cebb2	-70.2	1.30	0.70	5017
167	ROT_castle31_village2	Eskypatys	962.50	393.50	0.9	15	2	road	ROT_castle31_village2#6ac3d5e1	R	1	1	7.0	-	ROT_castle31_village2#99c37bb8,ROT_castle31_village2#b9bd1512,ROT_castle31_village2#25664244,ROT_castle31_village2#419b4511	0.9	1.30	0.70	4919
168	ROT_castle31_village2	Vezzo	978.00	397.50	176.1	15	12	road	ROT_castle31_village2#b9bd1512	R	-1	1	16.0	ROT_castle31_village2#99c37bb8	ROT_castle31_village2#99c37bb8,ROT_castle31_village2#6ac3d5e1,ROT_castle31_village2#25664244,ROT_castle31_village2#419b4511	176.1	1.30	0.70	5022
169	ROT_castle31_village2	Casazo	971.50	398.00	5.0	15	8	road	ROT_castle31_village2#99c37bb8	R	-1	1	13.3	ROT_castle31_village2#6ac3d5e1	ROT_castle31_village2#b9bd1512,ROT_castle31_village2#6ac3d5e1,ROT_castle31_village2#25664244,ROT_castle31_village2#419b4511	-175.0	1.30	0.70	4919
170	ROT_castle31_village2	Alaro	954.78	399.15	96.6	15	3	road	ROT_castle31_village2#25d069e4	R	-1	1	7.3	ROT_castle31_village2#25664244	ROT_castle31_village2#25664244,ROT_castle31_village2#657cebb2,ROT_castle31_village2#419b4511,ROT_castle31_village2#657ffe6f	96.6	1.30	0.70	5016
171	ROT_castle31_village2	Catana	948.98	403.80	90.3	15	5	road	ROT_castle31_village2#657cebb2	R	1	1	10.6	ROT_castle31_village2#25d069e4	ROT_castle31_village2#657ffe6f,ROT_castle31_village2#0b1a56bf,ROT_castle31_village2#25d069e4,ROT_castle31_village2#25664244	-89.7	1.30	0.70	5016
172	ROT_castle31_village2	Parvizi	949.10	409.82	90.2	15	7	road	ROT_castle31_village2#657ffe6f	R	1	1	12.5	ROT_castle31_village2#657cebb2	ROT_castle31_village2#0b1a56bf,ROT_castle31_village2#657cebb2,ROT_castle31_village2#33e11e2f,ROT_castle31_village2#25d069e4	-89.8	1.30	0.70	5016
173	ROT_castle31_village2	Solono	954.28	412.33	75.8	15	9	road	ROT_castle31_village2#0b1a56bf	R	-1	1	13.8	ROT_castle31_village2#657ffe6f	ROT_castle31_village2#657ffe6f,ROT_castle31_village2#33e11e2f,ROT_castle31_village2#657cebb2,ROT_castle31_village2#25d069e4	75.8	1.30	0.70	5021
174	ROT_castle31_village2	Figstone	955.49	417.17	75.3	15	13	road	ROT_castle31_village2#33e11e2f	R	-1	1	16.5	ROT_castle31_village2#0b1a56bf	ROT_castle31_village2#0b1a56bf,ROT_castle31_village2#657ffe6f,ROT_castle31_village2#657cebb2,ROT_castle31_village2#25d069e4	75.3	1.30	0.70	5021
175	ROT_castle31_village2	Tiavissa	940.12	374.41	133.4	15	14	road	ROT_castle31_village2#4ad266e7	R	-1	1	18.0	ROT_castle31_village2#74e29a89	ROT_castle31_village2#74e29a89,ROT_castle31_village2#256323a2,ROT_castle31_village2#d115810f,ROT_castle31_village2#7f9e6057	133.4	1.30	0.70	4916
176	ROT_castle31_village2	Greystone	949.56	372.97	77.0	15	10	road	ROT_castle31_village2#d115810f	R	-1	1	14.1	ROT_castle31_village2#74e29a89	ROT_castle31_village2#7f9e6057,ROT_castle31_village2#74e29a89,ROT_castle31_village2#256323a2,ROT_castle31_village2#419b4511	77.0	1.30	0.70	4916
177	ROT_castle31_village2	Gesatis	945.15	377.19	79.9	15	6	road	ROT_castle31_village2#74e29a89	R	1	1	11.7	ROT_castle31_village2#256323a2	ROT_castle31_village2#256323a2,ROT_castle31_village2#d115810f,ROT_castle31_village2#7f9e6057,ROT_castle31_village2#419b4511	-100.1	1.30	0.70	5017
178	ROT_castle31_village2	Eskyzzo	950.63	379.89	78.8	15	4	road	ROT_castle31_village2#256323a2	R	-1	1	10.4	ROT_castle31_village2#419b4511	ROT_castle31_village2#74e29a89,ROT_castle31_village2#419b4511,ROT_castle31_village2#d115810f,ROT_castle31_village2#7f9e6057	78.8	1.30	0.70	5017
179	ROT_castle31_village2	Genos	948.39	386.79	86.5	15	1	road	ROT_castle31_village2#419b4511	R	1	1	6.8	ROT_castle31_village2#25664244	ROT_castle31_village2#25664244,ROT_castle31_village2#256323a2,ROT_castle31_village2#25d069e4,ROT_castle31_village2#74e29a89	-93.5	1.30	0.70	5017
180	ROT_castle32_village1	Orvetha	966.18	546.12	1.2	16	2	road	ROT_castle32_village1#ef1c1a62	R	1	1	7.4	-	ROT_castle32_village1#63dcfc06,ROT_castle32_village1#8961df57,ROT_castle32_village1#6ed6f2a6,ROT_castle32_village1#3fcb21cc	1.2	1.30	0.70	6871
181	ROT_castle32_village1	Giarretha	975.68	546.37	1.1	16	6	road	ROT_castle32_village1#8961df57	R	1	1	11.8	ROT_castle32_village1#63dcfc06	ROT_castle32_village1#63dcfc06,ROT_castle32_village1#ef1c1a62,ROT_castle32_village1#6ed6f2a6,ROT_castle32_village1#3fcb21cc	1.1	1.30	0.70	6871
182	ROT_castle32_village1	Issemado	959.17	546.44	6.3	16	1	road	ROT_castle32_village1#3fcb21cc	R	1	1	7.4	-	ROT_castle32_village1#95af2939,ROT_castle32_village1#f128ab90,ROT_castle32_village1#6ed6f2a6,ROT_castle32_village1#ef1c1a62	6.3	1.30	0.70	6633
183	ROT_castle32_village1	Lonessa	948.59	549.16	176.9	16	4	road	ROT_castle32_village1#9d0b1ec4	R	-1	1	9.7	ROT_castle32_village1#75f71e5e	ROT_castle32_village1#75f71e5e,ROT_castle32_village1#6ed6f2a6,ROT_castle32_village1#e30a4ffe,ROT_castle32_village1#3fcb21cc	176.9	1.30	0.70	6823
184	ROT_castle32_village1	Iksa Moris	969.57	550.21	179.5	16	5	road	ROT_castle32_village1#63dcfc06	R	-1	1	10.1	ROT_castle32_village1#ef1c1a62	ROT_castle32_village1#8961df57,ROT_castle32_village1#ef1c1a62,ROT_castle32_village1#6ed6f2a6,ROT_castle32_village1#3fcb21cc	179.5	1.30	0.70	6634
185	ROT_castle32_village1	Othero	952.17	554.50	175.1	16	3	road	ROT_castle32_village1#75f71e5e	R	1	1	8.9	ROT_castle32_village1#6ed6f2a6	ROT_castle32_village1#9d0b1ec4,ROT_castle32_village1#6ed6f2a6,ROT_castle32_village1#e30a4ffe,ROT_castle32_village1#3fcb21cc	175.1	1.30	0.70	6632
186	ROT_castle32_village1	Seris	957.38	554.61	38.0	16	0	road	ROT_castle32_village1#6ed6f2a6	R	1	1	5.1	-	ROT_castle32_village1#75f71e5e,ROT_castle32_village1#9d0b1ec4,ROT_castle32_village1#e30a4ffe,ROT_castle32_village1#3fcb21cc	-142.0	1.30	0.70	6819
187	ROT_castle32_village1	Nesso	963.25	526.74	91.9	16	11	river	ROT_castle32_village1#e7d3645c	R	1	1	27.8	ROT_castle32_village1#06815589	ROT_castle32_village1#06815589,ROT_castle32_village1#f128ab90,ROT_castle32_village1#3fcb21cc,ROT_castle32_village1#95af2939	91.9	1.30	0.70	6815
188	ROT_castle32_village1	Garis	961.98	531.64	97.5	16	10	river	ROT_castle32_village1#06815589	R	1	1	22.4	ROT_castle32_village1#f128ab90	ROT_castle32_village1#f128ab90,ROT_castle32_village1#e7d3645c,ROT_castle32_village1#3fcb21cc,ROT_castle32_village1#95af2939	97.5	1.30	0.70	6635
189	ROT_castle32_village1	Otherel	959.83	536.60	111.6	16	9	river	ROT_castle32_village1#f128ab90	R	1	1	17.8	ROT_castle32_village1#3fcb21cc	ROT_castle32_village1#06815589,ROT_castle32_village1#e7d3645c,ROT_castle32_village1#3fcb21cc,ROT_castle32_village1#95af2939	111.6	1.30	0.70	6816
190	ROT_castle32_village1	Nessa	952.99	542.92	160.4	16	7	river	ROT_castle32_village1#95af2939	R	1	1	14.2	ROT_castle32_village1#3fcb21cc	ROT_castle32_village1#3fcb21cc,ROT_castle32_village1#f128ab90,ROT_castle32_village1#6ed6f2a6,ROT_castle32_village1#ef1c1a62	160.4	1.30	0.70	6821
191	ROT_castle32_village1	Voreno	945.25	543.28	10.2	16	8	river	ROT_castle32_village1#e30a4ffe	R	1	1	16.5	ROT_castle32_village1#9d0b1ec4	ROT_castle32_village1#9d0b1ec4,ROT_castle32_village1#75f71e5e,ROT_castle32_village1#6ed6f2a6,ROT_castle32_village1#3fcb21cc	-169.8	1.30	0.70	6823
192	ROT_castle32_village2	Greybridge	911.06	554.07	149.8	27	11	bridge	ROT_castle32_village2#3ae7e68a	H	0	2	23.4	ROT_castle32_village2#1b7ce0b6	ROT_castle32_village2#ce8bc2a1,ROT_castle32_village2#1b7ce0b6,ROT_castle32_village2#a7bdbcd7,ROT_castle32_village2#6e95cede	-30.2	1.30	0.70	6566
193	ROT_castle32_village2	Figfield	931.91	559.33	136.5	16	8	road	ROT_castle32_village2#11434f9a	R	-1	1	15.2	ROT_castle32_village2#94239def	ROT_castle32_village2#94239def,ROT_castle32_village2#6e95cede,ROT_castle32_village2#a7bdbcd7,ROT_castle32_village2#205e5e18	136.5	1.30	0.70	6813
194	ROT_castle32_village2	Fesso	923.63	556.26	143.1	16	7	road	ROT_castle32_village2#205e5e18	R	-1	1	14.8	ROT_castle32_village2#6e95cede	ROT_castle32_village2#77d96c73,ROT_castle32_village2#6e95cede,ROT_castle32_village2#a7bdbcd7,ROT_castle32_village2#94239def	-36.9	1.30	0.70	6807
195	ROT_castle32_village2	Gialiris	919.67	565.16	133.9	16	1	road	ROT_castle32_village2#6e95cede	R	1	1	7.5	ROT_castle32_village2#a7bdbcd7	ROT_castle32_village2#a7bdbcd7,ROT_castle32_village2#94239def,ROT_castle32_village2#205e5e18,ROT_castle32_village2#11434f9a	133.9	1.30	0.70	6812
196	ROT_castle32_village2	Fodaim	901.14	576.87	174.3	16	2	road	ROT_castle32_village2#8b315bb0	R	1	1	9.3	-	ROT_castle32_village2#a7bdbcd7,ROT_castle32_village2#6e95cede,ROT_castle32_village2#59788358,ROT_castle32_village2#94239def	174.3	1.30	0.70	6808
197	ROT_castle32_village2	Velivos	926.32	563.51	133.4	16	4	road	ROT_castle32_village2#94239def	R	-1	1	11.3	ROT_castle32_village2#6e95cede	ROT_castle32_village2#6e95cede,ROT_castle32_village2#11434f9a,ROT_castle32_village2#a7bdbcd7,ROT_castle32_village2#205e5e18	133.4	1.30	0.70	6813
198	ROT_castle32_village2	Iksa Mostoris	919.25	571.29	138.7	16	0	road	ROT_castle32_village2#a7bdbcd7	R	-1	1	6.6	-	ROT_castle32_village2#6e95cede,ROT_castle32_village2#94239def,ROT_castle32_village2#205e5e18,ROT_castle32_village2#11434f9a	138.7	1.30	0.70	6812
199	ROT_castle32_village2	Vorio	916.44	549.26	137.2	16	12	river	ROT_castle32_village2#ce8bc2a1	R	-1	1	30.3	ROT_castle32_village2#3ae7e68a	ROT_castle32_village2#3ae7e68a,ROT_castle32_village2#1b7ce0b6,ROT_castle32_village2#a7bdbcd7,ROT_castle32_village2#6e95cede	-42.8	1.30	0.70	6529
200	ROT_castle32_village2	Willowmill	923.40	550.29	136.8	16	10	river	ROT_castle32_village2#77d96c73	R	1	1	21.3	ROT_castle32_village2#205e5e18	ROT_castle32_village2#205e5e18,ROT_castle32_village2#6e95cede,ROT_castle32_village2#a7bdbcd7,ROT_castle32_village2#94239def	136.8	1.30	0.70	6807
201	ROT_castle32_village2	Andaris	918.38	555.76	128.3	16	9	river	ROT_castle32_village2#fd9785e3	R	1	1	17.5	ROT_castle32_village2#6e95cede	ROT_castle32_village2#6e95cede,ROT_castle32_village2#a7bdbcd7,ROT_castle32_village2#94239def,ROT_castle32_village2#205e5e18	128.3	1.30	0.70	6807
202	ROT_castle32_village2	Wheatbend	911.74	562.38	137.9	16	5	river	ROT_castle32_village2#1b7ce0b6	R	1	1	12.6	-	ROT_castle32_village2#3ae7e68a,ROT_castle32_village2#ce8bc2a1,ROT_castle32_village2#a7bdbcd7,ROT_castle32_village2#6e95cede	137.9	1.30	0.70	6809
203	ROT_castle32_village2	Andarel	901.02	565.29	3.9	16	6	river	ROT_castle32_village2#8b2e48f3	R	1	1	13.7	ROT_castle32_village2#59788358	ROT_castle32_village2#59788358,ROT_castle32_village2#a7bdbcd7,ROT_castle32_village2#6e95cede,ROT_castle32_village2#8b315bb0	-176.1	1.30	0.70	6628
204	ROT_castle32_village2	Merys	905.94	567.29	176.3	16	3	river	ROT_castle32_village2#59788358	R	1	1	9.5	-	ROT_castle32_village2#8b2e48f3,ROT_castle32_village2#a7bdbcd7,ROT_castle32_village2#6e95cede,ROT_castle32_village2#8b315bb0	176.3	1.30	0.70	6809
205	ROT_castle33_village1	Lygos	996.50	550.77	145.3	27	1	crossroad	ROT_castle33_village1#c09a9474	H	0	2	8.5	ROT_castle33_village1#29d5181d	ROT_castle33_village1#29d5181d,ROT_castle33_village1#e7980039,ROT_castle33_village1#ec43bfac,ROT_castle33_village1#c94fcf58	-34.7	1.30	0.70	6839
206	ROT_castle33_village1	Loresa	996.80	543.64	38.0	16	0	road	ROT_castle33_village1#29d5181d	R	1	1	5.5	-	ROT_castle33_village1#c09a9474,ROT_castle33_village1#c94fcf58,ROT_castle33_village1#e7980039,ROT_castle33_village1#d0413d5e	38.0	1.30	0.70	6881
207	ROT_castle33_village1	Duluro	997.81	513.40	80.4	16	13	road	ROT_castle33_village1#6faf2390	R	-1	1	27.3	ROT_castle33_village1#ec386b1b	ROT_castle33_village1#ec386b1b,ROT_castle33_village1#d04445e9,ROT_castle33_village1#6fb485a1,ROT_castle33_village1#29d5181d	-99.6	1.30	0.70	6885
208	ROT_castle33_village1	Irksalara	998.83	521.62	95.2	16	12	road	ROT_castle33_village1#ec386b1b	R	-1	1	22.8	ROT_castle33_village1#d04445e9	ROT_castle33_village1#d04445e9,ROT_castle33_village1#6faf2390,ROT_castle33_village1#6fb485a1,ROT_castle33_village1#29d5181d	-84.8	1.30	0.70	6884
209	ROT_castle33_village1	Jogolis	1003.51	526.00	97.6	16	11	road	ROT_castle33_village1#d04445e9	R	1	1	20.8	ROT_castle33_village1#6fb485a1	ROT_castle33_village1#ec386b1b,ROT_castle33_village1#6faf2390,ROT_castle33_village1#6fb485a1,ROT_castle33_village1#29d5181d	97.6	1.30	0.70	6847
210	ROT_castle33_village1	Vinegrove	997.52	532.47	89.7	16	6	road	ROT_castle33_village1#6fb485a1	R	-1	1	12.2	-	ROT_castle33_village1#d04445e9,ROT_castle33_village1#ec386b1b,ROT_castle33_village1#6faf2390,ROT_castle33_village1#29d5181d	-90.3	1.30	0.70	6881
211	ROT_castle33_village1	Lalis	1004.36	537.87	98.0	16	8	road	ROT_castle33_village1#d0413d5e	R	1	1	15.0	ROT_castle33_village1#c94fcf58	ROT_castle33_village1#c94fcf58,ROT_castle33_village1#29d5181d,ROT_castle33_village1#c09a9474,ROT_castle33_village1#e7980039	98.0	1.30	0.70	6880
212	ROT_castle33_village1	Lynona	1002.70	543.84	94.9	16	3	road	ROT_castle33_village1#c94fcf58	R	1	1	10.6	ROT_castle33_village1#29d5181d	ROT_castle33_village1#d0413d5e,ROT_castle33_village1#29d5181d,ROT_castle33_village1#c09a9474,ROT_castle33_village1#e7980039	94.9	1.30	0.70	6880
213	ROT_castle33_village1	Tegos	985.98	549.00	28.5	16	2	road	ROT_castle33_village1#8670994c	R	1	1	10.5	-	ROT_castle33_village1#4fd10b7c,ROT_castle33_village1#29d5181d,ROT_castle33_village1#c09a9474,ROT_castle33_village1#c94fcf58	28.5	1.30	0.70	6869
214	ROT_castle33_village1	Jalis	980.51	551.30	24.6	16	7	road	ROT_castle33_village1#4fd10b7c	R	-1	1	15.0	ROT_castle33_village1#8670994c	ROT_castle33_village1#8670994c,ROT_castle33_village1#29d5181d,ROT_castle33_village1#c09a9474,ROT_castle33_village1#c94fcf58	-155.4	1.30	0.70	11001
215	ROT_castle33_village1	Lanton	990.41	553.50	178.9	16	5	road	ROT_castle33_village1#aef5ae59	R	-1	1	12.1	-	ROT_castle33_village1#29d5181d,ROT_castle33_village1#c09a9474,ROT_castle33_village1#8670994c,ROT_castle33_village1#c94fcf58	178.9	1.30	0.70	6839
216	ROT_castle33_village1	Eunolis	999.75	556.65	90.6	16	4	road	ROT_castle33_village1#e7980039	R	-1	1	11.7	ROT_castle33_village1#c09a9474	ROT_castle33_village1#c09a9474,ROT_castle33_village1#ec43bfac,ROT_castle33_village1#29d5181d,ROT_castle33_village1#d5d32f33	90.6	1.30	0.70	6867
217	ROT_castle33_village1	Anoresa	999.37	562.64	95.3	16	9	road	ROT_castle33_village1#ec43bfac	R	-1	1	15.4	ROT_castle33_village1#e7980039	ROT_castle33_village1#d5d32f33,ROT_castle33_village1#e7980039,ROT_castle33_village1#c09a9474,ROT_castle33_village1#29d5181d	95.3	1.30	0.70	6867
218	ROT_castle33_village1	Josiqen	994.10	566.82	93.3	16	10	road	ROT_castle33_village1#d5d32f33	R	1	1	18.5	ROT_castle33_village1#ec43bfac	ROT_castle33_village1#ec43bfac,ROT_castle33_village1#e7980039,ROT_castle33_village1#c09a9474,ROT_castle33_village1#29d5181d	-86.7	1.30	0.70	6848
219	ROT_castle33_village2	Geleca	1005.31	596.88	63.7	27	7	crossroad	ROT_castle33_village2#affc670d	H	0	2	24.9	-	ROT_castle33_village2#144d3dcb,ROT_castle33_village2#bcd51299,ROT_castle33_village2#0b0fa3b4,ROT_castle33_village2#b8e84323	63.7	1.30	0.70	6860
220	ROT_castle33_village2	Gerath	999.73	570.21	85.7	16	4	road	ROT_castle33_village2#a3a66295	R	-1	1	19.0	ROT_castle33_village2#bcd51299	ROT_castle33_village2#bcd51299,ROT_castle33_village2#0b0fa3b4,ROT_castle33_village2#144d3dcb,ROT_castle33_village2#b8e84323	85.7	1.30	0.70	6866
221	ROT_castle33_village2	Wheatstone	1001.81	577.53	65.7	16	3	road	ROT_castle33_village2#b8e84323	R	-1	1	18.4	-	ROT_castle33_village2#c2b7e09b,ROT_castle33_village2#144d3dcb,ROT_castle33_village2#bcd51299,ROT_castle33_village2#0b0fa3b4	65.7	1.30	0.70	6865
222	ROT_castle33_village2	Eugos	998.18	582.22	82.0	16	6	road	ROT_castle33_village2#c2b7e09b	R	1	1	22.8	ROT_castle33_village2#b8e84323	ROT_castle33_village2#b8e84323,ROT_castle33_village2#144d3dcb,ROT_castle33_village2#bcd51299,ROT_castle33_village2#0b0fa3b4	-98.0	1.30	0.70	6865
223	ROT_castle33_village2	Dulaqen	1003.64	586.12	80.5	16	5	road	ROT_castle33_village2#f094766c	R	-1	1	20.5	-	ROT_castle33_village2#144d3dcb,ROT_castle33_village2#bcd51299,ROT_castle33_village2#0b0fa3b4,ROT_castle33_village2#b8e84323	80.5	1.30	0.70	6859
224	ROT_castle33_village2	Gegos	1014.49	562.78	90.7	16	2	road	ROT_castle33_village2#0b0fa3b4	R	1	1	11.6	ROT_castle33_village2#bcd51299	ROT_castle33_village2#bcd51299,ROT_castle33_village2#144d3dcb,ROT_castle33_village2#a3a66295,ROT_castle33_village2#b8e84323	90.7	1.30	0.70	6867
225	ROT_castle33_village2	Bogar	1009.76	568.04	84.0	16	1	road	ROT_castle33_village2#bcd51299	R	-1	1	9.4	ROT_castle33_village2#144d3dcb	ROT_castle33_village2#0b0fa3b4,ROT_castle33_village2#144d3dcb,ROT_castle33_village2#a3a66295,ROT_castle33_village2#b8e84323	-96.0	1.30	0.70	6866
226	ROT_castle33_village2	Ralagos	1016.67	571.72	49.2	16	0	road	ROT_castle33_village2#144d3dcb	R	1	1	7.1	-	ROT_castle33_village2#bcd51299,ROT_castle33_village2#0b0fa3b4,ROT_castle33_village2#a3a66295,ROT_castle33_village2#b8e84323	49.2	1.30	0.70	6832
227	ROT_castle34_village1	Kembantor	1090.10	335.46	150.8	27	8	bridge	ROT_castle34_village1#e2986a9b	H	0	2	18.8	ROT_castle34_village1#b85b078f	ROT_castle34_village1#b85b078f,ROT_castle34_village1#461076e3,ROT_castle34_village1#5bf77dd9,ROT_castle34_village1#e6e8858a	-29.2	1.30	0.70	7347
228	ROT_castle34_village1	Menesia	1091.50	344.83	147.8	16	2	road	ROT_castle34_village1#838e3652	R	-1	1	11.8	-	ROT_castle34_village1#078ffbb8,ROT_castle34_village1#c85fbe4a,ROT_castle34_village1#6c308374,ROT_castle34_village1#738b74de	147.8	1.30	0.70	7190
229	ROT_castle34_village1	Stambatah	1085.34	358.00	177.4	16	0	road	ROT_castle34_village1#078ffbb8	R	1	1	5.1	-	ROT_castle34_village1#c85fbe4a,ROT_castle34_village1#6c308374,ROT_castle34_village1#738b74de,ROT_castle34_village1#df2e1634	177.4	1.30	0.70	7263
230	ROT_castle34_village1	Agripyr	1100.55	335.99	25.0	16	10	river	ROT_castle34_village1#461076e3	R	1	1	23.1	ROT_castle34_village1#e2986a9b	ROT_castle34_village1#e2986a9b,ROT_castle34_village1#b85b078f,ROT_castle34_village1#5bf77dd9,ROT_castle34_village1#e6e8858a	25.0	1.30	0.70	6997
231	ROT_castle34_village1	Erebumis	1084.24	337.51	152.2	16	11	river	ROT_castle34_village1#5bf77dd9	R	1	1	24.4	ROT_castle34_village1#e2986a9b	ROT_castle34_village1#e2986a9b,ROT_castle34_village1#e6e8858a,ROT_castle34_village1#b85b078f,ROT_castle34_village1#461076e3	-27.8	1.30	0.70	6996
232	ROT_castle34_village1	Kamos	1079.82	340.14	147.8	16	13	river	ROT_castle34_village1#e6e8858a	R	1	1	31.2	ROT_castle34_village1#5bf77dd9	ROT_castle34_village1#5bf77dd9,ROT_castle34_village1#e2986a9b,ROT_castle34_village1#b85b078f,ROT_castle34_village1#461076e3	-32.2	1.30	0.70	7344
233	ROT_castle34_village1	Tamis	1095.96	342.01	6.4	16	6	river	ROT_castle34_village1#b85b078f	R	-1	1	15.3	-	ROT_castle34_village1#e2986a9b,ROT_castle34_village1#461076e3,ROT_castle34_village1#5bf77dd9,ROT_castle34_village1#e6e8858a	-173.6	1.30	0.70	7188
234	ROT_castle34_village1	Naleos	1102.53	344.47	40.7	16	7	river	ROT_castle34_village1#1d313e40	R	-1	1	16.8	-	ROT_castle34_village1#50481a53,ROT_castle34_village1#078ffbb8,ROT_castle34_village1#c85fbe4a,ROT_castle34_village1#838e3652	-139.3	1.30	0.70	6915
235	ROT_castle34_village1	Heronmill	1106.49	347.73	41.3	16	9	river	ROT_castle34_village1#50481a53	R	-1	1	19.6	ROT_castle34_village1#1d313e40	ROT_castle34_village1#1d313e40,ROT_castle34_village1#078ffbb8,ROT_castle34_village1#c85fbe4a,ROT_castle34_village1#838e3652	-138.7	1.30	0.70	6915
236	ROT_castle34_village1	Tegresia	1075.82	349.23	151.3	16	3	river	ROT_castle34_village1#6c308374	R	-1	1	12.4	ROT_castle34_village1#078ffbb8	ROT_castle34_village1#078ffbb8,ROT_castle34_village1#c85fbe4a,ROT_castle34_village1#738b74de,ROT_castle34_village1#df2e1634	151.3	1.30	0.70	7191
237	ROT_castle34_village1	Kesos	1080.73	349.41	145.9	16	1	river	ROT_castle34_village1#c85fbe4a	R	-1	1	10.6	ROT_castle34_village1#078ffbb8	ROT_castle34_village1#078ffbb8,ROT_castle34_village1#6c308374,ROT_castle34_village1#738b74de,ROT_castle34_village1#df2e1634	145.9	1.30	0.70	6914
238	ROT_castle34_village1	Ny Porotah	1070.45	351.66	163.2	16	4	river	ROT_castle34_village1#738b74de	R	-1	1	12.7	ROT_castle34_village1#078ffbb8	ROT_castle34_village1#df2e1634,ROT_castle34_village1#078ffbb8,ROT_castle34_village1#c85fbe4a,ROT_castle34_village1#6c308374	163.2	1.30	0.70	7191
239	ROT_castle34_village1	Noleos	1064.06	352.75	179.2	16	5	river	ROT_castle34_village1#df2e1634	R	-1	1	14.7	ROT_castle34_village1#738b74de	ROT_castle34_village1#738b74de,ROT_castle34_village1#078ffbb8,ROT_castle34_village1#c85fbe4a,ROT_castle34_village1#6c308374	179.2	1.30	0.70	6912
240	ROT_castle34_village1	Rherasos	1109.90	370.01	99.9	16	12	river	ROT_castle34_village1#9fccfa17	R	-1	1	25.7	-	ROT_castle34_village1#078ffbb8,ROT_castle34_village1#c85fbe4a,ROT_castle34_village1#838e3652,ROT_castle34_village1#6c308374	-80.1	1.30	0.70	6916
241	ROT_castle34_village2	Rhentor	1024.29	344.82	78.3	27	8	bridge	ROT_castle34_village2#8f3512c8	H	0	2	16.6	-	ROT_castle34_village2#417688a6,ROT_castle34_village2#275d830c,ROT_castle34_village2#99d9eee2,ROT_castle34_village2#1a1d9d2c	78.3	1.30	0.70	7002
242	ROT_castle34_village2	Pemis	1035.68	336.80	49.4	16	0	road	ROT_castle34_village2#417688a6	R	1	1	3.9	-	ROT_castle34_village2#275d830c,ROT_castle34_village2#c85430c2,ROT_castle34_village2#420ad956,ROT_castle34_village2#421f73b6	-130.6	1.30	0.70	7006
243	ROT_castle34_village2	Kepyr	1042.05	338.22	48.4	16	1	road	ROT_castle34_village2#275d830c	R	-1	1	7.8	ROT_castle34_village2#417688a6	ROT_castle34_village2#c85430c2,ROT_castle34_village2#417688a6,ROT_castle34_village2#420ad956,ROT_castle34_village2#421f73b6	48.4	1.30	0.70	7006
244	ROT_castle34_village2	Notah	1040.15	345.22	71.6	16	4	road	ROT_castle34_village2#c85430c2	R	1	1	10.6	ROT_castle34_village2#275d830c	ROT_castle34_village2#275d830c,ROT_castle34_village2#417688a6,ROT_castle34_village2#420ad956,ROT_castle34_village2#421f73b6	-108.4	1.30	0.70	7006
245	ROT_castle34_village2	Hagos	1028.03	322.66	124.1	16	3	river	ROT_castle34_village2#1a1d9d2c	R	1	1	10.6	-	ROT_castle34_village2#417688a6,ROT_castle34_village2#275d830c,ROT_castle34_village2#99d9eee2,ROT_castle34_village2#c85430c2	124.1	1.30	0.70	6908
246	ROT_castle34_village2	Kambania	1024.79	327.93	110.4	16	2	river	ROT_castle34_village2#99d9eee2	R	1	1	9.7	-	ROT_castle34_village2#417688a6,ROT_castle34_village2#275d830c,ROT_castle34_village2#1a1d9d2c,ROT_castle34_village2#c85430c2	110.4	1.30	0.70	7000
247	ROT_castle34_village2	Olivestone	1023.22	336.62	98.6	16	5	river	ROT_castle34_village2#c3c5d114	R	1	1	10.9	-	ROT_castle34_village2#417688a6,ROT_castle34_village2#275d830c,ROT_castle34_village2#99d9eee2,ROT_castle34_village2#1a1d9d2c	98.6	1.30	0.70	6909
248	ROT_castle34_village2	Techia	1027.64	351.56	42.4	16	12	river	ROT_castle34_village2#1a1488a4	R	1	1	22.6	-	ROT_castle34_village2#417688a6,ROT_castle34_village2#275d830c,ROT_castle34_village2#99d9eee2,ROT_castle34_village2#1a1d9d2c	42.4	1.30	0.70	6907
249	ROT_castle34_village2	Dorogos	1030.93	357.20	50.2	16	13	river	ROT_castle34_village2#0b08eb89	R	1	1	26.5	ROT_castle34_village2#c85430c2	ROT_castle34_village2#c85430c2,ROT_castle34_village2#275d830c,ROT_castle34_village2#417688a6,ROT_castle34_village2#420ad956	50.2	1.30	0.70	6907
250	ROT_castle34_village2	Ny Saleos	1046.07	325.92	87.2	16	10	river	ROT_castle34_village2#e8174ee7	R	-1	1	16.8	-	ROT_castle34_village2#417688a6,ROT_castle34_village2#275d830c,ROT_castle34_village2#99d9eee2,ROT_castle34_village2#1a1d9d2c	-92.8	1.30	0.70	6910
251	ROT_castle34_village2	Areogos	1048.99	330.28	84.1	16	9	river	ROT_castle34_village2#dd7d7939	R	-1	1	16.6	-	ROT_castle34_village2#417688a6,ROT_castle34_village2#275d830c,ROT_castle34_village2#99d9eee2,ROT_castle34_village2#1a1d9d2c	-95.9	1.30	0.70	6910
252	ROT_castle34_village2	Erelichia	1049.80	336.68	71.0	16	7	river	ROT_castle34_village2#421f73b6	R	-1	1	15.7	ROT_castle34_village2#275d830c	ROT_castle34_village2#275d830c,ROT_castle34_village2#c85430c2,ROT_castle34_village2#417688a6,ROT_castle34_village2#420ad956	-109.0	1.30	0.70	7003
253	ROT_castle34_village2	Areolemis	1049.51	341.95	64.9	16	6	river	ROT_castle34_village2#420ad956	R	-1	1	13.9	ROT_castle34_village2#275d830c	ROT_castle34_village2#76d7aa93,ROT_castle34_village2#275d830c,ROT_castle34_village2#c85430c2,ROT_castle34_village2#417688a6	-115.1	1.30	0.70	6911
254	ROT_castle34_village2	Haramia	1053.70	344.89	59.4	16	11	river	ROT_castle34_village2#76d7aa93	R	-1	1	19.3	ROT_castle34_village2#420ad956	ROT_castle34_village2#420ad956,ROT_castle34_village2#275d830c,ROT_castle34_village2#c85430c2,ROT_castle34_village2#417688a6	-120.6	1.30	0.70	6911
255	ROT_castle35_village1	Qhoyvessa	1248.87	392.45	100.6	27	10	bridge	ROT_castle35_village1#765f7b53	H	0	2	20.3	-	ROT_castle35_village1#fdeb5039,ROT_castle35_village1#cfcad01b,ROT_castle35_village1#58c0a72c,ROT_castle35_village1#35a7c8fb	100.6	1.30	0.70	7693
256	ROT_castle35_village1	Tytrero	1268.50	384.38	93.5	16	8	road	ROT_castle35_village1#958a67c9	R	-1	1	16.5	ROT_castle35_village1#b3ff76a8	ROT_castle35_village1#b3ff76a8,ROT_castle35_village1#35a7c8fb,ROT_castle35_village1#58c0a72c,ROT_castle35_village1#cec51fe5	93.5	1.30	0.70	7477
257	ROT_castle35_village1	Qotia	1265.00	394.38	86.6	16	3	road	ROT_castle35_village1#35a7c8fb	R	1	1	10.6	ROT_castle35_village1#58c0a72c	ROT_castle35_village1#58c0a72c,ROT_castle35_village1#cec51fe5,ROT_castle35_village1#9b8b5295,ROT_castle35_village1#b3ff76a8	-93.4	1.30	0.70	7476
258	ROT_castle35_village1	Noyhor	1260.03	400.56	128.5	16	1	road	ROT_castle35_village1#cfcad01b	R	1	1	6.5	ROT_castle35_village1#fdeb5039	ROT_castle35_village1#fdeb5039,ROT_castle35_village1#58c0a72c,ROT_castle35_village1#35a7c8fb,ROT_castle35_village1#cec51fe5	-51.5	1.30	0.70	7694
259	ROT_castle35_village1	Dragovo	1256.27	403.90	134.3	16	0	road	ROT_castle35_village1#fdeb5039	R	1	1	5.2	-	ROT_castle35_village1#cfcad01b,ROT_castle35_village1#58c0a72c,ROT_castle35_village1#35a7c8fb,ROT_castle35_village1#cec51fe5	-45.7	1.30	0.70	7694
260	ROT_castle35_village1	Qorvalion	1269.36	391.02	99.7	16	6	river	ROT_castle35_village1#b3ff76a8	R	1	1	14.0	ROT_castle35_village1#35a7c8fb	ROT_castle35_village1#958a67c9,ROT_castle35_village1#35a7c8fb,ROT_castle35_village1#58c0a72c,ROT_castle35_village1#cec51fe5	-80.3	1.30	0.70	7476
261	ROT_castle35_village1	Gorhannis	1269.50	397.67	97.5	16	4	river	ROT_castle35_village1#cec51fe5	R	1	1	12.2	ROT_castle35_village1#35a7c8fb	ROT_castle35_village1#35a7c8fb,ROT_castle35_village1#58c0a72c,ROT_castle35_village1#9b8b5295,ROT_castle35_village1#b3ff76a8	-82.5	1.30	0.70	6943
262	ROT_castle35_village1	Noybul	1266.12	401.63	95.2	16	2	river	ROT_castle35_village1#58c0a72c	R	1	1	10.3	ROT_castle35_village1#cfcad01b	ROT_castle35_village1#35a7c8fb,ROT_castle35_village1#cec51fe5,ROT_castle35_village1#9b8b5295,ROT_castle35_village1#b3ff76a8	-84.8	1.30	0.70	6943
263	ROT_castle35_village1	Tynis	1268.71	405.85	89.9	16	5	river	ROT_castle35_village1#9b8b5295	R	1	1	13.0	ROT_castle35_village1#58c0a72c	ROT_castle35_village1#58c0a72c,ROT_castle35_village1#35a7c8fb,ROT_castle35_village1#cec51fe5,ROT_castle35_village1#b3ff76a8	-90.1	1.30	0.70	7475
264	ROT_castle35_village1	Reedmill	1269.18	411.18	78.6	16	7	river	ROT_castle35_village1#9b8866ed	R	1	1	15.9	-	ROT_castle35_village1#fdeb5039,ROT_castle35_village1#cfcad01b,ROT_castle35_village1#58c0a72c,ROT_castle35_village1#35a7c8fb	-101.4	1.30	0.70	7475
265	ROT_castle35_village1	Tynna	1267.91	416.22	65.1	16	9	river	ROT_castle35_village1#72657aef	R	1	1	16.9	-	ROT_castle35_village1#06c799a9,ROT_castle35_village1#fdeb5039,ROT_castle35_village1#cfcad01b,ROT_castle35_village1#58c0a72c	-114.9	1.30	0.70	6942
266	ROT_castle35_village1	Noydavo	1277.46	421.03	177.5	16	11	river	ROT_castle35_village1#06c799a9	R	1	1	28.7	ROT_castle35_village1#72657aef	ROT_castle35_village1#72657aef,ROT_castle35_village1#fdeb5039,ROT_castle35_village1#cfcad01b,ROT_castle35_village1#58c0a72c	177.5	1.30	0.70	7474
267	ROT_castle35_village2	Vholion	1277.87	292.46	86.3	27	13	bridge	ROT_castle35_village2#194fc77f	H	0	2	27.4	ROT_castle35_village2#edfee09f	ROT_castle35_village2#edfee09f,ROT_castle35_village2#40ff0e8b,ROT_castle35_village2#2d3556b3,ROT_castle35_village2#f0dd19a5	86.3	1.30	0.70	7804
268	ROT_castle35_village2	Noyvo	1255.88	283.05	45.6	16	12	road	ROT_castle35_village2#2cf86a15	R	-1	1	21.8	ROT_castle35_village2#5b4a5df2	ROT_castle35_village2#5b4a5df2,ROT_castle35_village2#2d3556b3,ROT_castle35_village2#f0dd19a5,ROT_castle35_village2#93d4afd6	45.6	1.30	0.70	6955
269	ROT_castle35_village2	Gabrel	1260.17	295.50	178.6	16	6	road	ROT_castle35_village2#5b4a5df2	R	1	1	10.8	-	ROT_castle35_village2#2cf86a15,ROT_castle35_village2#2d3556b3,ROT_castle35_village2#f0dd19a5,ROT_castle35_village2#93d4afd6	178.6	1.30	0.70	7657
270	ROT_castle35_village2	Qotrena	1254.42	299.75	136.3	16	4	road	ROT_castle35_village2#d31ef74d	R	-1	1	9.5	-	ROT_castle35_village2#2d3556b3,ROT_castle35_village2#f0dd19a5,ROT_castle35_village2#93d4afd6,ROT_castle35_village2#fd8c19d7	-43.7	1.30	0.70	7657
271	ROT_castle35_village2	Sporsos	1249.82	309.30	139.9	16	2	road	ROT_castle35_village2#93d4afd6	R	1	1	7.8	-	ROT_castle35_village2#367c212f,ROT_castle35_village2#2d3556b3,ROT_castle35_village2#f0dd19a5,ROT_castle35_village2#fd8c19d7	139.9	1.30	0.70	7658
272	ROT_castle35_village2	Tycohor	1242.27	317.55	140.0	16	9	road	ROT_castle35_village2#367c212f	R	1	1	15.4	ROT_castle35_village2#93d4afd6	ROT_castle35_village2#93d4afd6,ROT_castle35_village2#2d3556b3,ROT_castle35_village2#f0dd19a5,ROT_castle35_village2#fd8c19d7	140.0	1.30	0.70	7664
273	ROT_castle35_village2	Ulmadoqos	1270.65	297.11	109.6	16	11	river	ROT_castle35_village2#edfee09f	R	1	1	18.9	ROT_castle35_village2#40ff0e8b	ROT_castle35_village2#40ff0e8b,ROT_castle35_village2#194fc77f,ROT_castle35_village2#2d3556b3,ROT_castle35_village2#f0dd19a5	-70.4	1.30	0.70	6952
274	ROT_castle35_village2	Blackmill	1268.80	301.75	103.9	16	8	river	ROT_castle35_village2#40ff0e8b	R	1	1	15.0	-	ROT_castle35_village2#edfee09f,ROT_castle35_village2#194fc77f,ROT_castle35_village2#2d3556b3,ROT_castle35_village2#f0dd19a5	-76.1	1.30	0.70	6952
275	ROT_castle35_village2	Ar Noyra	1266.68	307.28	136.8	16	5	river	ROT_castle35_village2#622e679e	R	1	1	10.2	-	ROT_castle35_village2#2d3556b3,ROT_castle35_village2#f0dd19a5,ROT_castle35_village2#93d4afd6,ROT_castle35_village2#fd8c19d7	-43.2	1.30	0.70	7485
276	ROT_castle35_village2	Drarsos	1261.52	312.35	129.1	16	0	river	ROT_castle35_village2#2d3556b3	R	1	1	5.8	-	ROT_castle35_village2#f0dd19a5,ROT_castle35_village2#93d4afd6,ROT_castle35_village2#fd8c19d7,ROT_castle35_village2#d31ef74d	-50.9	1.30	0.70	6951
277	ROT_castle35_village2	Gocobrel	1257.68	317.11	128.5	16	1	river	ROT_castle35_village2#f0dd19a5	R	1	1	7.2	-	ROT_castle35_village2#2d3556b3,ROT_castle35_village2#93d4afd6,ROT_castle35_village2#fd8c19d7,ROT_castle35_village2#d31ef74d	-51.5	1.30	0.70	7484
278	ROT_castle35_village2	Cagar	1252.95	323.29	126.9	16	3	river	ROT_castle35_village2#fd8c19d7	R	1	1	8.7	-	ROT_castle35_village2#b26ef2d4,ROT_castle35_village2#2777f1d7,ROT_castle35_village2#2d3556b3,ROT_castle35_village2#f0dd19a5	-53.1	1.30	0.70	6950
279	ROT_castle35_village2	Mannis	1250.62	327.61	92.6	16	7	river	ROT_castle35_village2#b26ef2d4	R	1	1	11.9	ROT_castle35_village2#fd8c19d7	ROT_castle35_village2#fd8c19d7,ROT_castle35_village2#2777f1d7,ROT_castle35_village2#2d3556b3,ROT_castle35_village2#f0dd19a5	-87.4	1.30	0.70	6950
280	ROT_castle35_village2	Dradatia	1254.91	335.67	37.0	16	10	river	ROT_castle35_village2#2777f1d7	R	1	1	15.6	ROT_castle35_village2#b26ef2d4	ROT_castle35_village2#b26ef2d4,ROT_castle35_village2#fd8c19d7,ROT_castle35_village2#2d3556b3,ROT_castle35_village2#f0dd19a5	-143.0	1.30	0.70	7483
281	ROT_castle37_village1	Mokhapes	1284.89	373.85	120.0	27	0	bridge	ROT_castle37_village1#4084f239	H	0	2	28.2	-	-	-60.0	1.30	0.70	7480
282	ROT_castle38_village1	Aleni Laniquo	1198.51	188.32	136.2	16	1	road	ROT_castle38_village1#ea2ce7bd	R	-1	1	31.3	ROT_castle38_village1#60169640	ROT_castle38_village1#60169640,ROT_castle38_village1#2973fc2e,ROT_castle38_village1#d564c603	136.2	1.30	0.70	5778
283	ROT_castle38_village1	Gosarion	1194.95	192.29	102.1	16	2	road	ROT_castle38_village1#2973fc2e	R	-1	1	33.9	ROT_castle38_village1#60169640	ROT_castle38_village1#d564c603,ROT_castle38_village1#60169640,ROT_castle38_village1#ea2ce7bd	102.1	1.30	0.70	6140
284	ROT_castle38_village1	Balygyr	1191.79	196.33	130.2	16	3	road	ROT_castle38_village1#d564c603	R	-1	1	36.5	ROT_castle38_village1#2973fc2e	ROT_castle38_village1#2973fc2e,ROT_castle38_village1#60169640,ROT_castle38_village1#ea2ce7bd	130.2	1.30	0.70	6140
285	ROT_castle38_village1	Alirro	1217.00	200.91	89.8	16	0	road	ROT_castle38_village1#60169640	R	-1	1	6.3	-	ROT_castle38_village1#ea2ce7bd,ROT_castle38_village1#2973fc2e,ROT_castle38_village1#d564c603	-90.2	1.30	0.70	6136
286	ROT_castle38_village2	Wasyr	1215.75	181.16	78.9	16	3	road	ROT_castle38_village2#b87b9905	R	-1	1	13.6	ROT_castle38_village2#3cd735de	ROT_castle38_village2#3cd735de,ROT_castle38_village2#3cd724e0,ROT_castle38_village2#5252ef1d,ROT_castle38_village2#c0765c44	-101.1	1.30	0.70	5775
287	ROT_castle38_village2	Kryne	1220.50	183.41	90.1	16	1	road	ROT_castle38_village2#3cd735de	R	1	1	9.7	ROT_castle38_village2#5252ef1d	ROT_castle38_village2#3cd724e0,ROT_castle38_village2#5252ef1d,ROT_castle38_village2#b87b9905,ROT_castle38_village2#c0765c44	90.1	1.30	0.70	2349
288	ROT_castle38_village2	Waseleo	1220.50	188.91	88.2	16	2	road	ROT_castle38_village2#3cd724e0	R	1	1	12.2	ROT_castle38_village2#3cd735de	ROT_castle38_village2#3cd735de,ROT_castle38_village2#5252ef1d,ROT_castle38_village2#b87b9905,ROT_castle38_village2#c0765c44	88.2	1.30	0.70	2228
289	ROT_castle38_village2	Drogalon	1221.00	196.91	93.1	16	4	road	ROT_castle38_village2#c0765c44	R	1	1	18.7	ROT_castle38_village2#5252ef1d	ROT_castle38_village2#5252ef1d,ROT_castle38_village2#3cd735de,ROT_castle38_village2#3cd724e0,ROT_castle38_village2#b87b9905	93.1	1.30	0.70	2228
290	ROT_castle38_village2	Greyhill	1225.68	187.71	25.3	16	0	road	ROT_castle38_village2#5252ef1d	R	-1	1	6.4	-	ROT_castle38_village2#3cd735de,ROT_castle38_village2#3cd724e0,ROT_castle38_village2#b87b9905,ROT_castle38_village2#c0765c44	-154.7	1.30	0.70	2191
291	ROT_castle38_village2	Drolys	1260.22	176.70	134.7	16	6	river	ROT_castle38_village2#2c2bb4fd	R	-1	1	31.3	ROT_castle38_village2#9b10f912	ROT_castle38_village2#9b10f912,ROT_castle38_village2#5252ef1d,ROT_castle38_village2#3cd735de,ROT_castle38_village2#3cd724e0	-45.3	1.30	0.70	2203
292	ROT_castle38_village2	Nantelys	1258.96	182.66	111.8	16	5	river	ROT_castle38_village2#9b10f912	R	-1	1	26.8	-	ROT_castle38_village2#2c2bb4fd,ROT_castle38_village2#5252ef1d,ROT_castle38_village2#3cd735de,ROT_castle38_village2#3cd724e0	-68.2	1.30	0.70	2203
293	ROT_castle39_village1	Hollowstead	359.17	457.87	103.0	24	0	crossroad	ROT_castle39_village1#67ae7311	H	0	2	6.2	-	ROT_castle39_village1#21b16d7c,ROT_castle39_village1#1c02f91a	-77.0	1.30	0.70	3177
294	ROT_castle39_village1	Pennyton	354.59	466.32	115.5	14	1	road	ROT_castle39_village1#21b16d7c	R	1	1	11.5	-	ROT_castle39_village1#67ae7311,ROT_castle39_village1#1c02f91a	-64.5	1.30	0.70	3171
295	ROT_castle39_village1	Staghurst	348.99	448.53	109.9	14	2	river	ROT_castle39_village1#1c02f91a	R	-1	1	12.7	-	ROT_castle39_village1#67ae7311,ROT_castle39_village1#21b16d7c	109.9	1.30	0.70	3563
296	ROT_castle39_village2	Faircross	371.21	446.21	133.6	24	0	crossroad	ROT_castle39_village2#08a84589	H	0	2	8.7	-	ROT_castle39_village2#f5f05d5d,ROT_castle39_village2#b3e16e9b	133.6	1.30	0.70	3553
297	ROT_castle39_village2	Upper Croft	368.30	452.81	128.4	14	1	road	ROT_castle39_village2#f5f05d5d	R	1	1	14.7	-	ROT_castle39_village2#b3e16e9b,ROT_castle39_village2#08a84589	128.4	1.30	0.70	3553
298	ROT_castle39_village2	Whiteworth	366.21	456.84	125.2	14	2	road	ROT_castle39_village2#b3e16e9b	R	1	1	18.2	ROT_castle39_village2#f5f05d5d	ROT_castle39_village2#f5f05d5d,ROT_castle39_village2#08a84589	125.2	1.30	0.70	3553
299	ROT_castle40_village1	Carter's Wood	247.76	440.23	76.1	27	0	crossroad	ROT_castle40_village1#caa4a9f1	H	0	2	11.2	-	ROT_castle40_village1#ed53bd26,ROT_castle40_village1#0af43476,ROT_castle40_village1#b481f987	-103.9	1.30	0.70	2829
300	ROT_castle40_village1	Deep Cross	261.50	445.50	47.9	27	3	crossroad	ROT_castle40_village1#b481f987	H	0	2	18.6	ROT_castle40_village1#0af43476	ROT_castle40_village1#0af43476,ROT_castle40_village1#caa4a9f1,ROT_castle40_village1#ed53bd26	-132.1	1.30	0.70	2832
301	ROT_castle40_village1	Smith's Rest	247.13	432.59	43.3	16	2	road	ROT_castle40_village1#ed53bd26	R	-1	1	15.8	ROT_castle40_village1#caa4a9f1	ROT_castle40_village1#caa4a9f1,ROT_castle40_village1#0af43476,ROT_castle40_village1#b481f987	43.3	1.30	0.70	2713
302	ROT_castle40_village1	Fairstone	255.98	443.80	18.4	16	1	road	ROT_castle40_village1#0af43476	R	1	1	13.9	-	ROT_castle40_village1#b481f987,ROT_castle40_village1#caa4a9f1,ROT_castle40_village1#ed53bd26	-161.6	1.30	0.70	2830
303	ROT_castle40_village2	Sunholt	268.89	449.37	53.2	16	0	road	ROT_castle40_village2#3aa398e2	R	1	1	35.5	-	-	53.2	1.30	0.70	3487
304	ROT_castle41_village1	Cherrywell	255.45	310.91	45.5	16	3	road	ROT_castle41_village1#e3779515	R	1	1	10.4	-	ROT_castle41_village1#d4c58010,ROT_castle41_village1#a7bf8617,ROT_castle41_village1#90c4fb4d,ROT_castle41_village1#af861d65	45.5	1.30	0.70	17580
305	ROT_castle41_village1	Fairhurst	248.73	311.27	42.1	16	5	road	ROT_castle41_village1#d4c58010	R	-1	1	16.6	ROT_castle41_village1#e3779515	ROT_castle41_village1#e3779515,ROT_castle41_village1#a7bf8617,ROT_castle41_village1#90c4fb4d,ROT_castle41_village1#af861d65	-137.9	1.30	0.70	17582
306	ROT_castle41_village1	Sweethollow	262.17	316.92	46.9	16	4	road	ROT_castle41_village1#a4bbef25	R	1	1	14.5	-	ROT_castle41_village1#a7bf8617,ROT_castle41_village1#90c4fb4d,ROT_castle41_village1#af861d65,ROT_castle41_village1#e3779515	46.9	1.30	0.70	3984
307	ROT_castle41_village1	Dunfield	248.39	295.56	46.5	16	2	road	ROT_castle41_village1#af861d65	R	-1	1	10.1	ROT_castle41_village1#90c4fb4d	ROT_castle41_village1#90c4fb4d,ROT_castle41_village1#a7bf8617,ROT_castle41_village1#e3779515,ROT_castle41_village1#a4bbef25	46.5	1.30	0.70	2702
308	ROT_castle41_village1	Winebury	252.84	296.50	175.0	16	1	road	ROT_castle41_village1#90c4fb4d	R	-1	1	7.0	ROT_castle41_village1#a7bf8617	ROT_castle41_village1#a7bf8617,ROT_castle41_village1#af861d65,ROT_castle41_village1#e3779515,ROT_castle41_village1#a4bbef25	-5.0	1.30	0.70	2702
309	ROT_castle41_village1	Oldhollow	258.43	296.87	27.9	16	0	road	ROT_castle41_village1#a7bf8617	R	-1	1	5.9	-	ROT_castle41_village1#90c4fb4d,ROT_castle41_village1#af861d65,ROT_castle41_village1#e3779515,ROT_castle41_village1#a4bbef25	27.9	1.30	0.70	3982
310	ROT_castle41_village1	Miller's Elm	290.06	305.91	132.1	16	9	river	ROT_castle41_village1#4f214872	R	-1	1	30.8	-	ROT_castle41_village1#a7bf8617,ROT_castle41_village1#90c4fb4d,ROT_castle41_village1#af861d65,ROT_castle41_village1#e3779515	-47.9	1.30	0.70	4831
311	ROT_castle41_village1	Wrenpool	286.33	310.14	112.6	16	7	river	ROT_castle41_village1#00157a6e	R	-1	1	28.6	-	ROT_castle41_village1#f514a5f4,ROT_castle41_village1#a7bf8617,ROT_castle41_village1#90c4fb4d,ROT_castle41_village1#af861d65	-67.4	1.30	0.70	4831
312	ROT_castle41_village1	Twin Willows	285.27	314.53	114.1	16	8	river	ROT_castle41_village1#f514a5f4	R	-1	1	29.5	ROT_castle41_village1#00157a6e	ROT_castle41_village1#00157a6e,ROT_castle41_village1#a7bf8617,ROT_castle41_village1#90c4fb4d,ROT_castle41_village1#af861d65	-65.9	1.30	0.70	4933
313	ROT_castle41_village1	Dovedale	282.70	318.73	116.4	16	6	river	ROT_castle41_village1#cb1f8d3e	R	-1	1	28.3	-	ROT_castle41_village1#a7bf8617,ROT_castle41_village1#90c4fb4d,ROT_castle41_village1#af861d65,ROT_castle41_village1#e3779515	-63.6	1.30	0.70	4933
314	ROT_castle41_village2	Rosecross	205.50	284.50	135.5	27	0	crossroad	ROT_castle41_village2#c4fc4b39	H	0	2	4.8	-	ROT_castle41_village2#42690796	-44.5	1.30	0.70	17578
315	ROT_castle41_village2	Beehollow	214.74	284.79	132.0	16	1	road	ROT_castle41_village2#42690796	R	1	1	5.6	-	ROT_castle41_village2#c4fc4b39	132.0	1.30	0.70	17578
316	ROT_castle46_village1	Drorvizzo	801.55	446.96	133.5	16	0	road	ROT_castle46_village1#15d0e1d2	R	1	1	5.6	-	ROT_castle46_village1#607bc5a9,ROT_castle46_village1#74407aa8,ROT_castle46_village1#bb8c7564,ROT_castle46_village1#4b1fd066	-46.5	1.30	0.70	4783
317	ROT_castle46_village1	Hesmo	801.35	440.98	139.3	16	4	coast	ROT_castle46_village1#607bc5a9	R	1	1	11.7	ROT_castle46_village1#15d0e1d2	ROT_castle46_village1#15d0e1d2,ROT_castle46_village1#74407aa8,ROT_castle46_village1#bb8c7564,ROT_castle46_village1#4b1fd066	139.3	1.30	0.70	4783
318	ROT_castle46_village1	Tiario	794.06	447.07	139.3	16	2	coast	ROT_castle46_village1#bb8c7564	R	1	1	7.1	-	ROT_castle46_village1#15d0e1d2,ROT_castle46_village1#74407aa8,ROT_castle46_village1#4b1fd066,ROT_castle46_village1#607bc5a9	139.3	1.30	0.70	4783
319	ROT_castle46_village1	Potys	791.87	451.81	84.0	16	1	coast	ROT_castle46_village1#74407aa8	R	1	1	6.7	-	ROT_castle46_village1#15d0e1d2,ROT_castle46_village1#bb8c7564,ROT_castle46_village1#4b1fd066,ROT_castle46_village1#607bc5a9	84.0	1.30	0.70	4714
320	ROT_castle46_village1	Metis	793.22	459.72	83.6	16	3	coast	ROT_castle46_village1#4b1fd066	R	1	1	7.5	-	ROT_castle46_village1#bb92757c,ROT_castle46_village1#725a24d3,ROT_castle46_village1#15d0e1d2,ROT_castle46_village1#74407aa8	83.6	1.30	0.70	4714
321	ROT_castle46_village1	Odrytazo	793.69	464.70	81.2	16	5	coast	ROT_castle46_village1#bb92757c	R	1	1	12.6	ROT_castle46_village1#4b1fd066	ROT_castle46_village1#725a24d3,ROT_castle46_village1#4b1fd066,ROT_castle46_village1#15d0e1d2,ROT_castle46_village1#74407aa8	81.2	1.30	0.70	4784
322	ROT_castle46_village1	Figcove	796.83	469.81	55.0	16	6	coast	ROT_castle46_village1#725a24d3	R	1	1	16.6	ROT_castle46_village1#bb92757c	ROT_castle46_village1#bb92757c,ROT_castle46_village1#4b1fd066,ROT_castle46_village1#15d0e1d2,ROT_castle46_village1#74407aa8	55.0	1.30	0.70	4784
323	ROT_castle46_village2	Lurio	822.26	433.50	2.4	16	0	road	ROT_castle46_village2#a8589a67	R	-1	1	6.7	-	ROT_castle46_village2#5e8b87a5	2.4	1.30	0.70	4950
324	ROT_castle46_village2	Wheatcove	811.04	426.79	120.3	16	1	coast	ROT_castle46_village2#5e8b87a5	R	1	1	17.9	ROT_castle46_village2#a8589a67	ROT_castle46_village2#a8589a67	120.3	1.30	0.70	4782
325	ROT_castle47_village1	Pahrun	859.50	173.50	177.2	16	3	road	ROT_castle47_village1#a26515a2	R	1	1	20.8	ROT_castle47_village1#294a57d9	ROT_castle47_village1#294a57d9,ROT_castle47_village1#aef38e1d,ROT_castle47_village1#d9ead862,ROT_castle47_village1#4ec02e2c	-2.8	1.30	0.70	4245
326	ROT_castle47_village1	Hunthar	841.50	178.00	3.3	16	1	road	ROT_castle47_village1#d9ead862	R	-1	1	8.6	ROT_castle47_village1#aef38e1d	ROT_castle47_village1#aef38e1d,ROT_castle47_village1#294a57d9,ROT_castle47_village1#a26515a2,ROT_castle47_village1#4ec02e2c	-176.7	1.30	0.70	4242
327	ROT_castle47_village1	Daaris	854.50	178.50	2.5	16	2	road	ROT_castle47_village1#294a57d9	R	-1	1	14.0	-	ROT_castle47_village1#a26515a2,ROT_castle47_village1#aef38e1d,ROT_castle47_village1#d9ead862,ROT_castle47_village1#4ec02e2c	-177.5	1.30	0.70	4245
328	ROT_castle47_village1	Husos	863.00	179.00	178.4	16	4	road	ROT_castle47_village1#4ec02e2c	R	-1	1	22.5	-	ROT_castle47_village1#aef38e1d,ROT_castle47_village1#d9ead862,ROT_castle47_village1#294a57d9,ROT_castle47_village1#a26515a2	178.4	1.30	0.70	4245
329	ROT_castle47_village1	Jahario	838.75	185.93	50.3	16	0	road	ROT_castle47_village1#aef38e1d	R	1	1	4.9	-	ROT_castle47_village1#d9ead862,ROT_castle47_village1#294a57d9,ROT_castle47_village1#a26515a2,ROT_castle47_village1#4ec02e2c	-129.7	1.30	0.70	4228
330	ROT_castle47_village1	Pasos	843.76	210.54	1.1	16	5	coast	ROT_castle47_village1#a14908cc	R	1	1	25.5	-	ROT_castle47_village1#aef38e1d,ROT_castle47_village1#d9ead862,ROT_castle47_village1#294a57d9,ROT_castle47_village1#a26515a2	1.1	1.30	0.70	4205
331	ROT_castle47_village2	Linario	830.40	165.72	140.2	27	3	coast	ROT_castle47_village2#beb61ba5	H	0	2	22.0	-	ROT_castle47_village2#cbd90c86,ROT_castle47_village2#96f2e6d8,ROT_castle47_village2#273e39e9	140.2	1.30	0.70	4200
332	ROT_castle47_village2	Warosco	812.50	178.00	108.3	27	0	coast	ROT_castle47_village2#cbd90c86	H	0	2	10.2	-	ROT_castle47_village2#96f2e6d8,ROT_castle47_village2#273e39e9,ROT_castle47_village2#beb61ba5	108.3	1.30	0.70	4198
333	ROT_castle47_village2	Huwas	817.53	167.27	10.8	16	1	coast	ROT_castle47_village2#96f2e6d8	R	1	1	16.3	-	ROT_castle47_village2#cbd90c86,ROT_castle47_village2#273e39e9,ROT_castle47_village2#beb61ba5	-169.2	1.30	0.70	4215
334	ROT_castle47_village2	Warollo	824.56	168.39	171.6	16	2	coast	ROT_castle47_village2#273e39e9	R	1	1	18.0	-	ROT_castle47_village2#cbd90c86,ROT_castle47_village2#96f2e6d8,ROT_castle47_village2#beb61ba5	171.6	1.30	0.70	4215
335	ROT_castle49_village1	Bolis	983.36	654.09	175.8	16	0	road	ROT_castle49_village1#90e1ae83	R	1	1	9.7	-	ROT_castle49_village1#e5c73c5d,ROT_castle49_village1#135a9e90	175.8	1.30	0.70	6757
336	ROT_castle49_village1	Jaresia	976.76	652.89	24.5	16	2	coast	ROT_castle49_village1#e5c73c5d	R	1	1	11.3	ROT_castle49_village1#90e1ae83	ROT_castle49_village1#90e1ae83,ROT_castle49_village1#135a9e90	24.5	1.30	0.70	6757
337	ROT_castle49_village1	Anorrath	990.65	657.55	27.7	16	1	coast	ROT_castle49_village1#135a9e90	R	1	1	10.3	-	ROT_castle49_village1#90e1ae83,ROT_castle49_village1#e5c73c5d	27.7	1.30	0.70	6752
338	ROT_castle49_village2	Anoguthia	1031.60	644.28	150.9	27	0	coast	ROT_castle49_village2#da65503f	H	0	2	8.6	-	ROT_castle49_village2#74a46d3f,ROT_castle49_village2#08f5e4c4	-29.1	1.30	0.70	6726
339	ROT_castle49_village2	Aeqen	1014.00	655.50	3.0	27	2	coast	ROT_castle49_village2#08f5e4c4	H	0	2	15.6	-	ROT_castle49_village2#da65503f,ROT_castle49_village2#74a46d3f	3.0	1.30	0.70	6724
340	ROT_castle49_village2	Aethara	1022.07	654.38	154.2	16	1	coast	ROT_castle49_village2#74a46d3f	R	1	1	11.1	-	ROT_castle49_village2#da65503f,ROT_castle49_village2#08f5e4c4	-25.8	1.30	0.70	6725
341	ROT_castle50_village1	Sonezmion	921.01	168.63	136.0	16	1	road	ROT_castle50_village1#c7608b84	R	-1	1	5.9	-	ROT_castle50_village1#83fd198d,ROT_castle50_village1#2c4733fb,ROT_castle50_village1#c8c8f9ce,ROT_castle50_village1#6426a6cc	-44.0	1.30	0.70	6435
342	ROT_castle50_village1	Tesoblab	926.33	144.92	39.3	16	7	road	ROT_castle50_village1#e89f36df	R	-1	1	21.9	ROT_castle50_village1#649a6588	ROT_castle50_village1#649a6588,ROT_castle50_village1#83fd198d,ROT_castle50_village1#6426a6cc,ROT_castle50_village1#c7608b84	-140.7	1.30	0.70	6431
343	ROT_castle50_village1	Soquor	934.68	147.56	47.3	16	5	road	ROT_castle50_village1#649a6588	R	-1	1	17.9	ROT_castle50_village1#83fd198d	ROT_castle50_village1#e89f36df,ROT_castle50_village1#83fd198d,ROT_castle50_village1#6426a6cc,ROT_castle50_village1#c7608b84	47.3	1.30	0.70	6428
344	ROT_castle50_village1	Zaqar	933.12	166.90	159.2	16	0	river	ROT_castle50_village1#83fd198d	R	1	1	5.0	-	ROT_castle50_village1#6426a6cc,ROT_castle50_village1#c7608b84,ROT_castle50_village1#649a6588,ROT_castle50_village1#c8c8f9ce	-20.8	1.30	0.70	6377
345	ROT_castle50_village1	Figmill	937.57	169.69	14.9	16	3	river	ROT_castle50_village1#6426a6cc	R	1	1	10.3	ROT_castle50_village1#83fd198d	ROT_castle50_village1#83fd198d,ROT_castle50_village1#c7608b84,ROT_castle50_village1#649a6588,ROT_castle50_village1#c8c8f9ce	14.9	1.30	0.70	6393
346	ROT_castle50_village1	Aquos Muqano	927.57	179.38	108.4	16	2	river	ROT_castle50_village1#c8c8f9ce	R	1	1	10.2	-	ROT_castle50_village1#88590f4f,ROT_castle50_village1#83fd198d,ROT_castle50_village1#c7608b84,ROT_castle50_village1#e8c476e3	-71.6	1.30	0.70	6394
347	ROT_castle50_village1	Oreario	913.31	184.75	72.4	16	6	river	ROT_castle50_village1#2c4733fb	R	1	1	20.4	ROT_castle50_village1#c7608b84	ROT_castle50_village1#c7608b84,ROT_castle50_village1#83fd198d,ROT_castle50_village1#c8c8f9ce,ROT_castle50_village1#6426a6cc	72.4	1.30	0.70	6372
348	ROT_castle50_village1	Aquisonoa	928.53	185.66	59.8	16	4	river	ROT_castle50_village1#88590f4f	R	1	1	16.7	ROT_castle50_village1#c8c8f9ce	ROT_castle50_village1#c8c8f9ce,ROT_castle50_village1#e8c476e3,ROT_castle50_village1#83fd198d,ROT_castle50_village1#c7608b84	-120.2	1.30	0.70	6371
349	ROT_castle50_village1	Hoqassum	925.73	196.10	179.5	16	8	river	ROT_castle50_village1#e8c476e3	R	1	1	28.5	ROT_castle50_village1#88590f4f	ROT_castle50_village1#88590f4f,ROT_castle50_village1#c8c8f9ce,ROT_castle50_village1#83fd198d,ROT_castle50_village1#c7608b84	-0.5	1.30	0.70	6371
350	ROT_castle50_village2	Lysqario	969.49	158.66	48.2	16	1	road	ROT_castle50_village2#64ea2112	R	1	1	7.2	-	ROT_castle50_village2#5e53f0a4,ROT_castle50_village2#d39fd7c7,ROT_castle50_village2#1d05ae63,ROT_castle50_village2#20396de9	48.2	1.30	0.70	1212
351	ROT_castle50_village2	Muzmion	972.67	162.55	48.5	16	2	road	ROT_castle50_village2#5e53f0a4	R	1	1	8.9	ROT_castle50_village2#64ea2112	ROT_castle50_village2#64ea2112,ROT_castle50_village2#d39fd7c7,ROT_castle50_village2#1d05ae63,ROT_castle50_village2#20396de9	48.5	1.30	0.70	4321
352	ROT_castle50_village2	Dorira	977.38	166.09	74.9	16	4	road	ROT_castle50_village2#d39fd7c7	R	1	1	12.8	ROT_castle50_village2#5e53f0a4	ROT_castle50_village2#5e53f0a4,ROT_castle50_village2#64ea2112,ROT_castle50_village2#1d05ae63,ROT_castle50_village2#20396de9	74.9	1.30	0.70	4375
353	ROT_castle50_village2	Lyhel	955.00	147.50	0.2	16	0	road	ROT_castle50_village2#1d05ae63	R	1	1	6.5	-	ROT_castle50_village2#20396de9,ROT_castle50_village2#64ea2112,ROT_castle50_village2#5e53f0a4,ROT_castle50_village2#d39fd7c7	0.2	1.30	0.70	4445
354	ROT_castle50_village2	Soqano	948.17	147.52	170.9	16	3	road	ROT_castle50_village2#20396de9	R	1	1	9.9	ROT_castle50_village2#1d05ae63	ROT_castle50_village2#1d05ae63,ROT_castle50_village2#64ea2112,ROT_castle50_village2#5e53f0a4,ROT_castle50_village2#d39fd7c7	-9.1	1.30	0.70	4445
355	ROT_castle51_village1	Abghanne	940.12	276.40	70.6	25	3	bridge	ROT_castle51_village1#1967f765	H	0	2	7.3	ROT_castle51_village1#69680860	ROT_castle51_village1#69680860,ROT_castle51_village1#8e6a03e6,ROT_castle51_village1#4fa57f0f,ROT_castle51_village1#f4f1cff8	70.6	1.30	0.70	6046
356	ROT_castle51_village1	Tomsio	926.09	272.91	164.8	25	5	coast	ROT_castle51_village1#4ff27652	H	0	2	10.1	-	ROT_castle51_village1#69680860,ROT_castle51_village1#8e6a03e6,ROT_castle51_village1#4fa57f0f,ROT_castle51_village1#1967f765	164.8	1.30	0.70	5807
357	ROT_castle51_village1	Thoriam	915.95	280.77	157.2	14	4	road	ROT_castle51_village1#f4f1cff8	R	1	1	8.1	ROT_castle51_village1#8e6a03e6	ROT_castle51_village1#1f22ae2a,ROT_castle51_village1#8e6a03e6,ROT_castle51_village1#69680860,ROT_castle51_village1#4fa57f0f	-22.8	1.30	0.70	4699
358	ROT_castle51_village1	Wheatwell	920.32	283.50	179.5	14	1	road	ROT_castle51_village1#8e6a03e6	R	-1	1	6.0	-	ROT_castle51_village1#f4f1cff8,ROT_castle51_village1#1f22ae2a,ROT_castle51_village1#69680860,ROT_castle51_village1#4fa57f0f	179.5	1.30	0.70	6143
359	ROT_castle51_village1	Kuqassa	913.56	285.24	171.3	14	6	road	ROT_castle51_village1#1f22ae2a	R	-1	1	10.2	ROT_castle51_village1#f4f1cff8	ROT_castle51_village1#f4f1cff8,ROT_castle51_village1#8e6a03e6,ROT_castle51_village1#69680860,ROT_castle51_village1#4fa57f0f	171.3	1.30	0.70	5003
360	ROT_castle51_village1	Odrama	933.44	276.57	58.6	14	0	river	ROT_castle51_village1#69680860	R	-1	1	5.3	-	ROT_castle51_village1#1967f765,ROT_castle51_village1#8e6a03e6,ROT_castle51_village1#4fa57f0f,ROT_castle51_village1#f4f1cff8	-121.4	1.30	0.70	6050
361	ROT_castle51_village1	Ezbet Glyhul	924.59	286.27	94.1	14	2	river	ROT_castle51_village1#4fa57f0f	R	-1	1	6.8	-	ROT_castle51_village1#a5334a10,ROT_castle51_village1#4138fc5f,ROT_castle51_village1#69680860,ROT_castle51_village1#8e6a03e6	-85.9	1.30	0.70	6026
362	ROT_castle51_village1	Willowstone	927.98	291.46	74.0	14	7	river	ROT_castle51_village1#a5334a10	R	-1	1	10.7	ROT_castle51_village1#4fa57f0f	ROT_castle51_village1#4fa57f0f,ROT_castle51_village1#4138fc5f,ROT_castle51_village1#69680860,ROT_castle51_village1#8e6a03e6	-106.0	1.30	0.70	6150
363	ROT_castle51_village1	Pavemsio	929.84	297.24	53.9	14	9	river	ROT_castle51_village1#4138fc5f	R	-1	1	16.9	ROT_castle51_village1#a5334a10	ROT_castle51_village1#a5334a10,ROT_castle51_village1#4fa57f0f,ROT_castle51_village1#69680860,ROT_castle51_village1#8e6a03e6	-126.1	1.30	0.70	6027
364	ROT_castle51_village1	Odiptosco	919.27	273.41	18.0	14	8	coast	ROT_castle51_village1#1d88ca5c	R	1	1	12.2	-	ROT_castle51_village1#69680860,ROT_castle51_village1#8e6a03e6,ROT_castle51_village1#4fa57f0f,ROT_castle51_village1#1967f765	-162.0	1.30	0.70	4699
365	ROT_castle51_village2	Glysko	954.23	307.13	104.8	16	8	road	ROT_castle51_village2#74f033de	R	-1	1	22.7	ROT_castle51_village2#eb928d24	ROT_castle51_village2#eb928d24,ROT_castle51_village2#a0b77496,ROT_castle51_village2#12cd0876,ROT_castle51_village2#de6dc161	-75.2	1.30	0.70	4656
366	ROT_castle51_village2	Taleqa	950.50	266.50	0.1	16	5	road	ROT_castle51_village2#3188c5dc	R	1	1	17.4	ROT_castle51_village2#12cd0876	ROT_castle51_village2#12cd0876,ROT_castle51_village2#a0b77496,ROT_castle51_village2#de6dc161,ROT_castle51_village2#70c3fdc7	-179.9	1.30	0.70	4353
367	ROT_castle51_village2	Vinerock	965.00	266.50	178.0	16	9	road	ROT_castle51_village2#218344ec	R	1	1	23.8	-	ROT_castle51_village2#a0b77496,ROT_castle51_village2#12cd0876,ROT_castle51_village2#eb928d24,ROT_castle51_village2#de6dc161	178.0	1.30	0.70	4419
368	ROT_castle51_village2	Mylena	958.00	267.00	178.4	16	6	road	ROT_castle51_village2#70c3fdc7	R	1	1	19.1	ROT_castle51_village2#12cd0876	ROT_castle51_village2#12cd0876,ROT_castle51_village2#a0b77496,ROT_castle51_village2#de6dc161,ROT_castle51_village2#3188c5dc	178.4	1.30	0.70	4419
369	ROT_castle51_village2	Odiraros	949.12	275.43	52.1	16	1	road	ROT_castle51_village2#12cd0876	R	1	1	7.3	ROT_castle51_village2#a0b77496	ROT_castle51_village2#a0b77496,ROT_castle51_village2#de6dc161,ROT_castle51_village2#3188c5dc,ROT_castle51_village2#70c3fdc7	52.1	1.30	0.70	4353
370	ROT_castle51_village2	Salebo	946.58	281.63	68.9	16	0	road	ROT_castle51_village2#a0b77496	R	-1	1	5.2	-	ROT_castle51_village2#12cd0876,ROT_castle51_village2#de6dc161,ROT_castle51_village2#3188c5dc,ROT_castle51_village2#70c3fdc7	-111.1	1.30	0.70	6044
371	ROT_castle51_village2	Naptoqa	968.84	272.27	104.6	16	7	road	ROT_castle51_village2#2bf4baf1	R	1	1	22.2	-	ROT_castle51_village2#a0b77496,ROT_castle51_village2#12cd0876,ROT_castle51_village2#eb928d24,ROT_castle51_village2#de6dc161	-75.4	1.30	0.70	4418
372	ROT_castle51_village2	Paptana	960.84	293.23	114.1	16	2	road	ROT_castle51_village2#eb928d24	R	1	1	12.1	-	ROT_castle51_village2#74f033de,ROT_castle51_village2#a0b77496,ROT_castle51_village2#12cd0876,ROT_castle51_village2#de6dc161	-65.9	1.30	0.70	4656
373	ROT_castle51_village2	Naravo	937.79	293.43	38.1	16	4	river	ROT_castle51_village2#576ad152	R	1	1	17.1	-	ROT_castle51_village2#a0b77496,ROT_castle51_village2#12cd0876,ROT_castle51_village2#eb928d24,ROT_castle51_village2#de6dc161	38.1	1.30	0.70	5011
374	ROT_castle51_village2	Myveqa	939.50	283.50	121.1	8	3	field	ROT_castle51_village2#de6dc161	F	0	1	12.4	ROT_castle51_village2#a0b77496	ROT_castle51_village2#a0b77496,ROT_castle51_village2#12cd0876,ROT_castle51_village2#3188c5dc,ROT_castle51_village2#70c3fdc7	121.1	1.30	0.70	6044
375	ROT_castle52_village1	Thelos	1106.23	548.94	138.8	16	2	road	ROT_castle52_village1#7b208bae	R	-1	1	13.0	ROT_castle52_village1#d1347d14	ROT_castle52_village1#d1347d14,ROT_castle52_village1#4a4414e5,ROT_castle52_village1#b245bff9,ROT_castle52_village1#f8481bba	-41.2	1.30	0.70	7234
376	ROT_castle52_village1	Pebuchia	1104.82	556.72	137.8	16	1	road	ROT_castle52_village1#d1347d14	R	1	1	9.5	ROT_castle52_village1#4a4414e5	ROT_castle52_village1#4a4414e5,ROT_castle52_village1#7b208bae,ROT_castle52_village1#b245bff9,ROT_castle52_village1#f8481bba	137.8	1.30	0.70	7162
377	ROT_castle52_village1	Pomos	1098.09	557.08	136.7	16	0	road	ROT_castle52_village1#4a4414e5	R	-1	1	6.1	-	ROT_castle52_village1#d1347d14,ROT_castle52_village1#7b208bae,ROT_castle52_village1#b245bff9,ROT_castle52_village1#f8481bba	-43.3	1.30	0.70	7162
378	ROT_castle52_village1	Ketah	1114.66	558.47	139.0	16	8	road	ROT_castle52_village1#ff224a48	R	1	1	20.5	ROT_castle52_village1#94d3ea6e	ROT_castle52_village1#94d3ea6e,ROT_castle52_village1#4a4414e5,ROT_castle52_village1#d1347d14,ROT_castle52_village1#7b208bae	139.0	1.30	0.70	7162
379	ROT_castle52_village1	Areossia	1108.50	565.12	94.3	16	3	road	ROT_castle52_village1#94d3ea6e	R	-1	1	14.7	-	ROT_castle52_village1#ff224a48,ROT_castle52_village1#4a4414e5,ROT_castle52_village1#d1347d14,ROT_castle52_village1#7b208bae	-85.7	1.30	0.70	7162
380	ROT_castle52_village1	Agrinia	1081.54	591.50	175.8	16	10	road	ROT_castle52_village1#b22a3ded	R	1	1	32.8	-	ROT_castle52_village1#4a4414e5,ROT_castle52_village1#d1347d14,ROT_castle52_village1#7b208bae,ROT_castle52_village1#94d3ea6e	-4.2	1.30	0.70	7156
381	ROT_castle52_village1	Ny Areortea	1084.90	547.30	64.9	16	9	river	ROT_castle52_village1#f8481bba	R	1	1	22.5	ROT_castle52_village1#b245bff9	ROT_castle52_village1#b245bff9,ROT_castle52_village1#4a4414e5,ROT_castle52_village1#d1347d14,ROT_castle52_village1#7b208bae	64.9	1.30	0.70	7023
382	ROT_castle52_village1	Potarvos	1088.51	550.65	75.1	16	7	river	ROT_castle52_village1#b245bff9	R	1	1	17.5	ROT_castle52_village1#4a4414e5	ROT_castle52_village1#f8481bba,ROT_castle52_village1#4a4414e5,ROT_castle52_village1#d1347d14,ROT_castle52_village1#7b208bae	75.1	1.30	0.70	7023
383	ROT_castle52_village1	Willowrock	1085.94	555.40	131.6	16	4	river	ROT_castle52_village1#d910cad0	R	1	1	15.1	-	ROT_castle52_village1#4a4414e5,ROT_castle52_village1#d1347d14,ROT_castle52_village1#7b208bae,ROT_castle52_village1#94d3ea6e	131.6	1.30	0.70	7023
384	ROT_castle52_village1	Dorartea	1082.56	560.96	103.1	16	5	river	ROT_castle52_village1#e5b9ac54	R	1	1	15.1	-	ROT_castle52_village1#4a4414e5,ROT_castle52_village1#d1347d14,ROT_castle52_village1#7b208bae,ROT_castle52_village1#94d3ea6e	103.1	1.30	0.70	6895
385	ROT_castle52_village1	Areoromis	1078.69	566.46	128.8	16	6	river	ROT_castle52_village1#e66ec078	R	1	1	16.6	-	ROT_castle52_village1#4a4414e5,ROT_castle52_village1#d1347d14,ROT_castle52_village1#7b208bae,ROT_castle52_village1#94d3ea6e	128.8	1.30	0.70	7024
386	ROT_castle52_village2	Ulemintor	1162.60	554.75	55.1	27	7	crossroad	ROT_castle52_village2#bdc255a9	H	0	2	24.9	ROT_castle52_village2#1b9cb73a	ROT_castle52_village2#9e844657,ROT_castle52_village2#1b9cb73a,ROT_castle52_village2#03206769,ROT_castle52_village2#515a19eb	-124.9	1.30	0.70	7216
387	ROT_castle52_village2	Figwell	1160.08	560.87	112.8	16	8	road	ROT_castle52_village2#9e844657	R	-1	1	28.1	ROT_castle52_village2#bdc255a9	ROT_castle52_village2#bdc255a9,ROT_castle52_village2#1b9cb73a,ROT_castle52_village2#03206769,ROT_castle52_village2#515a19eb	-67.2	1.30	0.70	7216
388	ROT_castle52_village2	Halesos	1117.94	554.53	107.7	16	5	road	ROT_castle52_village2#24dde12f	R	1	1	18.8	-	ROT_castle52_village2#93848479,ROT_castle52_village2#68d9d326,ROT_castle52_village2#804238d4,ROT_castle52_village2#515a19eb	107.7	1.30	0.70	7234
389	ROT_castle52_village2	Salogos	1133.92	542.50	178.3	16	0	road	ROT_castle52_village2#93848479	R	1	1	5.6	-	ROT_castle52_village2#68d9d326,ROT_castle52_village2#804238d4,ROT_castle52_village2#515a19eb,ROT_castle52_village2#03206769	-1.7	1.30	0.70	1639
390	ROT_castle52_village2	Kasos	1139.92	542.50	1.7	16	1	road	ROT_castle52_village2#68d9d326	R	1	1	8.2	ROT_castle52_village2#93848479	ROT_castle52_village2#93848479,ROT_castle52_village2#804238d4,ROT_castle52_village2#515a19eb,ROT_castle52_village2#03206769	1.7	1.30	0.70	1639
391	ROT_castle52_village2	Merotar	1149.59	545.81	27.1	16	3	road	ROT_castle52_village2#515a19eb	R	1	1	13.2	ROT_castle52_village2#804238d4	ROT_castle52_village2#804238d4,ROT_castle52_village2#03206769,ROT_castle52_village2#1b9cb73a,ROT_castle52_village2#bdc255a9	27.1	1.30	0.70	7230
392	ROT_castle52_village2	Laromos	1154.24	547.50	3.5	16	4	road	ROT_castle52_village2#03206769	R	1	1	16.9	ROT_castle52_village2#515a19eb	ROT_castle52_village2#1b9cb73a,ROT_castle52_village2#515a19eb,ROT_castle52_village2#804238d4,ROT_castle52_village2#bdc255a9	3.5	1.30	0.70	7217
393	ROT_castle52_village2	Thepyr	1159.24	547.50	3.9	16	6	road	ROT_castle52_village2#1b9cb73a	R	1	1	19.2	ROT_castle52_village2#03206769	ROT_castle52_village2#03206769,ROT_castle52_village2#bdc255a9,ROT_castle52_village2#515a19eb,ROT_castle52_village2#804238d4	3.9	1.30	0.70	7217
394	ROT_castle52_village2	Kaleos	1144.44	548.27	28.8	16	2	road	ROT_castle52_village2#804238d4	R	-1	1	10.6	-	ROT_castle52_village2#515a19eb,ROT_castle52_village2#03206769,ROT_castle52_village2#1b9cb73a,ROT_castle52_village2#bdc255a9	-151.2	1.30	0.70	6342
395	ROT_castle53_village1	Rholdana	1178.50	257.50	0.1	16	7	road	ROT_castle53_village1#3c40443f	R	-1	1	15.9	ROT_castle53_village1#9b5c9782	ROT_castle53_village1#9b5c9782,ROT_castle53_village1#01a5bb58,ROT_castle53_village1#00be6997,ROT_castle53_village1#9a767f6f	-179.9	1.30	0.70	7557
396	ROT_castle53_village1	Noyri	1202.00	254.00	4.7	16	0	road	ROT_castle53_village1#9a767f6f	R	-1	1	5.4	-	ROT_castle53_village1#00be6997,ROT_castle53_village1#01a5bb58,ROT_castle53_village1#e2486f29,ROT_castle53_village1#e263b646	4.7	1.30	0.70	7568
397	ROT_castle53_village1	Qotinis	1210.67	255.50	175.7	16	3	road	ROT_castle53_village1#e2486f29	R	-1	1	7.1	-	ROT_castle53_village1#e263b646,ROT_castle53_village1#cc187ceb,ROT_castle53_village1#9a767f6f,ROT_castle53_village1#00be6997	-4.3	1.30	0.70	7645
398	ROT_castle53_village1	Qydorgos	1186.50	257.50	176.6	16	5	road	ROT_castle53_village1#9b5c9782	R	1	1	10.1	ROT_castle53_village1#01a5bb58	ROT_castle53_village1#01a5bb58,ROT_castle53_village1#00be6997,ROT_castle53_village1#3c40443f,ROT_castle53_village1#9a767f6f	176.6	1.30	0.70	7556
399	ROT_castle53_village1	Dranna	1193.00	257.50	179.7	16	2	road	ROT_castle53_village1#01a5bb58	R	1	1	6.6	ROT_castle53_village1#00be6997	ROT_castle53_village1#00be6997,ROT_castle53_village1#9b5c9782,ROT_castle53_village1#3c40443f,ROT_castle53_village1#9a767f6f	179.7	1.30	0.70	7568
400	ROT_castle53_village1	Vadorsos	1217.58	259.24	38.6	16	6	road	ROT_castle53_village1#cc187ceb	R	-1	1	10.3	ROT_castle53_village1#e263b646	ROT_castle53_village1#e263b646,ROT_castle53_village1#e2486f29,ROT_castle53_village1#9a767f6f,ROT_castle53_village1#00be6997	38.6	1.30	0.70	7643
401	ROT_castle53_village1	Calitia	1212.43	260.52	33.5	16	4	road	ROT_castle53_village1#e263b646	R	1	1	9.1	ROT_castle53_village1#e2486f29	ROT_castle53_village1#cc187ceb,ROT_castle53_village1#e2486f29,ROT_castle53_village1#9a767f6f,ROT_castle53_village1#00be6997	-146.5	1.30	0.70	7645
402	ROT_castle53_village1	Qytrys	1196.89	260.50	176.8	16	1	road	ROT_castle53_village1#00be6997	R	1	1	6.2	-	ROT_castle53_village1#01a5bb58,ROT_castle53_village1#9b5c9782,ROT_castle53_village1#3c40443f,ROT_castle53_village1#9a767f6f	176.8	1.30	0.70	7569
403	ROT_castle53_village2	Molira	1173.50	252.50	175.3	16	10	road	ROT_castle53_village2#0146a92a	R	1	1	27.6	ROT_castle53_village2#18da7123	ROT_castle53_village2#18da7123,ROT_castle53_village2#0cd82946,ROT_castle53_village2#5daf0359,ROT_castle53_village2#5da9aee0	-4.7	1.30	0.70	7557
404	ROT_castle53_village2	Garatrys	1168.00	253.50	175.3	16	9	road	ROT_castle53_village2#5daf0359	R	1	1	23.8	ROT_castle53_village2#0cd82946	ROT_castle53_village2#0cd82946,ROT_castle53_village2#18da7123,ROT_castle53_village2#5da9aee0,ROT_castle53_village2#5ca26ac8	-4.7	1.30	0.70	7557
405	ROT_castle53_village2	Calion	1156.50	245.43	94.5	16	4	road	ROT_castle53_village2#0cd82946	R	1	1	12.6	ROT_castle53_village2#18da7123	ROT_castle53_village2#18da7123,ROT_castle53_village2#5daf0359,ROT_castle53_village2#5da9aee0,ROT_castle53_village2#5ca26ac8	-85.5	1.30	0.70	7552
406	ROT_castle53_village2	Gacoro	1178.36	204.81	139.3	16	8	road	ROT_castle53_village2#8c37975e	R	1	1	20.3	ROT_castle53_village2#d738093d	ROT_castle53_village2#d738093d,ROT_castle53_village2#d737fd58,ROT_castle53_village2#8c3d9ff5,ROT_castle53_village2#a2445f26	-40.7	1.30	0.70	6962
407	ROT_castle53_village2	Ulmadanna	1176.50	210.70	90.0	16	7	road	ROT_castle53_village2#d738093d	R	1	1	17.6	ROT_castle53_village2#d737fd58	ROT_castle53_village2#8c37975e,ROT_castle53_village2#d737fd58,ROT_castle53_village2#8c3d9ff5,ROT_castle53_village2#a2445f26	-90.0	1.30	0.70	7358
408	ROT_castle53_village2	Ulmalion	1176.14	215.76	117.0	16	6	road	ROT_castle53_village2#d737fd58	R	1	1	13.9	ROT_castle53_village2#8c3d9ff5	ROT_castle53_village2#8c3d9ff5,ROT_castle53_village2#d738093d,ROT_castle53_village2#a2445f26,ROT_castle53_village2#8c37975e	-63.0	1.30	0.70	7358
409	ROT_castle53_village2	Marharsos	1178.27	221.95	129.0	16	5	road	ROT_castle53_village2#8c3d9ff5	R	-1	1	13.6	ROT_castle53_village2#a2445f26	ROT_castle53_village2#d737fd58,ROT_castle53_village2#d738093d,ROT_castle53_village2#a2445f26,ROT_castle53_village2#8c37975e	129.0	1.30	0.70	7550
410	ROT_castle53_village2	Dravero	1171.04	222.14	137.9	16	3	road	ROT_castle53_village2#a2445f26	R	1	1	9.2	-	ROT_castle53_village2#8c3d9ff5,ROT_castle53_village2#d737fd58,ROT_castle53_village2#d738093d,ROT_castle53_village2#8c37975e	-42.1	1.30	0.70	7549
411	ROT_castle53_village2	Spodassa	1167.85	230.97	132.2	16	0	road	ROT_castle53_village2#5da9aee0	R	-1	1	5.9	-	ROT_castle53_village2#5ca26ac8,ROT_castle53_village2#18da7123,ROT_castle53_village2#a2445f26,ROT_castle53_village2#0cd82946	132.2	1.30	0.70	7549
412	ROT_castle53_village2	Saldobrel	1164.48	234.71	93.4	16	1	road	ROT_castle53_village2#5ca26ac8	R	-1	1	9.0	ROT_castle53_village2#5da9aee0	ROT_castle53_village2#5da9aee0,ROT_castle53_village2#18da7123,ROT_castle53_village2#a2445f26,ROT_castle53_village2#0cd82946	93.4	1.30	0.70	7553
413	ROT_castle53_village2	Rhogori	1159.01	240.74	134.7	16	2	road	ROT_castle53_village2#18da7123	R	1	1	9.1	-	ROT_castle53_village2#0cd82946,ROT_castle53_village2#5daf0359,ROT_castle53_village2#5da9aee0,ROT_castle53_village2#5ca26ac8	-45.3	1.30	0.70	7552
414	ROT_castle54_village1	Thequo	1055.93	257.50	4.9	16	0	road	ROT_castle54_village1#5d522569	R	1	1	4.4	-	ROT_castle54_village1#360597c3,ROT_castle54_village1#d0b013f0,ROT_castle54_village1#df4c517f	4.9	1.30	0.70	7408
415	ROT_castle54_village1	Gonantis	1060.92	258.09	163.5	16	1	road	ROT_castle54_village1#360597c3	R	1	1	6.0	ROT_castle54_village1#5d522569	ROT_castle54_village1#5d522569,ROT_castle54_village1#d0b013f0,ROT_castle54_village1#df4c517f	-16.5	1.30	0.70	7408
416	ROT_castle54_village1	Maelhora	1042.67	253.88	49.4	16	3	river	ROT_castle54_village1#df4c517f	R	1	1	11.3	-	ROT_castle54_village1#5d522569,ROT_castle54_village1#360597c3,ROT_castle54_village1#d0b013f0	49.4	1.30	0.70	7339
417	ROT_castle54_village1	Ryolyps	1050.50	268.50	178.8	8	2	field	ROT_castle54_village1#d0b013f0	F	0	1	7.0	-	ROT_castle54_village1#5d522569,ROT_castle54_village1#360597c3,ROT_castle54_village1#df4c517f	178.8	1.30	0.70	6991
418	ROT_castle54_village2	Nyegona	1078.73	258.96	59.8	16	2	road	ROT_castle54_village2#f1b1591a	R	-1	1	11.8	ROT_castle54_village2#b0e4778a	ROT_castle54_village2#b0e4778a,ROT_castle54_village2#c77ab216,ROT_castle54_village2#0e74bd24,ROT_castle54_village2#45ca7eb3	-120.2	1.30	0.70	7411
419	ROT_castle54_village2	Ryolaentis	1089.50	271.51	87.8	16	3	road	ROT_castle54_village2#0e74bd24	R	-1	1	16.4	-	ROT_castle54_village2#c77ab216,ROT_castle54_village2#b0e4778a,ROT_castle54_village2#f1b1591a,ROT_castle54_village2#45ca7eb3	-92.2	1.30	0.70	7427
420	ROT_castle54_village2	Dosion	1099.70	277.46	45.1	16	5	road	ROT_castle54_village2#c142a6b1	R	1	1	23.6	ROT_castle54_village2#45ca7eb3	ROT_castle54_village2#42a59eaf,ROT_castle54_village2#c15720c8,ROT_castle54_village2#45ca7eb3,ROT_castle54_village2#c77ab216	45.1	1.30	0.70	7429
421	ROT_castle54_village2	Volyne	1092.96	277.79	44.8	16	4	road	ROT_castle54_village2#45ca7eb3	R	-1	1	17.6	-	ROT_castle54_village2#c142a6b1,ROT_castle54_village2#42a59eaf,ROT_castle54_village2#c15720c8,ROT_castle54_village2#c77ab216	-135.2	1.30	0.70	7429
422	ROT_castle54_village2	Nyegyr	1098.84	282.93	57.1	16	6	road	ROT_castle54_village2#42a59eaf	R	-1	1	23.7	ROT_castle54_village2#c142a6b1	ROT_castle54_village2#c142a6b1,ROT_castle54_village2#c15720c8,ROT_castle54_village2#45ca7eb3,ROT_castle54_village2#c77ab216	-122.9	1.30	0.70	7429
423	ROT_castle54_village2	Lalhodar	1100.31	288.55	73.3	16	7	road	ROT_castle54_village2#c15720c8	R	-1	1	27.1	ROT_castle54_village2#42a59eaf	ROT_castle54_village2#42a59eaf,ROT_castle54_village2#c142a6b1,ROT_castle54_village2#45ca7eb3,ROT_castle54_village2#c77ab216	-106.7	1.30	0.70	7429
424	ROT_castle54_village2	Narolyps	1072.50	263.00	92.4	16	1	road	ROT_castle54_village2#b0e4778a	R	1	1	9.4	ROT_castle54_village2#c77ab216	ROT_castle54_village2#f1b1591a,ROT_castle54_village2#c77ab216,ROT_castle54_village2#0e74bd24,ROT_castle54_village2#45ca7eb3	-87.6	1.30	0.70	7417
425	ROT_castle54_village2	Volon Avarhoy	1073.50	269.00	89.4	16	0	road	ROT_castle54_village2#c77ab216	R	1	1	5.1	-	ROT_castle54_village2#b0e4778a,ROT_castle54_village2#f1b1591a,ROT_castle54_village2#0e74bd24,ROT_castle54_village2#45ca7eb3	-90.6	1.30	0.70	7417
426	ROT_castle55_village1	Kythrys	1108.50	591.62	86.1	16	0	road	ROT_castle55_village1#dda6f871	R	-1	1	5.2	-	-	-93.9	1.30	0.70	7158
427	ROT_castle57_village1	Bloodsands	365.51	135.23	162.3	27	3	bridge	ROT_castle57_village1#ce42c059	H	0	2	25.7	-	ROT_castle57_village1#b037fd8b,ROT_castle57_village1#60dea38e,ROT_castle57_village1#a48ee797,ROT_castle57_village1#fe3876b5	162.3	1.30	0.70	5528
428	ROT_castle57_village1	Knight's Bend	367.33	98.61	129.0	16	5	river	ROT_castle57_village1#df4ebbed	R	-1	1	35.0	-	ROT_castle57_village1#b037fd8b,ROT_castle57_village1#60dea38e,ROT_castle57_village1#a48ee797,ROT_castle57_village1#ce42c059	-51.0	1.30	0.70	4675
429	ROT_castle57_village1	Thornmill	340.31	123.40	160.8	16	1	river	ROT_castle57_village1#60dea38e	R	-1	1	13.2	-	ROT_castle57_village1#b037fd8b,ROT_castle57_village1#a48ee797,ROT_castle57_village1#ce42c059,ROT_castle57_village1#fe3876b5	-19.2	1.30	0.70	5565
430	ROT_castle57_village1	Starmill	352.25	129.32	18.9	16	0	river	ROT_castle57_village1#b037fd8b	R	1	1	9.5	-	ROT_castle57_village1#60dea38e,ROT_castle57_village1#a48ee797,ROT_castle57_village1#ce42c059,ROT_castle57_village1#fe3876b5	-161.1	1.30	0.70	4630
431	ROT_castle57_village1	Qhoysar	372.49	132.40	39.1	16	4	river	ROT_castle57_village1#fe3876b5	R	-1	1	31.5	-	ROT_castle57_village1#b037fd8b,ROT_castle57_village1#60dea38e,ROT_castle57_village1#a48ee797,ROT_castle57_village1#ce42c059	39.1	1.30	0.70	4560
432	ROT_castle57_village1	Broken Dunes	357.44	133.04	17.9	16	2	river	ROT_castle57_village1#a48ee797	R	1	1	16.6	-	ROT_castle57_village1#b037fd8b,ROT_castle57_village1#60dea38e,ROT_castle57_village1#ce42c059,ROT_castle57_village1#fe3876b5	-162.1	1.30	0.70	5527
433	ROT_castle57_village2	Bonespring	418.54	126.55	7.3	16	3	river	ROT_castle57_village2#e0e995b0	R	-1	1	11.7	ROT_castle57_village2#c0596a16	ROT_castle57_village2#c0596a16,ROT_castle57_village2#9c04d7b2,ROT_castle57_village2#7cfd6ca4,ROT_castle57_village2#963e3e63	7.3	1.30	0.70	5639
434	ROT_castle57_village2	Obelyle	410.09	128.22	164.1	16	1	river	ROT_castle57_village2#c0596a16	R	-1	1	7.7	-	ROT_castle57_village2#e0e995b0,ROT_castle57_village2#9c04d7b2,ROT_castle57_village2#7cfd6ca4,ROT_castle57_village2#963e3e63	-15.9	1.30	0.70	4650
435	ROT_castle57_village2	Lemonmill	401.02	131.20	162.8	16	0	river	ROT_castle57_village2#9c04d7b2	R	-1	1	4.3	-	ROT_castle57_village2#7cfd6ca4,ROT_castle57_village2#c0596a16,ROT_castle57_village2#963e3e63,ROT_castle57_village2#e0e995b0	-17.2	1.30	0.70	4643
436	ROT_castle57_village2	Broken Grove	393.10	135.36	153.9	16	2	river	ROT_castle57_village2#7cfd6ca4	R	-1	1	11.4	ROT_castle57_village2#9c04d7b2	ROT_castle57_village2#963e3e63,ROT_castle57_village2#9c04d7b2,ROT_castle57_village2#c0596a16,ROT_castle57_village2#e0e995b0	-26.1	1.30	0.70	5853
437	ROT_castle57_village2	Orangestone	386.97	136.76	163.7	16	4	river	ROT_castle57_village2#963e3e63	R	-1	1	16.4	ROT_castle57_village2#7cfd6ca4	ROT_castle57_village2#7cfd6ca4,ROT_castle57_village2#9c04d7b2,ROT_castle57_village2#c0596a16,ROT_castle57_village2#e0e995b0	-16.3	1.30	0.70	4547
438	ROT_castle58_village1	Oldfell	654.58	668.24	20.5	16	0	coast	ROT_castle58_village1#7d60fc44	R	1	1	5.4	-	-	-159.5	1.30	0.70	5266
439	ROT_castle58_village2	Little Pines	637.50	662.23	26.2	27	4	coast	ROT_castle58_village2#adf967f6	H	0	2	10.5	-	ROT_castle58_village2#a4c91d58,ROT_castle58_village2#dd4736c6,ROT_castle58_village2#907c359b,ROT_castle58_village2#dd473bdf	-153.8	1.30	0.70	2777
440	ROT_castle58_village2	Eaglewell	642.63	666.60	9.9	16	2	road	ROT_castle58_village2#907c359b	R	1	1	8.4	-	ROT_castle58_village2#dd473bdf,ROT_castle58_village2#a4c91d58,ROT_castle58_village2#dd4736c6,ROT_castle58_village2#adf967f6	9.9	1.30	0.70	1848
441	ROT_castle58_village2	Goatherd's Strand	646.93	669.89	19.2	16	3	coast	ROT_castle58_village2#dd473bdf	R	1	1	9.1	ROT_castle58_village2#907c359b	ROT_castle58_village2#907c359b,ROT_castle58_village2#a4c91d58,ROT_castle58_village2#dd4736c6,ROT_castle58_village2#adf967f6	19.2	1.30	0.70	2785
442	ROT_castle58_village2	Stony Crag	625.11	671.77	37.7	16	5	coast	ROT_castle58_village2#932deb39	R	1	1	17.0	ROT_castle58_village2#a4c91d58	ROT_castle58_village2#a4c91d58,ROT_castle58_village2#dd4736c6,ROT_castle58_village2#907c359b,ROT_castle58_village2#dd473bdf	37.7	1.30	0.70	2776
443	ROT_castle58_village2	Stonecove	633.25	673.99	13.8	16	0	coast	ROT_castle58_village2#a4c91d58	R	1	1	5.7	-	ROT_castle58_village2#932deb39,ROT_castle58_village2#dd4736c6,ROT_castle58_village2#907c359b,ROT_castle58_village2#dd473bdf	13.8	1.30	0.70	1862
444	ROT_castle58_village2	Crabfield	646.52	677.18	32.8	16	1	coast	ROT_castle58_village2#dd4736c6	R	1	1	8.2	-	ROT_castle58_village2#b621be08,ROT_castle58_village2#a4c91d58,ROT_castle58_village2#907c359b,ROT_castle58_village2#dd473bdf	-147.2	1.30	0.70	5263
445	ROT_castle58_village2	Fisher's Strand	653.54	684.14	48.9	16	6	coast	ROT_castle58_village2#b621be08	R	1	1	18.4	ROT_castle58_village2#dd4736c6	ROT_castle58_village2#dd4736c6,ROT_castle58_village2#a4c91d58,ROT_castle58_village2#907c359b,ROT_castle58_village2#dd473bdf	-131.1	1.30	0.70	2778
446	ROT_castle61_village1	Septon's Cross	510.79	388.79	139.7	19	0	bridge	ROT_castle61_village1#2c3218e7	H	0	1	8.0	-	-	-40.3	1.30	0.70	2984
447	ROT_castle61_village2	Greywood	516.73	372.95	132.1	16	0	road	ROT_castle61_village2#5a9f0f1d	R	-1	1	13.3	-	-	132.1	1.30	0.70	2746
448	ROT_castle62_village1	Crofter's Wood	174.23	190.99	43.7	16	2	road	ROT_castle62_village1#8cab1a12	R	-1	1	29.7	ROT_castle62_village1#b5edf24e	ROT_castle62_village1#b5edf24e,ROT_castle62_village1#088b60ff	43.7	1.30	0.70	5383
449	ROT_castle62_village1	Cooper's Hollow	181.20	195.00	177.0	16	1	road	ROT_castle62_village1#b5edf24e	R	-1	1	17.3	ROT_castle62_village1#088b60ff	ROT_castle62_village1#088b60ff,ROT_castle62_village1#8cab1a12	-3.0	1.30	0.70	5382
450	ROT_castle62_village1	Thresher's Well	186.20	195.00	175.7	16	0	road	ROT_castle62_village1#088b60ff	R	-1	1	14.6	-	ROT_castle62_village1#b5edf24e,ROT_castle62_village1#8cab1a12	-4.3	1.30	0.70	5381
451	ROT_castle62_village2	Vinewold	233.77	195.50	61.1	27	3	crossroad	ROT_castle62_village2#9aea2ac7	H	0	2	16.8	ROT_castle62_village2#cbdb6def	ROT_castle62_village2#cbdb6def,ROT_castle62_village2#7abf1c62,ROT_castle62_village2#cbdb7eed	-118.9	1.30	0.70	5066
452	ROT_castle62_village2	Stonefield	229.14	191.67	46.9	16	2	road	ROT_castle62_village2#cbdb7eed	R	-1	1	16.6	-	ROT_castle62_village2#7abf1c62,ROT_castle62_village2#cbdb6def,ROT_castle62_village2#9aea2ac7	-133.1	1.30	0.70	5370
453	ROT_castle62_village2	Rosevale	228.78	198.39	130.4	16	1	road	ROT_castle62_village2#cbdb6def	R	1	1	12.6	-	ROT_castle62_village2#9aea2ac7,ROT_castle62_village2#7abf1c62,ROT_castle62_village2#cbdb7eed	-49.6	1.30	0.70	5066
454	ROT_castle62_village2	Honeyham	224.54	202.63	131.1	16	0	road	ROT_castle62_village2#7abf1c62	R	1	1	9.1	-	ROT_castle62_village2#cbdb6def,ROT_castle62_village2#cbdb7eed,ROT_castle62_village2#9aea2ac7	-48.9	1.30	0.70	6137
455	ROT_castle63_village1	Knight's Field	372.50	207.29	42.0	16	0	road	ROT_castle63_village1#696d1a51	R	-1	1	5.2	-	ROT_castle63_village1#67d9dc42,ROT_castle63_village1#ae2aceb8,ROT_castle63_village1#ad2355f3,ROT_castle63_village1#bba874f5	-138.0	1.30	0.70	4747
456	ROT_castle63_village1	Windstead	381.90	211.04	41.5	16	2	road	ROT_castle63_village1#bba874f5	R	1	1	6.8	-	ROT_castle63_village1#3daca554,ROT_castle63_village1#9c133601,ROT_castle63_village1#696d1a51,ROT_castle63_village1#67d9dc42	41.5	1.30	0.70	2474
457	ROT_castle63_village1	Crone's Horn	371.29	201.16	23.6	16	1	road	ROT_castle63_village1#67d9dc42	R	-1	1	5.7	ROT_castle63_village1#696d1a51	ROT_castle63_village1#696d1a51,ROT_castle63_village1#ae2aceb8,ROT_castle63_village1#ad2355f3,ROT_castle63_village1#bba874f5	23.6	1.30	0.70	4689
458	ROT_castle63_village1	Black Hollow	365.38	212.82	88.6	16	3	road	ROT_castle63_village1#ae2aceb8	R	1	1	13.8	ROT_castle63_village1#696d1a51	ROT_castle63_village1#696d1a51,ROT_castle63_village1#67d9dc42,ROT_castle63_village1#ad2355f3,ROT_castle63_village1#bba874f5	88.6	1.30	0.70	4748
459	ROT_castle63_village1	Harvestdale	369.35	215.95	176.4	16	5	river	ROT_castle63_village1#ad2355f3	R	1	1	14.7	ROT_castle63_village1#696d1a51	ROT_castle63_village1#696d1a51,ROT_castle63_village1#67d9dc42,ROT_castle63_village1#ae2aceb8,ROT_castle63_village1#bba874f5	-3.6	1.30	0.70	2468
460	ROT_castle63_village1	Crow's Leap	374.45	218.70	52.2	16	4	river	ROT_castle63_village1#3daca554	R	1	1	14.5	ROT_castle63_village1#bba874f5	ROT_castle63_village1#9c133601,ROT_castle63_village1#bba874f5,ROT_castle63_village1#696d1a51,ROT_castle63_village1#67d9dc42	52.2	1.30	0.70	3696
461	ROT_castle63_village1	Maiden's Hollow	377.70	223.49	61.7	16	6	river	ROT_castle63_village1#9c133601	R	1	1	18.6	ROT_castle63_village1#3daca554	ROT_castle63_village1#3daca554,ROT_castle63_village1#bba874f5,ROT_castle63_village1#696d1a51,ROT_castle63_village1#67d9dc42	61.7	1.30	0.70	2470
462	ROT_castle63_village2	Stagbridge	404.39	213.87	130.3	27	2	bridge	ROT_castle63_village2#9b511b1c	H	0	2	9.4	ROT_castle63_village2#b1cb40f0	ROT_castle63_village2#b1cb40f0,ROT_castle63_village2#76dcccb0,ROT_castle63_village2#06e6bdf1,ROT_castle63_village2#378a63ae	-49.7	1.30	0.70	4970
463	ROT_castle63_village2	Broken Croft	386.29	218.79	3.1	16	0	road	ROT_castle63_village2#76dcccb0	R	1	1	5.7	-	ROT_castle63_village2#378a63ae,ROT_castle63_village2#b1cb40f0,ROT_castle63_village2#9b511b1c,ROT_castle63_village2#06e6bdf1	-176.9	1.30	0.70	4693
464	ROT_castle63_village2	Weeping Thorns	401.36	220.24	115.2	16	1	river	ROT_castle63_village2#b1cb40f0	R	1	1	7.0	-	ROT_castle63_village2#9b511b1c,ROT_castle63_village2#76dcccb0,ROT_castle63_village2#06e6bdf1,ROT_castle63_village2#378a63ae	-64.8	1.30	0.70	4829
465	ROT_castle63_village2	Hollymill	398.47	225.71	128.6	16	3	river	ROT_castle63_village2#06e6bdf1	R	1	1	10.6	-	ROT_castle63_village2#76dcccb0,ROT_castle63_village2#b1cb40f0,ROT_castle63_village2#9b511b1c,ROT_castle63_village2#378a63ae	-51.4	1.30	0.70	4973
466	ROT_castle63_village2	Amberbrook	382.29	225.75	54.3	16	4	river	ROT_castle63_village2#378a63ae	R	1	1	14.2	ROT_castle63_village2#76dcccb0	ROT_castle63_village2#76dcccb0,ROT_castle63_village2#b1cb40f0,ROT_castle63_village2#9b511b1c,ROT_castle63_village2#06e6bdf1	54.3	1.30	0.70	2470
467	ROT_castle63_village2	Septon's Pool	393.31	232.38	123.4	16	5	river	ROT_castle63_village2#fde8dafd	R	1	1	16.4	-	ROT_castle63_village2#76dcccb0,ROT_castle63_village2#b1cb40f0,ROT_castle63_village2#9b511b1c,ROT_castle63_village2#06e6bdf1	-56.6	1.30	0.70	4830
468	ROT_castle63_village2	Thornwick	385.66	232.90	53.5	16	6	river	ROT_castle63_village2#76d77d50	R	1	1	19.9	-	ROT_castle63_village2#76dcccb0,ROT_castle63_village2#b1cb40f0,ROT_castle63_village2#9b511b1c,ROT_castle63_village2#06e6bdf1	53.5	1.30	0.70	4830
469	ROT_castle64_village1	Hollowhurst	218.94	394.11	49.4	16	0	road	ROT_castle64_village1#f98731c9	R	1	1	6.0	-	-	49.4	1.30	0.70	11801
470	ROT_castle64_village2	Copperham	230.50	422.50	41.9	27	0	crossroad	ROT_castle64_village2#d1c342f9	H	0	2	3.9	-	ROT_castle64_village2#435f2d72,ROT_castle64_village2#e37599f2,ROT_castle64_village2#47d6ee88,ROT_castle64_village2#d6da9c7c	-138.1	1.30	0.70	3638
471	ROT_castle64_village2	Long Cross	217.37	415.00	4.8	16	4	road	ROT_castle64_village2#d6da9c7c	R	1	1	13.1	ROT_castle64_village2#435f2d72	ROT_castle64_village2#435f2d72,ROT_castle64_village2#d1c342f9,ROT_castle64_village2#e37599f2,ROT_castle64_village2#47d6ee88	-175.2	1.30	0.70	3653
472	ROT_castle64_village2	Rockwick	228.20	415.38	52.6	16	1	road	ROT_castle64_village2#435f2d72	R	-1	1	5.8	ROT_castle64_village2#d1c342f9	ROT_castle64_village2#d1c342f9,ROT_castle64_village2#e37599f2,ROT_castle64_village2#d6da9c7c,ROT_castle64_village2#47d6ee88	52.6	1.30	0.70	3638
473	ROT_castle64_village2	Lonely Vines	242.01	425.61	42.8	16	3	road	ROT_castle64_village2#47d6ee88	R	-1	1	9.3	ROT_castle64_village2#e37599f2	ROT_castle64_village2#e37599f2,ROT_castle64_village2#d1c342f9,ROT_castle64_village2#435f2d72,ROT_castle64_village2#d6da9c7c	42.8	1.30	0.70	2798
474	ROT_castle64_village2	Greyholt	235.32	426.35	40.0	16	2	road	ROT_castle64_village2#e37599f2	R	1	1	6.3	ROT_castle64_village2#d1c342f9	ROT_castle64_village2#d1c342f9,ROT_castle64_village2#47d6ee88,ROT_castle64_village2#435f2d72,ROT_castle64_village2#d6da9c7c	-140.0	1.30	0.70	2714
475	ROT_castle65_village1	Craghill	570.75	587.98	43.8	16	0	road	ROT_castle65_village1#879768b4	R	-1	1	9.7	-	-	-136.2	1.30	0.70	2271
476	ROT_castle65_village2	Greybrook	581.96	553.11	0.0	16	10	road	ROT_castle65_village2#0a08a79b	R	1	1	31.2	ROT_castle65_village2#9daeca87	ROT_castle65_village2#9daeca87,ROT_castle65_village2#1d30088b,ROT_castle65_village2#7654956a,ROT_castle65_village2#6b6d88b4	0.0	1.30	0.70	2907
477	ROT_castle65_village2	Sweethill	592.25	553.43	151.0	16	12	road	ROT_castle65_village2#21b39512	R	1	1	33.1	ROT_castle65_village2#6d02a556	ROT_castle65_village2#6d02a556,ROT_castle65_village2#21aa6f8c,ROT_castle65_village2#76283a70,ROT_castle65_village2#762538b1	-29.0	1.30	0.70	6258
478	ROT_castle65_village2	Crone's Hollow	574.38	554.00	3.8	16	9	road	ROT_castle65_village2#5dae5c0b	R	1	1	30.5	ROT_castle65_village2#35ad0fe0	ROT_castle65_village2#35ad0fe0,ROT_castle65_village2#1d30088b,ROT_castle65_village2#7654956a,ROT_castle65_village2#6b6d88b4	3.8	1.30	0.70	2463
479	ROT_castle65_village2	Little Glen	597.84	558.00	3.3	16	11	road	ROT_castle65_village2#762538b1	R	-1	1	32.5	ROT_castle65_village2#21aa6f8c	ROT_castle65_village2#21aa6f8c,ROT_castle65_village2#76283a70,ROT_castle65_village2#6d02a556,ROT_castle65_village2#21b39512	-176.7	1.30	0.70	6206
480	ROT_castle65_village2	Septon's Rest	585.17	558.37	9.3	16	7	road	ROT_castle65_village2#9daeca87	R	-1	1	27.1	-	ROT_castle65_village2#0a08a79b,ROT_castle65_village2#1d30088b,ROT_castle65_village2#7654956a,ROT_castle65_village2#6b6d88b4	-170.7	1.30	0.70	6205
481	ROT_castle65_village2	Widow's Leap	590.16	558.75	0.4	16	8	road	ROT_castle65_village2#6d02a556	R	-1	1	29.3	ROT_castle65_village2#21aa6f8c	ROT_castle65_village2#21b39512,ROT_castle65_village2#21aa6f8c,ROT_castle65_village2#76283a70,ROT_castle65_village2#762538b1	-179.6	1.30	0.70	6205
482	ROT_castle65_village2	Ironfold	577.88	559.00	179.8	16	6	road	ROT_castle65_village2#35ad0fe0	R	-1	1	25.0	ROT_castle65_village2#1d30088b	ROT_castle65_village2#5dae5c0b,ROT_castle65_village2#1d30088b,ROT_castle65_village2#7654956a,ROT_castle65_village2#6b6d88b4	179.8	1.30	0.70	6257
483	ROT_castle65_village2	Knight's Barrow	570.36	560.12	137.2	16	4	road	ROT_castle65_village2#765176c8	R	-1	1	22.3	ROT_castle65_village2#6b6d88b4	ROT_castle65_village2#6b6d88b4,ROT_castle65_village2#7654956a,ROT_castle65_village2#1d30088b,ROT_castle65_village2#35ad0fe0	137.2	1.30	0.70	2892
484	ROT_castle65_village2	Moonwell	571.03	568.78	41.3	16	2	road	ROT_castle65_village2#6b6d88b4	R	1	1	13.1	ROT_castle65_village2#7654956a	ROT_castle65_village2#7654956a,ROT_castle65_village2#1d30088b,ROT_castle65_village2#765176c8,ROT_castle65_village2#35ad0fe0	41.3	1.30	0.70	3599
485	ROT_castle65_village2	Ravenwick	570.07	574.73	65.3	16	1	river	ROT_castle65_village2#7654956a	R	-1	1	8.1	ROT_castle65_village2#1d30088b	ROT_castle65_village2#1d30088b,ROT_castle65_village2#6b6d88b4,ROT_castle65_village2#765176c8,ROT_castle65_village2#35ad0fe0	65.3	1.30	0.70	3439
486	ROT_castle65_village2	Three Pines	574.59	577.21	169.8	16	0	river	ROT_castle65_village2#1d30088b	R	-1	1	6.7	-	ROT_castle65_village2#7654956a,ROT_castle65_village2#6b6d88b4,ROT_castle65_village2#765176c8,ROT_castle65_village2#35ad0fe0	-10.2	1.30	0.70	3439
487	ROT_castle65_village2	Snakestone	598.50	566.50	24.9	8	5	field	ROT_castle65_village2#76283a70	F	0	1	23.9	ROT_castle65_village2#21aa6f8c	ROT_castle65_village2#21aa6f8c,ROT_castle65_village2#6d02a556,ROT_castle65_village2#762538b1,ROT_castle65_village2#21b39512	-155.1	1.30	0.70	2889
488	ROT_castle65_village2	Longcreek	591.50	568.50	56.4	8	3	field	ROT_castle65_village2#21aa6f8c	F	0	1	15.9	-	ROT_castle65_village2#76283a70,ROT_castle65_village2#6d02a556,ROT_castle65_village2#762538b1,ROT_castle65_village2#21b39512	56.4	1.30	0.70	6205
489	ROT_castle66_village1	Sarryn	635.70	82.26	137.4	27	0	bridge	ROT_castle66_village1#ace81b3a	H	0	2	17.8	-	ROT_castle66_village1#664d6955,ROT_castle66_village1#5043f8a3	-42.6	1.30	0.70	5613
490	ROT_castle66_village1	Redfall	622.17	79.38	21.6	16	2	river	ROT_castle66_village1#5043f8a3	R	-1	1	20.2	-	ROT_castle66_village1#ace81b3a,ROT_castle66_village1#664d6955	21.6	1.30	0.70	5608
491	ROT_castle66_village1	Blacksands	627.09	80.82	34.8	16	1	river	ROT_castle66_village1#664d6955	R	-1	1	19.0	-	ROT_castle66_village1#ace81b3a,ROT_castle66_village1#5043f8a3	34.8	1.30	0.70	6178
492	ROT_castle66_village2	Wylreza	622.48	62.42	9.8	16	0	coast	ROT_castle66_village2#c38a57e0	R	1	1	10.5	-	-	-170.2	1.30	0.70	4091
493	ROT_castle67_village2	Theza	614.66	77.27	21.3	16	2	road	ROT_castle67_village2#b1862013	R	-1	1	16.4	ROT_castle67_village2#78bbdbec	ROT_castle67_village2#78bbdbec,ROT_castle67_village2#b163c8e0	-158.7	1.30	0.70	5609
494	ROT_castle67_village2	Sarrele	609.42	82.00	148.9	16	0	river	ROT_castle67_village2#78bbdbec	R	-1	1	8.7	-	ROT_castle67_village2#b1862013,ROT_castle67_village2#b163c8e0	-31.1	1.30	0.70	4338
495	ROT_castle67_village2	Vulture's Leap	595.85	86.93	6.4	16	1	river	ROT_castle67_village2#b163c8e0	R	-1	1	13.8	-	ROT_castle67_village2#78bbdbec,ROT_castle67_village2#b1862013	6.4	1.30	0.70	5847
496	ROT_castle68_village1	Redfork Bridge	275.36	474.66	108.0	27	0	bridge	ROT_castle68_village1#2c8f0fe3	H	0	2	9.6	-	-	-72.0	1.30	0.70	9738
497	ROT_castle68_village2	Hangman's Finger	315.41	503.71	64.5	27	0	bridge	ROT_castle68_village2#35e48530	H	0	2	4.8	-	ROT_castle68_village2#8e64b23f	-115.5	1.30	0.70	3645
498	ROT_castle68_village2	Greenwater	297.79	487.94	49.8	16	1	river	ROT_castle68_village2#8e64b23f	R	1	1	29.6	-	ROT_castle68_village2#35e48530	-130.2	1.30	0.70	2616
499	ROT_castle69_village1	Shilvak	1414.32	580.35	101.2	16	0	bridge	ROT_castle69_village1#abc91abb	H	0	1	20.9	-	-	-78.8	1.30	0.70	8023
500	ROT_castle69_village2	Ibvarpak	1387.10	596.36	153.5	16	0	river	ROT_castle69_village2#4edfdd62	R	1	1	8.2	-	-	-26.5	1.30	0.70	7883
501	ROT_town10_village1	Whitestone	895.64	281.50	176.7	16	2	road	ROT_town10_village1#17409b23	R	1	1	8.6	-	ROT_town10_village1#34bffe65,ROT_town10_village1#2df6e4e9,ROT_town10_village1#34ac5dce,ROT_town10_village1#e8702284	-3.3	1.30	0.70	5001
502	ROT_town10_village1	Hullasos	902.64	281.50	2.2	16	3	road	ROT_town10_village1#ab12e5ca	R	1	1	10.4	-	ROT_town10_village1#34ac5dce,ROT_town10_village1#e8702284,ROT_town10_village1#17409b23,ROT_town10_village1#74b6a21c	2.2	1.30	0.70	5002
503	ROT_town10_village1	Tynollo	886.64	286.00	4.1	16	8	road	ROT_town10_village1#34bffe65	R	-1	1	17.1	ROT_town10_village1#17409b23	ROT_town10_village1#2df6e4e9,ROT_town10_village1#17409b23,ROT_town10_village1#34ac5dce,ROT_town10_village1#e8702284	-175.9	1.30	0.70	5000
504	ROT_town10_village1	Maranthos	887.03	275.96	154.3	16	0	road	ROT_town10_village1#34ac5dce	R	1	1	5.8	-	ROT_town10_village1#e8702284,ROT_town10_village1#17409b23,ROT_town10_village1#ab12e5ca,ROT_town10_village1#74b6a21c	154.3	1.30	0.70	4769
505	ROT_town10_village1	Nario	889.70	290.58	43.1	16	9	road	ROT_town10_village1#2df6e4e9	R	1	1	20.0	ROT_town10_village1#34bffe65	ROT_town10_village1#34bffe65,ROT_town10_village1#17409b23,ROT_town10_village1#34ac5dce,ROT_town10_village1#e8702284	43.1	1.30	0.70	5000
506	ROT_town10_village1	Maroras	894.14	264.90	2.4	16	5	coast	ROT_town10_village1#b8b36f2e	R	1	1	11.8	-	ROT_town10_village1#34ac5dce,ROT_town10_village1#e8702284,ROT_town10_village1#17409b23,ROT_town10_village1#ab12e5ca	-177.6	1.30	0.70	4700
507	ROT_town10_village1	Jahassos	900.91	267.59	19.4	16	1	coast	ROT_town10_village1#e8702284	R	1	1	7.9	-	ROT_town10_village1#80bd2955,ROT_town10_village1#3d16c303,ROT_town10_village1#34ac5dce,ROT_town10_village1#17409b23	-160.6	1.30	0.70	4700
508	ROT_town10_village1	Lihasso	906.45	267.66	23.8	16	6	coast	ROT_town10_village1#80bd2955	R	1	1	12.7	ROT_town10_village1#e8702284	ROT_town10_village1#3d16c303,ROT_town10_village1#e8702284,ROT_town10_village1#34ac5dce,ROT_town10_village1#17409b23	-156.2	1.30	0.70	4767
509	ROT_town10_village1	Manab	888.36	268.02	149.9	16	4	coast	ROT_town10_village1#74b6a21c	R	1	1	10.6	-	ROT_town10_village1#34ac5dce,ROT_town10_village1#e8702284,ROT_town10_village1#17409b23,ROT_town10_village1#ab12e5ca	149.9	1.30	0.70	4769
510	ROT_town10_village1	Huras	911.99	271.50	18.3	16	7	coast	ROT_town10_village1#3d16c303	R	1	1	15.1	ROT_town10_village1#80bd2955	ROT_town10_village1#80bd2955,ROT_town10_village1#e8702284,ROT_town10_village1#34ac5dce,ROT_town10_village1#17409b23	-161.7	1.30	0.70	4699
511	ROT_town10_village2	Tyrario	853.50	281.91	174.8	16	5	coast	ROT_town10_village2#59a15c0c	R	1	1	17.7	-	ROT_town10_village2#2d3b5fad,ROT_town10_village2#93567352,ROT_town10_village2#f5ba133e,ROT_town10_village2#8ab54cca	174.8	1.30	0.70	4771
512	ROT_town10_village2	Wreckcove	844.72	284.29	160.0	16	4	coast	ROT_town10_village2#f73fefa8	R	1	1	13.8	ROT_town10_village2#f5ba133e	ROT_town10_village2#f5ba133e,ROT_town10_village2#2d3b5fad,ROT_town10_village2#93567352,ROT_town10_village2#8ab54cca	160.0	1.30	0.70	17593
513	ROT_town10_village2	Tynosco	842.33	288.58	104.7	16	2	coast	ROT_town10_village2#f5ba133e	R	1	1	10.6	ROT_town10_village2#2d3b5fad	ROT_town10_village2#2d3b5fad,ROT_town10_village2#f73fefa8,ROT_town10_village2#93567352,ROT_town10_village2#8ab54cca	104.7	1.30	0.70	17593
514	ROT_town10_village2	Jasos	840.72	293.81	40.4	16	0	coast	ROT_town10_village2#2d3b5fad	R	1	1	7.6	-	ROT_town10_village2#f5ba133e,ROT_town10_village2#f73fefa8,ROT_town10_village2#93567352,ROT_town10_village2#8ab54cca	40.4	1.30	0.70	17595
515	ROT_town10_village2	Hurawas	849.82	304.87	22.1	16	1	coast	ROT_town10_village2#93567352	R	1	1	8.3	-	ROT_town10_village2#8ab54cca,ROT_town10_village2#c546bd41,ROT_town10_village2#2d3b5fad,ROT_town10_village2#f5ba133e	22.1	1.30	0.70	4772
516	ROT_town10_village2	Panoltas	854.86	307.83	45.9	16	3	coast	ROT_town10_village2#8ab54cca	R	1	1	13.5	ROT_town10_village2#93567352	ROT_town10_village2#93567352,ROT_town10_village2#c546bd41,ROT_town10_village2#9090bfa1,ROT_town10_village2#2d3b5fad	45.9	1.30	0.70	4704
517	ROT_town10_village2	Nawas	860.80	313.18	44.8	16	6	coast	ROT_town10_village2#c546bd41	R	1	1	22.4	ROT_town10_village2#8ab54cca	ROT_town10_village2#9090bfa1,ROT_town10_village2#8ab54cca,ROT_town10_village2#93567352,ROT_town10_village2#2d3b5fad	44.8	1.30	0.70	4704
518	ROT_town10_village2	Lallo	865.26	316.94	22.4	16	7	coast	ROT_town10_village2#9090bfa1	R	1	1	27.8	ROT_town10_village2#c546bd41	ROT_town10_village2#c546bd41,ROT_town10_village2#8ab54cca,ROT_town10_village2#93567352,ROT_town10_village2#2d3b5fad	22.4	1.30	0.70	4773
519	ROT_town10_village3	Lillo	895.71	295.88	42.5	16	3	road	ROT_town10_village3#d8c770f4	R	1	1	12.8	ROT_town10_village3#7f487602	ROT_town10_village3#7f487602,ROT_town10_village3#2aa095f1,ROT_town10_village3#ecc8d444,ROT_town10_village3#92f0de95	42.5	1.30	0.70	4992
520	ROT_town10_village3	Redwell	897.83	303.66	46.4	16	2	road	ROT_town10_village3#7f487602	R	-1	1	9.2	ROT_town10_village3#2aa095f1	ROT_town10_village3#2aa095f1,ROT_town10_village3#d8c770f4,ROT_town10_village3#ecc8d444,ROT_town10_village3#92f0de95	-133.6	1.30	0.70	4992
521	ROT_town10_village3	Huhallo	902.78	303.66	47.5	16	1	road	ROT_town10_village3#2aa095f1	R	1	1	6.7	ROT_town10_village3#ecc8d444	ROT_town10_village3#ecc8d444,ROT_town10_village3#7f487602,ROT_town10_village3#d8c770f4,ROT_town10_village3#92f0de95	47.5	1.30	0.70	4992
522	ROT_town10_village3	Linoras	906.67	306.84	49.0	16	0	road	ROT_town10_village3#ecc8d444	R	1	1	4.9	-	ROT_town10_village3#2aa095f1,ROT_town10_village3#7f487602,ROT_town10_village3#d8c770f4,ROT_town10_village3#92f0de95	49.0	1.30	0.70	4991
523	ROT_town10_village3	Janthos	936.50	308.00	86.6	16	4	lake	ROT_town10_village3#92f0de95	R	-1	1	28.5	-	ROT_town10_village3#ecc8d444,ROT_town10_village3#2aa095f1,ROT_town10_village3#7f487602,ROT_town10_village3#d8c770f4	-93.4	1.30	0.70	6031
524	ROT_town11_village1	Abarhel	979.21	101.79	88.0	27	2	coast	ROT_town11_village1#bc0bb7ff	H	0	2	17.2	-	ROT_town11_village1#22907df2,ROT_town11_village1#07c9f5c7,ROT_town11_village1#d97ce716	88.0	1.30	0.70	4279
525	ROT_town11_village1	Hombassa	980.79	93.84	130.7	16	3	coast	ROT_town11_village1#22907df2	R	1	1	28.1	ROT_town11_village1#bc0bb7ff	ROT_town11_village1#bc0bb7ff,ROT_town11_village1#07c9f5c7,ROT_town11_village1#d97ce716	130.7	1.30	0.70	4279
526	ROT_town11_village1	Gullcove	975.49	106.25	154.5	16	0	coast	ROT_town11_village1#07c9f5c7	R	1	1	8.8	-	ROT_town11_village1#d97ce716,ROT_town11_village1#bc0bb7ff,ROT_town11_village1#22907df2	154.5	1.30	0.70	4331
527	ROT_town11_village1	Oreassa	965.12	111.25	148.8	16	1	coast	ROT_town11_village1#d97ce716	R	1	1	13.7	-	ROT_town11_village1#07c9f5c7,ROT_town11_village1#bc0bb7ff,ROT_town11_village1#22907df2	148.8	1.30	0.70	4331
528	ROT_town11_village2	Tenezmion	1023.92	95.44	28.6	16	2	coast	ROT_town11_village2#d4106cf7	R	1	1	17.6	ROT_town11_village2#b1614dc6	ROT_town11_village2#b1614dc6,ROT_town11_village2#b70d801b	-151.4	1.30	0.70	4334
529	ROT_town11_village2	Goatcove	1041.12	97.72	179.3	16	1	coast	ROT_town11_village2#b70d801b	R	1	1	14.6	-	ROT_town11_village2#b1614dc6,ROT_town11_village2#d4106cf7	179.3	1.30	0.70	4335
530	ROT_town11_village2	Oreahel	1031.76	98.56	8.9	16	0	coast	ROT_town11_village2#b1614dc6	R	1	1	13.8	-	ROT_town11_village2#d4106cf7,ROT_town11_village2#b70d801b	-171.1	1.30	0.70	4282
531	ROT_town11_village3	Aquiblab	997.50	142.77	146.2	27	1	crossroad	ROT_town11_village3#83a5b773	H	0	2	10.2	ROT_town11_village3#2d90f577	ROT_town11_village3#c981ff88,ROT_town11_village3#2d90f577,ROT_town11_village3#283c66d6,ROT_town11_village3#83974cbf	-33.8	1.30	0.70	4462
532	ROT_town11_village3	Qanenoa	1001.08	147.64	101.6	16	2	road	ROT_town11_village3#c981ff88	R	1	1	12.5	ROT_town11_village3#83a5b773	ROT_town11_village3#83a5b773,ROT_town11_village3#2d90f577,ROT_town11_village3#283c66d6,ROT_town11_village3#83974cbf	101.6	1.30	0.70	4471
533	ROT_town11_village3	Abarqa	995.19	150.08	106.8	16	3	road	ROT_town11_village3#b841f9e4	R	-1	1	12.9	ROT_town11_village3#2d90f577	ROT_town11_village3#2d90f577,ROT_town11_village3#83a5b773,ROT_town11_village3#c981ff88,ROT_town11_village3#283c66d6	-73.2	1.30	0.70	4387
534	ROT_town11_village3	Aquosro	991.17	156.49	125.3	16	6	road	ROT_town11_village3#2d8de2ba	R	-1	1	16.7	-	ROT_town11_village3#2d90f577,ROT_town11_village3#83a5b773,ROT_town11_village3#c981ff88,ROT_town11_village3#b841f9e4	-54.7	1.30	0.70	4457
535	ROT_town11_village3	Muhel	986.66	162.60	114.6	16	7	road	ROT_town11_village3#74e7a341	R	-1	1	20.9	-	ROT_town11_village3#2d90f577,ROT_town11_village3#83a5b773,ROT_town11_village3#c981ff88,ROT_town11_village3#b841f9e4	-65.4	1.30	0.70	4376
536	ROT_town11_village3	Dhaenqar	991.00	146.50	3.5	16	0	road	ROT_town11_village3#2d90f577	R	-1	1	7.1	-	ROT_town11_village3#83a5b773,ROT_town11_village3#c981ff88,ROT_town11_village3#b841f9e4,ROT_town11_village3#283c66d6	-176.5	1.30	0.70	4387
537	ROT_town11_village3	Teqassa	998.40	135.69	89.2	16	5	road	ROT_town11_village3#83974cbf	R	-1	1	15.5	ROT_town11_village3#283c66d6	ROT_town11_village3#283c66d6,ROT_town11_village3#83a5b773,ROT_town11_village3#c981ff88,ROT_town11_village3#2d90f577	-90.8	1.30	0.70	4470
538	ROT_town11_village3	Murio	1003.18	139.48	95.5	16	4	road	ROT_town11_village3#283c66d6	R	1	1	14.5	ROT_town11_village3#83a5b773	ROT_town11_village3#83974cbf,ROT_town11_village3#83a5b773,ROT_town11_village3#c981ff88,ROT_town11_village3#2d90f577	95.5	1.30	0.70	4470
539	ROT_town12_village1	Odrasko	985.08	171.50	87.7	27	3	crossroad	ROT_town12_village1#a31e5c84	H	0	2	9.8	ROT_town12_village1#ffe23da9	ROT_town12_village1#ffe23da9,ROT_town12_village1#e10e7c04,ROT_town12_village1#84d909b3,ROT_town12_village1#f662d86e	-92.3	1.30	0.70	4373
540	ROT_town12_village1	Nantara	997.27	156.36	127.4	16	6	road	ROT_town12_village1#5f97d7e1	R	1	1	18.1	-	ROT_town12_village1#f662d86e,ROT_town12_village1#e10e7c04,ROT_town12_village1#ffe23da9,ROT_town12_village1#a31e5c84	127.4	1.30	0.70	4457
541	ROT_town12_village1	Kuros	993.11	162.60	121.0	16	4	road	ROT_town12_village1#ea71f791	R	1	1	13.9	ROT_town12_village1#f662d86e	ROT_town12_village1#f662d86e,ROT_town12_village1#e10e7c04,ROT_town12_village1#ffe23da9,ROT_town12_village1#a31e5c84	121.0	1.30	0.70	4457
542	ROT_town12_village1	Ezbetraqa	990.77	168.71	100.1	16	2	road	ROT_town12_village1#ffe23da9	R	1	1	9.4	ROT_town12_village1#e10e7c04	ROT_town12_village1#a31e5c84,ROT_town12_village1#e10e7c04,ROT_town12_village1#f662d86e,ROT_town12_village1#84d909b3	100.1	1.30	0.70	4373
543	ROT_town12_village1	Ezbet Glyntaqa	986.14	178.41	135.7	16	5	road	ROT_town12_village1#84d909b3	R	-1	1	14.1	ROT_town12_village1#a31e5c84	ROT_town12_village1#a31e5c84,ROT_town12_village1#ffe23da9,ROT_town12_village1#e10e7c04,ROT_town12_village1#f662d86e	135.7	1.30	0.70	4320
544	ROT_town12_village1	Nalema	999.00	168.50	179.6	16	0	road	ROT_town12_village1#f662d86e	R	-1	1	5.0	-	ROT_town12_village1#e10e7c04,ROT_town12_village1#ffe23da9,ROT_town12_village1#a31e5c84,ROT_town12_village1#ea71f791	-0.4	1.30	0.70	4372
545	ROT_town12_village1	Ezbetqa	994.50	173.50	2.9	16	1	road	ROT_town12_village1#e10e7c04	R	1	1	6.5	ROT_town12_village1#f662d86e	ROT_town12_village1#f662d86e,ROT_town12_village1#ffe23da9,ROT_town12_village1#a31e5c84,ROT_town12_village1#84d909b3	-177.1	1.30	0.70	1179
546	ROT_town12_village2	Paptahrul	981.83	205.13	103.9	25	0	crossroad	ROT_town12_village2#98d32d3f	H	0	2	5.1	-	ROT_town12_village2#e7afe14c,ROT_town12_village2#1707a32d,ROT_town12_village2#0782fbc3,ROT_town12_village2#98d63ae3	103.9	1.30	0.70	4411
547	ROT_town12_village2	Myptovo	956.71	198.59	149.5	25	8	crossroad	ROT_town12_village2#f419d55d	H	0	2	18.8	ROT_town12_village2#8855c059	ROT_town12_village2#8855c059,ROT_town12_village2#98d32d3f,ROT_town12_village2#0782fbc3,ROT_town12_village2#e7afe14c	149.5	1.30	0.70	4425
548	ROT_town12_village2	Passa	952.64	203.20	145.5	14	9	road	ROT_town12_village2#fa7f61e7	R	1	1	22.3	-	ROT_town12_village2#98d32d3f,ROT_town12_village2#0782fbc3,ROT_town12_village2#e7afe14c,ROT_town12_village2#98d63ae3	145.5	1.30	0.70	4425
549	ROT_town12_village2	Nesko	977.43	196.86	78.4	14	4	road	ROT_town12_village2#1707a32d	R	-1	1	8.8	ROT_town12_village2#e7afe14c	ROT_town12_village2#e7afe14c,ROT_town12_village2#98d32d3f,ROT_town12_village2#0782fbc3,ROT_town12_village2#98d63ae3	-101.6	1.30	0.70	4429
550	ROT_town12_village2	Kusco	982.90	199.15	87.3	14	2	road	ROT_town12_village2#e7afe14c	R	1	1	7.0	ROT_town12_village2#98d32d3f	ROT_town12_village2#1707a32d,ROT_town12_village2#98d32d3f,ROT_town12_village2#0782fbc3,ROT_town12_village2#98d63ae3	87.3	1.30	0.70	4319
551	ROT_town12_village2	Abraptovo	977.29	209.15	83.5	14	1	road	ROT_town12_village2#0782fbc3	R	1	1	6.6	-	ROT_town12_village2#98d63ae3,ROT_town12_village2#07853866,ROT_town12_village2#98d32d3f,ROT_town12_village2#e7afe14c	-96.5	1.30	0.70	4411
552	ROT_town12_village2	Myrisko	982.49	212.33	81.9	14	3	road	ROT_town12_village2#98d63ae3	R	-1	1	8.5	ROT_town12_village2#0782fbc3	ROT_town12_village2#0782fbc3,ROT_town12_village2#07853866,ROT_town12_village2#98d32d3f,ROT_town12_village2#e7afe14c	81.9	1.30	0.70	4411
553	ROT_town12_village2	Ezbet Thosio	976.88	218.69	84.8	14	6	road	ROT_town12_village2#07853866	R	1	1	13.4	ROT_town12_village2#98d63ae3	ROT_town12_village2#98d63ae3,ROT_town12_village2#0782fbc3,ROT_town12_village2#98d32d3f,ROT_town12_village2#e7afe14c	-95.2	1.30	0.70	4411
554	ROT_town12_village2	Thosco	969.56	193.88	162.0	14	5	road	ROT_town12_village2#c2f867e9	R	1	1	13.3	-	ROT_town12_village2#98d32d3f,ROT_town12_village2#0782fbc3,ROT_town12_village2#e7afe14c,ROT_town12_village2#98d63ae3	162.0	1.30	0.70	4429
555	ROT_town12_village2	Taptone	962.73	198.21	170.3	14	7	road	ROT_town12_village2#8855c059	R	1	1	13.8	-	ROT_town12_village2#f419d55d,ROT_town12_village2#98d32d3f,ROT_town12_village2#0782fbc3,ROT_town12_village2#e7afe14c	170.3	1.30	0.70	4429
556	ROT_town12_village3	Ezbet Odrama	946.18	200.64	145.3	16	5	road	ROT_town12_village3#5d48a2e8	R	-1	1	16.2	-	ROT_town12_village3#5d489703,ROT_town12_village3#d51a02bf,ROT_town12_village3#e14c93f3,ROT_town12_village3#0b41bbf4	-34.7	1.30	0.70	4379
557	ROT_town12_village3	Glyssa	939.40	205.71	156.3	16	7	road	ROT_town12_village3#d51a02bf	R	-1	1	20.7	ROT_town12_village3#5d489703	ROT_town12_village3#5d489703,ROT_town12_village3#e14c93f3,ROT_town12_village3#5d48a2e8,ROT_town12_village3#0b41bbf4	-23.7	1.30	0.70	4427
558	ROT_town12_village3	Redstone	933.36	207.91	157.9	16	8	road	ROT_town12_village3#e14c93f3	R	-1	1	24.6	ROT_town12_village3#d51a02bf	ROT_town12_village3#d51a02bf,ROT_town12_village3#5d489703,ROT_town12_village3#5d48a2e8,ROT_town12_village3#0b41bbf4	-22.1	1.30	0.70	9342
559	ROT_town12_village3	Tontatha	945.65	208.06	140.0	16	6	road	ROT_town12_village3#5d489703	R	1	1	20.2	ROT_town12_village3#5d48a2e8	ROT_town12_village3#d51a02bf,ROT_town12_village3#5d48a2e8,ROT_town12_village3#e14c93f3,ROT_town12_village3#0b41bbf4	140.0	1.30	0.70	4427
560	ROT_town12_village3	Willowbend	946.89	175.60	178.7	16	0	river	ROT_town12_village3#57f06754	R	-1	1	8.1	-	ROT_town12_village3#c703f9fb,ROT_town12_village3#fbb9394b,ROT_town12_village3#19b61923,ROT_town12_village3#c7070b05	178.7	1.30	0.70	4433
561	ROT_town12_village3	Mylemnuh	935.96	176.91	160.9	16	3	river	ROT_town12_village3#19b61923	R	-1	1	11.0	-	ROT_town12_village3#57f06754,ROT_town12_village3#c703f9fb,ROT_town12_village3#fbb9394b,ROT_town12_village3#c7070b05	160.9	1.30	0.70	6418
562	ROT_town12_village3	Toqarrol	935.43	185.40	53.7	16	2	river	ROT_town12_village3#fbb9394b	R	-1	1	9.5	ROT_town12_village3#c703f9fb	ROT_town12_village3#c703f9fb,ROT_town12_village3#c7070b05,ROT_town12_village3#57f06754,ROT_town12_village3#19b61923	53.7	1.30	0.70	6418
563	ROT_town12_village3	Tariam	938.99	188.97	66.2	16	1	river	ROT_town12_village3#c703f9fb	R	-1	1	8.2	-	ROT_town12_village3#fbb9394b,ROT_town12_village3#c7070b05,ROT_town12_village3#57f06754,ROT_town12_village3#19b61923	66.2	1.30	0.70	4433
564	ROT_town12_village3	Ezbetvema	939.38	194.09	64.4	16	4	river	ROT_town12_village3#c7070b05	R	-1	1	14.1	ROT_town12_village3#c703f9fb	ROT_town12_village3#c703f9fb,ROT_town12_village3#fbb9394b,ROT_town12_village3#57f06754,ROT_town12_village3#19b61923	64.4	1.30	0.70	4379
565	ROT_town12_village3	Nesio	935.16	203.14	170.7	16	9	river	ROT_town12_village3#0b41bbf4	R	-1	1	25.4	ROT_town12_village3#d51a02bf	ROT_town12_village3#d51a02bf,ROT_town12_village3#5d489703,ROT_town12_village3#e14c93f3,ROT_town12_village3#5d48a2e8	170.7	1.30	0.70	4427
566	ROT_town13_village1	Mopasa	956.71	336.59	151.5	27	3	crossroad	ROT_town13_village1#bd6476df	H	0	2	14.1	ROT_town13_village1#9ed0e437	ROT_town13_village1#bc5d3114,ROT_town13_village1#9ed0e437,ROT_town13_village1#dc0d3c5b,ROT_town13_village1#a06440ca	151.5	1.30	0.70	5014
567	ROT_town13_village1	Cairvizzo	958.00	317.50	89.4	16	8	road	ROT_town13_village1#a89070b1	R	1	1	23.8	ROT_town13_village1#bc601e6f	ROT_town13_village1#bc601e6f,ROT_town13_village1#a8938a3a,ROT_town13_village1#9ed0e437,ROT_town13_village1#bd6476df	89.4	1.30	0.70	4559
568	ROT_town13_village1	Solissa	953.00	324.00	88.1	16	7	road	ROT_town13_village1#bc601e6f	R	-1	1	19.3	ROT_town13_village1#a8938a3a	ROT_town13_village1#a8938a3a,ROT_town13_village1#a89070b1,ROT_town13_village1#9ed0e437,ROT_town13_village1#bd6476df	-91.9	1.30	0.70	4668
569	ROT_town13_village1	Esmalizzo	958.00	328.50	85.1	16	5	road	ROT_town13_village1#a8938a3a	R	1	1	17.1	ROT_town13_village1#9ed0e437	ROT_town13_village1#bc601e6f,ROT_town13_village1#9ed0e437,ROT_town13_village1#a89070b1,ROT_town13_village1#bd6476df	85.1	1.30	0.70	4668
570	ROT_town13_village1	Drona	953.00	332.00	94.4	16	4	road	ROT_town13_village1#bc5d3114	R	-1	1	15.3	ROT_town13_village1#bd6476df	ROT_town13_village1#bd6476df,ROT_town13_village1#9ed0e437,ROT_town13_village1#dc0d3c5b,ROT_town13_village1#a06440ca	-85.6	1.30	0.70	5014
571	ROT_town13_village1	Gesahe	955.68	342.62	123.9	16	6	road	ROT_town13_village1#dc0d3c5b	R	-1	1	19.0	ROT_town13_village1#bd6476df	ROT_town13_village1#bd6476df,ROT_town13_village1#bc5d3114,ROT_town13_village1#9ed0e437,ROT_town13_village1#a06440ca	123.9	1.30	0.70	5014
572	ROT_town13_village1	Illyhe	968.00	332.50	179.0	16	1	road	ROT_town13_village1#a06440ca	R	-1	1	8.1	ROT_town13_village1#702717d6	ROT_town13_village1#702717d6,ROT_town13_village1#9ed0e437,ROT_town13_village1#bd6476df,ROT_town13_village1#bc5d3114	-1.0	1.30	0.70	4668
573	ROT_town13_village1	Sossazi	973.00	332.50	178.6	16	0	road	ROT_town13_village1#702717d6	R	-1	1	5.6	-	ROT_town13_village1#a06440ca,ROT_town13_village1#9ed0e437,ROT_town13_village1#bd6476df,ROT_town13_village1#bc5d3114	-1.4	1.30	0.70	4668
574	ROT_town13_village1	Pasania	962.50	337.00	0.8	16	2	road	ROT_town13_village1#9ed0e437	R	1	1	12.0	ROT_town13_village1#a06440ca	ROT_town13_village1#bd6476df,ROT_town13_village1#bc5d3114,ROT_town13_village1#a06440ca,ROT_town13_village1#a8938a3a	-179.2	1.30	0.70	4668
575	ROT_town13_village2	Peliro	917.07	348.88	3.7	16	1	road	ROT_town13_village2#f55fca57	R	-1	1	6.6	ROT_town13_village2#3323b6c0	ROT_town13_village2#3323b6c0,ROT_town13_village2#22c26948,ROT_town13_village2#587fcbf9,ROT_town13_village2#19022987	3.7	1.30	0.70	4990
576	ROT_town13_village2	Alanos	922.57	349.10	2.9	16	2	road	ROT_town13_village2#22c26948	R	-1	1	9.1	ROT_town13_village2#f55fca57	ROT_town13_village2#f55fca57,ROT_town13_village2#587fcbf9,ROT_town13_village2#3323b6c0,ROT_town13_village2#19022987	2.9	1.30	0.70	4988
577	ROT_town13_village2	Tiarvira	927.56	349.30	179.0	16	3	road	ROT_town13_village2#587fcbf9	R	-1	1	11.7	ROT_town13_village2#22c26948	ROT_town13_village2#22c26948,ROT_town13_village2#f55fca57,ROT_town13_village2#3323b6c0,ROT_town13_village2#19022987	-1.0	1.30	0.70	4988
578	ROT_town13_village2	Esmatalo	913.42	352.74	4.8	16	0	road	ROT_town13_village2#3323b6c0	R	1	1	4.7	-	ROT_town13_village2#f55fca57,ROT_town13_village2#22c26948,ROT_town13_village2#587fcbf9,ROT_town13_village2#19022987	-175.2	1.30	0.70	4988
579	ROT_town13_village2	Blackcove	884.51	340.17	79.6	16	5	coast	ROT_town13_village2#19021a3c	R	1	1	29.1	-	ROT_town13_village2#3323b6c0,ROT_town13_village2#f55fca57,ROT_town13_village2#22c26948,ROT_town13_village2#587fcbf9	79.6	1.30	0.70	4706
580	ROT_town13_village2	Hetis	884.79	348.83	96.3	16	4	coast	ROT_town13_village2#19022987	R	1	1	26.2	-	ROT_town13_village2#3323b6c0,ROT_town13_village2#f55fca57,ROT_town13_village2#22c26948,ROT_town13_village2#587fcbf9	96.3	1.30	0.70	4775
581	ROT_town13_village3	Pollosa	920.50	386.77	150.5	27	0	crossroad	ROT_town13_village3#6a7a8f8c	H	0	2	6.4	-	ROT_town13_village3#8a8f96c2,ROT_town13_village3#966c854f,ROT_town13_village3#8b93124c,ROT_town13_village3#ee7f6296	-29.5	1.30	0.70	4982
582	ROT_town13_village3	Morratis	906.99	393.65	160.9	16	7	road	ROT_town13_village3#de1a073b	R	-1	1	16.8	-	ROT_town13_village3#9b33975e,ROT_town13_village3#6a7a8f8c,ROT_town13_village3#a9c78734,ROT_town13_village3#8a8f96c2	-19.1	1.30	0.70	4963
583	ROT_town13_village3	Odryzzo	902.23	395.99	158.0	16	10	road	ROT_town13_village3#9b33975e	R	-1	1	20.4	ROT_town13_village3#de1a073b	ROT_town13_village3#de1a073b,ROT_town13_village3#6a7a8f8c,ROT_town13_village3#a9c78734,ROT_town13_village3#8a8f96c2	-22.0	1.30	0.70	4915
584	ROT_town13_village3	Mervihe	935.69	371.08	168.9	16	9	road	ROT_town13_village3#0e464f12	R	1	1	19.3	ROT_town13_village3#0e4644e0	ROT_town13_village3#0e4644e0,ROT_town13_village3#e5cf2881,ROT_town13_village3#ee7f6296,ROT_town13_village3#8b93124c	-11.1	1.30	0.70	4916
585	ROT_town13_village3	Tossa	929.94	376.26	157.1	16	6	road	ROT_town13_village3#e5cf2881	R	1	1	16.1	ROT_town13_village3#ee7f6296	ROT_town13_village3#ee7f6296,ROT_town13_village3#0e4644e0,ROT_town13_village3#0e464f12,ROT_town13_village3#8b93124c	-22.9	1.30	0.70	4982
586	ROT_town13_village3	Hevivo	935.73	376.81	136.8	16	8	road	ROT_town13_village3#0e4644e0	R	-1	1	17.3	ROT_town13_village3#e5cf2881	ROT_town13_village3#e5cf2881,ROT_town13_village3#0e464f12,ROT_town13_village3#ee7f6296,ROT_town13_village3#8b93124c	136.8	1.30	0.70	5017
587	ROT_town13_village3	Popania	932.80	381.42	112.5	16	5	road	ROT_town13_village3#ee7f6296	R	-1	1	15.3	ROT_town13_village3#8b93124c	ROT_town13_village3#e5cf2881,ROT_town13_village3#0e4644e0,ROT_town13_village3#8b93124c,ROT_town13_village3#966c854f	112.5	1.30	0.70	4980
588	ROT_town13_village3	Garritys	925.15	381.91	142.3	16	4	road	ROT_town13_village3#8b93124c	R	1	1	12.7	ROT_town13_village3#966c854f	ROT_town13_village3#966c854f,ROT_town13_village3#ee7f6296,ROT_town13_village3#e5cf2881,ROT_town13_village3#0e4644e0	-37.7	1.30	0.70	4982
589	ROT_town13_village3	Cazzo	926.19	388.35	134.4	16	3	road	ROT_town13_village3#966c854f	R	-1	1	11.4	ROT_town13_village3#6a7a8f8c	ROT_town13_village3#8b93124c,ROT_town13_village3#ee7f6296,ROT_town13_village3#e5cf2881,ROT_town13_village3#6a7a8f8c	134.4	1.30	0.70	4980
590	ROT_town13_village3	Melozzo	915.09	389.72	146.4	16	1	road	ROT_town13_village3#a9c78734	R	1	1	9.7	-	ROT_town13_village3#6a7a8f8c,ROT_town13_village3#8a8f96c2,ROT_town13_village3#966c854f,ROT_town13_village3#8b93124c	-33.6	1.30	0.70	4978
591	ROT_town13_village3	Parrizo	921.45	392.90	140.9	16	2	road	ROT_town13_village3#8a8f96c2	R	-1	1	10.4	ROT_town13_village3#6a7a8f8c	ROT_town13_village3#6a7a8f8c,ROT_town13_village3#966c854f,ROT_town13_village3#8b93124c,ROT_town13_village3#ee7f6296	140.9	1.30	0.70	4978
592	ROT_town14_village1	Iksa Moneva	870.78	479.52	3.0	16	2	road	ROT_town14_village1#1810f488	R	1	1	9.5	ROT_town14_village1#3648cf19	ROT_town14_village1#6add013c,ROT_town14_village1#3648cf19,ROT_town14_village1#8ffef0cc,ROT_town14_village1#68df446f	3.0	1.30	0.70	6595
593	ROT_town14_village1	Secon	856.96	480.50	4.2	16	6	road	ROT_town14_village1#8ffef0cc	R	1	1	15.7	ROT_town14_village1#6add013c	ROT_town14_village1#6add013c,ROT_town14_village1#68df446f,ROT_town14_village1#1810f488,ROT_town14_village1#3648cf19	4.2	1.30	0.70	4940
594	ROT_town14_village1	Greyrock	861.96	480.50	176.6	16	3	road	ROT_town14_village1#6add013c	R	1	1	13.0	ROT_town14_village1#1810f488	ROT_town14_village1#8ffef0cc,ROT_town14_village1#1810f488,ROT_town14_village1#68df446f,ROT_town14_village1#3648cf19	-3.4	1.30	0.70	4940
595	ROT_town14_village1	Brallago	877.73	482.06	13.2	16	0	road	ROT_town14_village1#3648cf19	R	1	1	4.6	-	ROT_town14_village1#1810f488,ROT_town14_village1#6add013c,ROT_town14_village1#8ffef0cc,ROT_town14_village1#0a453967	13.2	1.30	0.70	6525
596	ROT_town14_village1	Kedaim	852.96	485.00	2.2	16	9	road	ROT_town14_village1#68df446f	R	-1	1	18.6	ROT_town14_village1#8ffef0cc	ROT_town14_village1#8ffef0cc,ROT_town14_village1#6add013c,ROT_town14_village1#1810f488,ROT_town14_village1#3648cf19	-177.8	1.30	0.70	4939
597	ROT_town14_village1	Stonewood	894.09	471.17	106.7	16	10	road	ROT_town14_village1#0c11e281	R	1	1	18.9	ROT_town14_village1#1f3beca8	ROT_town14_village1#1f3beca8,ROT_town14_village1#3648cf19,ROT_town14_village1#0a453967,ROT_town14_village1#1810f488	-73.3	1.30	0.70	6593
598	ROT_town14_village1	Vinefield	891.00	476.72	91.0	16	5	road	ROT_town14_village1#1f3beca8	R	1	1	14.9	-	ROT_town14_village1#0c11e281,ROT_town14_village1#3648cf19,ROT_town14_village1#0a453967,ROT_town14_village1#1810f488	-89.0	1.30	0.70	6594
599	ROT_town14_village1	Tomema	895.50	480.32	86.7	16	8	road	ROT_town14_village1#ad680c73	R	-1	1	16.2	-	ROT_town14_village1#3648cf19,ROT_town14_village1#0a453967,ROT_town14_village1#1810f488,ROT_town14_village1#6add013c	86.7	1.30	0.70	6524
600	ROT_town14_village1	Lotha	891.94	487.71	79.3	16	1	road	ROT_town14_village1#0a453967	R	1	1	9.0	-	ROT_town14_village1#2229b0e9,ROT_town14_village1#3648cf19,ROT_town14_village1#1810f488,ROT_town14_village1#6add013c	-100.7	1.30	0.70	6588
601	ROT_town14_village1	Iksamasso	896.61	490.26	81.6	16	4	road	ROT_town14_village1#2229b0e9	R	-1	1	14.5	ROT_town14_village1#0a453967	ROT_town14_village1#0a453967,ROT_town14_village1#3648cf19,ROT_town14_village1#1810f488,ROT_town14_village1#6add013c	81.6	1.30	0.70	6524
602	ROT_town14_village1	Senego	894.77	496.59	46.3	16	7	road	ROT_town14_village1#c29ec65e	R	1	1	15.7	-	ROT_town14_village1#fa5ea98d,ROT_town14_village1#7b7f0ece,ROT_town14_village1#3648cf19,ROT_town14_village1#0a453967	-133.7	1.30	0.70	6587
603	ROT_town14_village1	Brarys	907.33	500.58	5.0	16	12	road	ROT_town14_village1#7b7f0ece	R	-1	1	23.9	ROT_town14_village1#fa5ea98d	ROT_town14_village1#fa5ea98d,ROT_town14_village1#c29ec65e,ROT_town14_village1#3648cf19,ROT_town14_village1#0a453967	5.0	1.30	0.70	6573
604	ROT_town14_village1	Sasos	897.69	500.94	40.4	16	11	road	ROT_town14_village1#fa5ea98d	R	1	1	19.9	ROT_town14_village1#c29ec65e	ROT_town14_village1#7b7f0ece,ROT_town14_village1#c29ec65e,ROT_town14_village1#3648cf19,ROT_town14_village1#0a453967	-139.6	1.30	0.70	6587
605	ROT_town14_village2	Andaneria	838.83	485.87	74.4	27	5	crossroad	ROT_town14_village2#c1a39bb7	H	0	2	15.2	ROT_town14_village2#1f114165	ROT_town14_village2#1f114165,ROT_town14_village2#6fd90aeb,ROT_town14_village2#76e4e602,ROT_town14_village2#e435268b	74.4	1.30	0.70	4938
606	ROT_town14_village2	Velerio	819.92	484.64	177.5	16	0	road	ROT_town14_village2#58544db0	R	1	1	6.9	-	ROT_town14_village2#e435268b,ROT_town14_village2#6fd90aeb,ROT_town14_village2#1f114165,ROT_town14_village2#c1a39bb7	-2.5	1.30	0.70	4785
607	ROT_town14_village2	Brarraris	829.43	484.77	179.7	16	3	road	ROT_town14_village2#6fd90aeb	R	1	1	11.4	ROT_town14_village2#e435268b	ROT_town14_village2#1f114165,ROT_town14_village2#c1a39bb7,ROT_town14_village2#e435268b,ROT_town14_village2#58544db0	-0.3	1.30	0.70	4938
608	ROT_town14_village2	Fetha	824.59	488.96	174.0	16	2	road	ROT_town14_village2#e435268b	R	-1	1	7.6	ROT_town14_village2#58544db0	ROT_town14_village2#58544db0,ROT_town14_village2#6fd90aeb,ROT_town14_village2#1f114165,ROT_town14_village2#c1a39bb7	174.0	1.30	0.70	4938
609	ROT_town14_village2	Iksa Rhyoslo	833.76	488.74	91.5	16	4	road	ROT_town14_village2#1f114165	R	1	1	13.3	ROT_town14_village2#6fd90aeb	ROT_town14_village2#c1a39bb7,ROT_town14_village2#6fd90aeb,ROT_town14_village2#76e4e602,ROT_town14_village2#e435268b	-88.5	1.30	0.70	4938
610	ROT_town14_village2	Thedaim	838.39	492.72	96.2	16	7	road	ROT_town14_village2#76e4e602	R	-1	1	17.5	ROT_town14_village2#1f114165	ROT_town14_village2#229dc788,ROT_town14_village2#1f114165,ROT_town14_village2#6fd90aeb,ROT_town14_village2#c1a39bb7	96.2	1.30	0.70	4937
611	ROT_town14_village2	Otheva	833.05	495.94	90.7	16	8	road	ROT_town14_village2#229dc788	R	1	1	19.3	ROT_town14_village2#76e4e602	ROT_town14_village2#76e4e602,ROT_town14_village2#1f114165,ROT_town14_village2#c1a39bb7,ROT_town14_village2#6fd90aeb	-89.3	1.30	0.70	4937
612	ROT_town14_village2	Mossadaim	804.01	483.67	60.4	16	1	coast	ROT_town14_village2#3d9ec8ad	R	1	1	7.6	-	ROT_town14_village2#58544db0,ROT_town14_village2#e435268b,ROT_town14_village2#6fd90aeb,ROT_town14_village2#1f114165	60.4	1.30	0.70	4785
613	ROT_town14_village2	Otherrava	815.16	498.14	33.5	16	6	coast	ROT_town14_village2#76c897da	R	1	1	17.1	-	ROT_town14_village2#d23f8be5,ROT_town14_village2#58544db0,ROT_town14_village2#3d9ec8ad,ROT_town14_village2#e435268b	33.5	1.30	0.70	4716
614	ROT_town14_village2	Andasio	821.18	502.02	38.3	16	9	coast	ROT_town14_village2#d23f8be5	R	1	1	28.4	ROT_town14_village2#76c897da	ROT_town14_village2#76c897da,ROT_town14_village2#58544db0,ROT_town14_village2#3d9ec8ad,ROT_town14_village2#e435268b	38.3	1.30	0.70	4786
615	ROT_town14_village2	Morraria	825.78	505.97	40.2	16	10	coast	ROT_town14_village2#8bfc607c	R	1	1	35.8	ROT_town14_village2#e435268b	ROT_town14_village2#e435268b,ROT_town14_village2#58544db0,ROT_town14_village2#6fd90aeb,ROT_town14_village2#1f114165	40.2	1.30	0.70	4786
616	ROT_town14_village3	Sacon	856.68	553.33	120.2	27	0	crossroad	ROT_town14_village3#9490e525	H	0	2	5.9	-	ROT_town14_village3#d1cbca41,ROT_town14_village3#efbf9591,ROT_town14_village3#d1df8608,ROT_town14_village3#dc651f80	120.2	1.30	0.70	4790
617	ROT_town14_village3	Femasos	853.00	562.08	86.0	16	4	road	ROT_town14_village3#efbf9591	R	-1	1	10.3	ROT_town14_village3#9490e525	ROT_town14_village3#dc651f80,ROT_town14_village3#9490e525,ROT_town14_village3#d1cbca41,ROT_town14_village3#d1df8608	-94.0	1.30	0.70	4791
618	ROT_town14_village3	Iksa Teroria	858.00	565.58	86.0	16	6	road	ROT_town14_village3#dc651f80	R	1	1	14.5	ROT_town14_village3#efbf9591	ROT_town14_village3#efbf9591,ROT_town14_village3#9490e525,ROT_town14_village3#d1cbca41,ROT_town14_village3#d1df8608	86.0	1.30	0.70	4720
619	ROT_town14_village3	Prero	850.43	534.89	43.8	16	5	road	ROT_town14_village3#d1df8608	R	-1	1	14.0	ROT_town14_village3#d1cbca41	ROT_town14_village3#14ea9b5c,ROT_town14_village3#d1cbca41,ROT_town14_village3#9490e525,ROT_town14_village3#efbf9591	43.8	1.30	0.70	4887
620	ROT_town14_village3	Brastoma	844.42	535.95	44.3	16	8	road	ROT_town14_village3#14ea9b5c	R	1	1	15.0	ROT_town14_village3#d1df8608	ROT_town14_village3#d1df8608,ROT_town14_village3#d1cbca41,ROT_town14_village3#9490e525,ROT_town14_village3#efbf9591	-135.7	1.30	0.70	4788
621	ROT_town14_village3	Issestona	849.73	542.55	64.2	16	3	road	ROT_town14_village3#d1cbca41	R	1	1	9.8	ROT_town14_village3#9490e525	ROT_town14_village3#9490e525,ROT_town14_village3#d1df8608,ROT_town14_village3#14ea9b5c,ROT_town14_village3#efbf9591	-115.8	1.30	0.70	4719
622	ROT_town14_village3	Nemestayn	841.44	542.30	64.4	16	7	coast	ROT_town14_village3#f895139c	R	1	1	14.8	ROT_town14_village3#14dc29dc	ROT_town14_village3#14dc29dc,ROT_town14_village3#0dfc5477,ROT_town14_village3#9490e525,ROT_town14_village3#d1cbca41	64.4	1.30	0.70	4788
623	ROT_town14_village3	Verrago	844.16	546.85	83.6	16	2	coast	ROT_town14_village3#14dc29dc	R	1	1	9.5	ROT_town14_village3#0dfc5477	ROT_town14_village3#0dfc5477,ROT_town14_village3#f895139c,ROT_town14_village3#9490e525,ROT_town14_village3#d1cbca41	83.6	1.30	0.70	4719
624	ROT_town14_village3	Giassa	842.54	551.53	72.3	16	1	coast	ROT_town14_village3#0dfc5477	R	1	1	7.2	-	ROT_town14_village3#14dc29dc,ROT_town14_village3#f895139c,ROT_town14_village3#9490e525,ROT_town14_village3#d1cbca41	72.3	1.30	0.70	4719
625	ROT_town15_village1	Teksio	988.23	604.24	165.5	27	0	crossroad	ROT_town15_village1#b8da6f60	H	0	2	5.6	-	ROT_town15_village1#85266108,ROT_town15_village1#48dfa724,ROT_town15_village1#bcecb500,ROT_town15_village1#e43ae3ca	165.5	1.30	0.70	6833
626	ROT_town15_village1	Lonalis	976.24	603.00	1.8	16	2	road	ROT_town15_village1#bcecb500	R	-1	1	10.3	-	ROT_town15_village1#e43ae3ca,ROT_town15_village1#b8da6f60,ROT_town15_village1#85266108,ROT_town15_village1#48dfa724	1.8	1.30	0.70	6709
627	ROT_town15_village1	Raqen	972.11	609.12	159.1	16	4	road	ROT_town15_village1#e43ae3ca	R	1	1	16.3	ROT_town15_village1#bcecb500	ROT_town15_village1#bcecb500,ROT_town15_village1#b8da6f60,ROT_town15_village1#85266108,ROT_town15_village1#48dfa724	159.1	1.30	0.70	6709
628	ROT_town15_village1	Anora	993.88	597.26	157.8	16	1	road	ROT_town15_village1#85266108	R	1	1	8.2	ROT_town15_village1#b8da6f60	ROT_town15_village1#b8da6f60,ROT_town15_village1#48dfa724,ROT_town15_village1#bcecb500,ROT_town15_village1#e43ae3ca	-22.2	1.30	0.70	6863
629	ROT_town15_village1	Duraria	999.22	591.64	84.7	16	3	road	ROT_town15_village1#48dfa724	R	1	1	15.9	ROT_town15_village1#85266108	ROT_town15_village1#85266108,ROT_town15_village1#b8da6f60,ROT_town15_village1#bcecb500,ROT_town15_village1#e43ae3ca	-95.3	1.30	0.70	6844
630	ROT_town15_village2	Irksasia	948.50	622.50	59.3	26	5	coast	ROT_town15_village2#8702ce59	H	0	2	16.1	ROT_town15_village2#d4761d20	ROT_town15_village2#d4761d20,ROT_town15_village2#96146434,ROT_town15_village2#d44e7379,ROT_town15_village2#b07e5cb7	59.3	1.30	0.70	6761
631	ROT_town15_village2	Bonasa	968.50	648.50	69.7	26	6	coast	ROT_town15_village2#5ea7831f	H	0	2	17.3	ROT_town15_village2#d131d030	ROT_town15_village2#d131d030,ROT_town15_village2#d4761d20,ROT_town15_village2#96146434,ROT_town15_village2#806872f6	69.7	1.30	0.70	6756
632	ROT_town15_village2	Lolerath	955.64	611.30	153.9	15	1	road	ROT_town15_village2#96146434	R	-1	1	12.4	ROT_town15_village2#d4761d20	ROT_town15_village2#d44e7379,ROT_town15_village2#d4761d20,ROT_town15_village2#8702ce59,ROT_town15_village2#b07e5cb7	-26.1	1.30	0.70	6854
633	ROT_town15_village2	Duqen	947.22	611.62	2.3	15	7	road	ROT_town15_village2#b07e5cb7	R	1	1	18.0	ROT_town15_village2#d4761d20	ROT_town15_village2#d4761d20,ROT_town15_village2#96146434,ROT_town15_village2#d44e7379,ROT_town15_village2#8702ce59	2.3	1.30	0.70	6851
634	ROT_town15_village2	Hareathia	961.20	626.11	68.2	15	0	road	ROT_town15_village2#d4761d20	R	-1	1	5.4	-	ROT_town15_village2#96146434,ROT_town15_village2#d44e7379,ROT_town15_village2#8702ce59,ROT_town15_village2#b07e5cb7	68.2	1.30	0.70	6767
635	ROT_town15_village2	Bilusa	962.16	607.69	149.6	15	4	road	ROT_town15_village2#d44e7379	R	-1	1	14.6	ROT_town15_village2#96146434	ROT_town15_village2#96146434,ROT_town15_village2#d4761d20,ROT_town15_village2#8702ce59,ROT_town15_village2#b07e5cb7	-30.4	1.30	0.70	6856
636	ROT_town15_village2	Lylasia	958.38	637.00	38.8	15	3	coast	ROT_town15_village2#806872f6	R	1	1	14.0	-	ROT_town15_village2#d4761d20,ROT_town15_village2#96146434,ROT_town15_village2#d131d030,ROT_town15_village2#d44e7379	38.8	1.30	0.70	6718
637	ROT_town15_village2	Anolis	964.23	640.90	52.7	15	2	coast	ROT_town15_village2#d131d030	R	1	1	12.4	-	ROT_town15_village2#5ea7831f,ROT_town15_village2#d4761d20,ROT_town15_village2#96146434,ROT_town15_village2#806872f6	52.7	1.30	0.70	6718
638	ROT_town15_village3	Lolera	1075.92	594.30	141.1	16	6	road	ROT_town15_village3#125c70cf	R	1	1	33.2	ROT_town15_village3#d4cb24f3	ROT_town15_village3#d4cb24f3,ROT_town15_village3#13db29dc,ROT_town15_village3#52dc6481,ROT_town15_village3#cb45bf13	-38.9	1.30	0.70	7156
639	ROT_town15_village3	Dusinton	1070.81	597.36	132.2	16	3	road	ROT_town15_village3#d4cb24f3	R	1	1	29.8	-	ROT_town15_village3#125c70cf,ROT_town15_village3#13db29dc,ROT_town15_village3#52dc6481,ROT_town15_village3#cb45bf13	-47.8	1.30	0.70	7155
640	ROT_town15_village3	Eurys	1066.57	601.60	138.4	16	2	road	ROT_town15_village3#cb45bf13	R	1	1	29.3	-	ROT_town15_village3#13db29dc,ROT_town15_village3#52dc6481,ROT_town15_village3#d4cb24f3,ROT_town15_village3#d4e81072	-41.6	1.30	0.70	7154
641	ROT_town15_village3	Lolethia	1060.91	607.26	130.1	16	5	road	ROT_town15_village3#c8349ad6	R	1	1	32.9	-	ROT_town15_village3#13db29dc,ROT_town15_village3#52dc6481,ROT_town15_village3#cb45bf13,ROT_town15_village3#d4cb24f3	-49.9	1.30	0.70	7153
642	ROT_town15_village3	Anoro	1050.00	608.50	2.0	16	7	road	ROT_town15_village3#92af752b	R	1	1	34.7	ROT_town15_village3#52dc6481	ROT_town15_village3#52dc6481,ROT_town15_village3#13db29dc,ROT_town15_village3#cb45bf13,ROT_town15_village3#d4cb24f3	2.0	1.30	0.70	9138
643	ROT_town15_village3	Bimia	1042.73	591.00	0.4	16	0	road	ROT_town15_village3#13db29dc	R	-1	1	12.5	-	ROT_town15_village3#52dc6481,ROT_town15_village3#92af752b,ROT_town15_village3#cb45bf13,ROT_town15_village3#d4cb24f3	-179.6	1.30	0.70	7026
644	ROT_town15_village3	Jothagos	1037.83	594.00	134.5	16	1	road	ROT_town15_village3#52dc6481	R	-1	1	13.8	ROT_town15_village3#13db29dc	ROT_town15_village3#13db29dc,ROT_town15_village3#92af752b,ROT_town15_village3#cb45bf13,ROT_town15_village3#d4cb24f3	134.5	1.30	0.70	6705
645	ROT_town15_village3	Durys	1071.36	572.00	162.0	16	4	river	ROT_town15_village3#d4e81072	R	1	1	29.9	-	ROT_town15_village3#13db29dc,ROT_town15_village3#52dc6481,ROT_town15_village3#cb45bf13,ROT_town15_village3#d4cb24f3	162.0	1.30	0.70	6894
646	ROT_town16_village1	Oakfield	1098.63	407.20	132.6	16	0	road	ROT_town16_village1#1dab3868	R	1	1	5.7	-	ROT_town16_village1#fe351a27,ROT_town16_village1#6078fd5a,ROT_town16_village1#47b5bd4c,ROT_town16_village1#9bacb274	132.6	1.30	0.70	7277
647	ROT_town16_village1	Sasua	1093.33	407.55	136.5	16	1	road	ROT_town16_village1#fe351a27	R	-1	1	6.7	ROT_town16_village1#1dab3868	ROT_town16_village1#1dab3868,ROT_town16_village1#6078fd5a,ROT_town16_village1#47b5bd4c,ROT_town16_village1#9bacb274	-43.5	1.30	0.70	7185
648	ROT_town16_village1	Kalomia	1093.90	412.60	109.8	16	2	road	ROT_town16_village1#6078fd5a	R	1	1	9.2	ROT_town16_village1#fe351a27	ROT_town16_village1#47b5bd4c,ROT_town16_village1#fe351a27,ROT_town16_village1#1dab3868,ROT_town16_village1#9bacb274	109.8	1.30	0.70	7185
649	ROT_town16_village1	Merondos	1089.50	414.91	90.8	16	4	road	ROT_town16_village1#47b5bd4c	R	-1	1	10.8	ROT_town16_village1#6078fd5a	ROT_town16_village1#6078fd5a,ROT_town16_village1#fe351a27,ROT_town16_village1#1dab3868,ROT_town16_village1#9bacb274	-89.2	1.30	0.70	7269
650	ROT_town16_village1	Dolelos	1108.63	381.66	95.5	16	9	river	ROT_town16_village1#9ba9906c	R	-1	1	23.1	-	ROT_town16_village1#1dab3868,ROT_town16_village1#fe351a27,ROT_town16_village1#6078fd5a,ROT_town16_village1#9bacb274	-84.5	1.30	0.70	6917
651	ROT_town16_village1	Sartandos	1107.55	389.15	83.5	16	6	river	ROT_town16_village1#7d37af7a	R	-1	1	13.7	ROT_town16_village1#9bacb274	ROT_town16_village1#9bacb274,ROT_town16_village1#e902720f,ROT_town16_village1#1dab3868,ROT_town16_village1#fe351a27	-96.5	1.30	0.70	6917
652	ROT_town16_village1	Conos	1109.11	394.80	61.7	16	3	river	ROT_town16_village1#9bacb274	R	-1	1	9.7	-	ROT_town16_village1#e902720f,ROT_town16_village1#7d37af7a,ROT_town16_village1#1dab3868,ROT_town16_village1#fe351a27	-118.3	1.30	0.70	7198
653	ROT_town16_village1	Namintor	1112.52	398.82	58.1	16	5	river	ROT_town16_village1#e902720f	R	-1	1	11.1	ROT_town16_village1#9bacb274	ROT_town16_village1#9bacb274,ROT_town16_village1#7d37af7a,ROT_town16_village1#1dab3868,ROT_town16_village1#fe351a27	-121.9	1.30	0.70	7198
654	ROT_town16_village1	Areortea	1114.92	404.49	64.8	16	7	river	ROT_town16_village1#c472af36	R	-1	1	14.1	-	ROT_town16_village1#1dab3868,ROT_town16_village1#fe351a27,ROT_town16_village1#6078fd5a,ROT_town16_village1#9bacb274	-115.2	1.30	0.70	6918
655	ROT_town16_village1	Heronfield	1117.64	408.78	64.0	16	8	river	ROT_town16_village1#f193496e	R	-1	1	18.9	-	ROT_town16_village1#1dab3868,ROT_town16_village1#fe351a27,ROT_town16_village1#6078fd5a,ROT_town16_village1#9bacb274	-116.0	1.30	0.70	6918
656	ROT_town16_village1	Starvos	1122.40	415.80	37.8	16	10	river	ROT_town16_village1#c94f168b	R	-1	1	27.0	-	ROT_town16_village1#1dab3868,ROT_town16_village1#fe351a27,ROT_town16_village1#6078fd5a,ROT_town16_village1#9bacb274	-142.2	1.30	0.70	7199
657	ROT_town16_village2	Horasos	1122.67	436.79	138.2	16	10	road	ROT_town16_village2#f05cb11a	R	1	1	18.0	ROT_town16_village2#7463c42d	ROT_town16_village2#7463c42d,ROT_town16_village2#af16b488,ROT_town16_village2#3713b373,ROT_town16_village2#5a167c77	-41.8	1.30	0.70	7256
658	ROT_town16_village2	Rhetah	1115.85	443.45	139.2	16	6	road	ROT_town16_village2#7463c42d	R	1	1	13.7	ROT_town16_village2#af16b488	ROT_town16_village2#f05cb11a,ROT_town16_village2#af16b488,ROT_town16_village2#3713b373,ROT_town16_village2#5a167c77	-40.8	1.30	0.70	7253
659	ROT_town16_village2	Hambasua	1110.73	450.32	138.8	16	2	road	ROT_town16_village2#af16b488	R	1	1	8.8	ROT_town16_village2#3713b373	ROT_town16_village2#3713b373,ROT_town16_village2#7463c42d,ROT_town16_village2#f05cb11a,ROT_town16_village2#5a167c77	-41.2	1.30	0.70	7248
660	ROT_town16_village2	Lachia	1107.19	453.86	136.4	16	0	road	ROT_town16_village2#3713b373	R	1	1	6.7	-	ROT_town16_village2#af16b488,ROT_town16_village2#7463c42d,ROT_town16_village2#f05cb11a,ROT_town16_village2#5a167c77	-43.6	1.30	0.70	7248
661	ROT_town16_village2	Ulenesua	1092.33	442.68	44.5	16	8	road	ROT_town16_village2#32e22822	R	-1	1	14.8	ROT_town16_village2#5a1969d2	ROT_town16_village2#5a1969d2,ROT_town16_village2#5a167c77,ROT_town16_village2#3713b373,ROT_town16_village2#af16b488	-135.5	1.30	0.70	7250
662	ROT_town16_village2	Areoratah	1096.32	447.41	76.4	16	5	road	ROT_town16_village2#5a1969d2	R	-1	1	10.5	ROT_town16_village2#5a167c77	ROT_town16_village2#5a167c77,ROT_town16_village2#32e22822,ROT_town16_village2#3713b373,ROT_town16_village2#af16b488	-103.6	1.30	0.70	7250
663	ROT_town16_village2	Rheleos	1096.01	453.48	85.8	16	1	road	ROT_town16_village2#5a167c77	R	-1	1	7.5	-	ROT_town16_village2#5a1969d2,ROT_town16_village2#32e22822,ROT_town16_village2#3713b373,ROT_town16_village2#af16b488	-94.2	1.30	0.70	7249
664	ROT_town16_village2	Tarassia	1095.92	465.27	121.2	16	4	road	ROT_town16_village2#5a1369ba	R	1	1	9.6	-	ROT_town16_village2#3713b373,ROT_town16_village2#5a167c77,ROT_town16_village2#af16b488,ROT_town16_village2#a4c168cd	-58.8	1.30	0.70	7247
665	ROT_town16_village2	Myburvos	1095.01	470.45	130.7	16	3	road	ROT_town16_village2#a4c168cd	R	1	1	9.5	-	ROT_town16_village2#5bb493d9,ROT_town16_village2#71ef7f1f,ROT_town16_village2#3713b373,ROT_town16_village2#5a167c77	-49.3	1.30	0.70	7246
666	ROT_town16_village2	Labulos	1090.25	480.14	108.5	16	7	road	ROT_town16_village2#5bb493d9	R	1	1	14.7	ROT_town16_village2#a4c168cd	ROT_town16_village2#71ef7f1f,ROT_town16_village2#a4c168cd,ROT_town16_village2#3713b373,ROT_town16_village2#5a167c77	-71.5	1.30	0.70	7245
667	ROT_town16_village2	Sarlertea	1092.93	484.58	125.9	16	9	road	ROT_town16_village2#71ef7f1f	R	-1	1	16.5	ROT_town16_village2#5bb493d9	ROT_town16_village2#5bb493d9,ROT_town16_village2#a4c168cd,ROT_town16_village2#3713b373,ROT_town16_village2#5a167c77	125.9	1.30	0.70	7244
668	ROT_town16_village2	Agriletah	1080.53	447.54	110.0	16	11	river	ROT_town16_village2#cc037917	R	1	1	26.5	ROT_town16_village2#5a167c77	ROT_town16_village2#5a167c77,ROT_town16_village2#5a1969d2,ROT_town16_village2#32e22822,ROT_town16_village2#3713b373	110.0	1.30	0.70	7015
669	ROT_town16_village2	Thegos	1078.10	454.58	122.3	16	12	river	ROT_town16_village2#f9c1fdb1	R	1	1	26.7	ROT_town16_village2#5a167c77	ROT_town16_village2#5a167c77,ROT_town16_village2#5a1969d2,ROT_town16_village2#32e22822,ROT_town16_village2#3713b373	122.3	1.30	0.70	6901
670	ROT_town16_village3	Erenegos	1045.96	411.03	18.8	27	7	bridge	ROT_town16_village3#75fe89a5	H	0	2	21.3	ROT_town16_village3#c6e17b89	ROT_town16_village3#c6e17b89,ROT_town16_village3#4e29c2de,ROT_town16_village3#bb64b1f8,ROT_town16_village3#17867d15	-161.2	1.30	0.70	6677
671	ROT_town16_village3	Hobulos	1073.85	408.89	39.0	16	0	road	ROT_town16_village3#17867d15	R	-1	1	7.3	-	ROT_town16_village3#1502e21a,ROT_town16_village3#17897808,ROT_town16_village3#2cc01d8f,ROT_town16_village3#bb6196bc	39.0	1.30	0.70	7272
672	ROT_town16_village3	Cobundos	1081.50	418.50	2.9	16	1	road	ROT_town16_village3#1502e21a	R	1	1	11.9	ROT_town16_village3#17867d15	ROT_town16_village3#17867d15,ROT_town16_village3#17897808,ROT_town16_village3#2cc01d8f,ROT_town16_village3#bb6196bc	2.9	1.30	0.70	7269
673	ROT_town16_village3	Horaleos	1074.27	418.65	21.4	16	3	road	ROT_town16_village3#17897808	R	1	1	12.5	ROT_town16_village3#17867d15	ROT_town16_village3#17867d15,ROT_town16_village3#2cc01d8f,ROT_town16_village3#1502e21a,ROT_town16_village3#bb6196bc	21.4	1.30	0.70	6903
674	ROT_town16_village3	Tantor	1052.03	380.62	92.3	16	12	road	ROT_town16_village3#d5fcee70	R	-1	1	27.1	ROT_town16_village3#d5fcfa55	ROT_town16_village3#d5fcfa55,ROT_town16_village3#17867d15,ROT_town16_village3#1502e21a,ROT_town16_village3#bb6196bc	92.3	1.30	0.70	7258
675	ROT_town16_village3	Lamos	1052.42	386.13	95.3	16	9	road	ROT_town16_village3#d5fcfa55	R	-1	1	22.1	-	ROT_town16_village3#d5fcee70,ROT_town16_village3#17867d15,ROT_town16_village3#1502e21a,ROT_town16_village3#bb6196bc	95.3	1.30	0.70	7258
676	ROT_town16_village3	Cobutar	1043.81	397.89	53.7	16	10	river	ROT_town16_village3#64727be5	R	1	1	23.3	-	ROT_town16_village3#17867d15,ROT_town16_village3#1502e21a,ROT_town16_village3#bb6196bc,ROT_town16_village3#17897808	53.7	1.30	0.70	6905
677	ROT_town16_village3	Hogremos	1047.84	404.41	49.6	16	6	river	ROT_town16_village3#c6e17b89	R	1	1	17.5	-	ROT_town16_village3#75fe89a5,ROT_town16_village3#4e29c2de,ROT_town16_village3#bb64b1f8,ROT_town16_village3#17867d15	49.6	1.30	0.70	7010
678	ROT_town16_village3	Stonemill	1057.60	412.69	38.6	16	2	river	ROT_town16_village3#bb6196bc	R	1	1	12.2	-	ROT_town16_village3#17867d15,ROT_town16_village3#1502e21a,ROT_town16_village3#17897808,ROT_town16_village3#939597c9	38.6	1.30	0.70	6904
679	ROT_town16_village3	Nabuleos	1050.35	414.76	42.3	16	11	river	ROT_town16_village3#4e29c2de	R	-1	1	26.6	ROT_town16_village3#75fe89a5	ROT_town16_village3#75fe89a5,ROT_town16_village3#c6e17b89,ROT_town16_village3#bb64b1f8,ROT_town16_village3#17867d15	-137.7	1.30	0.70	6675
680	ROT_town16_village3	Lanenos	1062.35	416.86	40.6	16	4	river	ROT_town16_village3#939597c9	R	1	1	14.3	-	ROT_town16_village3#17867d15,ROT_town16_village3#1502e21a,ROT_town16_village3#bb6196bc,ROT_town16_village3#17897808	40.6	1.30	0.70	7013
681	ROT_town16_village3	Noyne Mill	1068.52	421.92	35.8	16	5	river	ROT_town16_village3#dd2a9d40	R	1	1	16.2	-	ROT_town16_village3#17867d15,ROT_town16_village3#1502e21a,ROT_town16_village3#bb6196bc,ROT_town16_village3#17897808	35.8	1.30	0.70	6903
682	ROT_town16_village3	Metar	1074.82	428.05	47.1	16	8	river	ROT_town16_village3#2cc01d8f	R	1	1	22.1	ROT_town16_village3#17897808	ROT_town16_village3#17897808,ROT_town16_village3#17867d15,ROT_town16_village3#1502e21a,ROT_town16_village3#bb6196bc	47.1	1.30	0.70	7014
683	ROT_town16_village3	Heronwood	1057.50	421.50	41.0	8	13	field	ROT_town16_village3#bb64b1f8	F	0	1	36.6	ROT_town16_village3#4e29c2de	ROT_town16_village3#4e29c2de,ROT_town16_village3#75fe89a5,ROT_town16_village3#c6e17b89,ROT_town16_village3#17867d15	-139.0	1.30	0.70	6645
684	ROT_town17_village1	Vholdaro	1146.60	290.80	98.2	16	0	road	ROT_town17_village1#cd2c35ae	R	1	1	35.7	-	ROT_town17_village1#97330acb	98.2	1.30	0.70	7364
685	ROT_town17_village1	Morargos	1142.58	296.42	136.6	16	1	road	ROT_town17_village1#97330acb	R	1	1	37.1	-	ROT_town17_village1#cd2c35ae	136.6	1.30	0.70	7623
686	ROT_town17_village2	Spolidar	1149.34	335.50	178.6	16	9	road	ROT_town17_village2#73820af7	R	1	1	25.2	ROT_town17_village2#8234c682	ROT_town17_village2#8234c682,ROT_town17_village2#75a2355b,ROT_town17_village2#50306298,ROT_town17_village2#c87dca16	178.6	1.30	0.70	7627
687	ROT_town17_village2	Govegar	1155.34	335.50	0.1	16	7	road	ROT_town17_village2#8234c682	R	1	1	20.4	-	ROT_town17_village2#73820af7,ROT_town17_village2#75a2355b,ROT_town17_village2#50306298,ROT_town17_village2#c87dca16	-179.9	1.30	0.70	7627
688	ROT_town17_village2	Medar	1169.47	339.31	11.3	16	1	road	ROT_town17_village2#50306298	R	1	1	11.2	-	ROT_town17_village2#75a2355b,ROT_town17_village2#c87dca16,ROT_town17_village2#b60be7af,ROT_town17_village2#df395fd6	-168.7	1.30	0.70	7630
689	ROT_town17_village2	Dratigar	1176.29	340.62	38.0	16	3	road	ROT_town17_village2#b60be7af	R	1	1	13.1	-	ROT_town17_village2#75a2355b,ROT_town17_village2#50306298,ROT_town17_village2#c87dca16,ROT_town17_village2#df395fd6	-142.0	1.30	0.70	7539
690	ROT_town17_village2	Olivewood	1180.77	343.82	35.5	16	2	road	ROT_town17_village2#c87dca16	R	1	1	12.3	-	ROT_town17_village2#75a2355b,ROT_town17_village2#50306298,ROT_town17_village2#b60be7af,ROT_town17_village2#df395fd6	-144.5	1.30	0.70	7616
691	ROT_town17_village2	Vadargoil	1187.12	359.31	133.8	16	4	road	ROT_town17_village2#df395fd6	R	1	1	15.7	ROT_town17_village2#75a2355b	ROT_town17_village2#75a2355b,ROT_town17_village2#c8787903,ROT_town17_village2#50306298,ROT_town17_village2#c87dca16	133.8	1.30	0.70	7616
692	ROT_town17_village2	Vagar	1180.52	360.88	122.4	16	5	road	ROT_town17_village2#c8787903	R	-1	1	16.6	ROT_town17_village2#75a2355b	ROT_town17_village2#75a2355b,ROT_town17_village2#df395fd6,ROT_town17_village2#50306298,ROT_town17_village2#c87dca16	-57.6	1.30	0.70	7597
693	ROT_town17_village2	Greyfield	1176.67	363.93	105.9	16	6	road	ROT_town17_village2#759f16b9	R	-1	1	16.9	-	ROT_town17_village2#9c82cbc0,ROT_town17_village2#75a2355b,ROT_town17_village2#50306298,ROT_town17_village2#c87dca16	-74.1	1.30	0.70	7597
694	ROT_town17_village2	Qhoylion	1172.39	372.20	123.3	16	10	road	ROT_town17_village2#81485c41	R	-1	1	25.3	-	ROT_town17_village2#75a2355b,ROT_town17_village2#50306298,ROT_town17_village2#c87dca16,ROT_town17_village2#b60be7af	-56.7	1.30	0.70	7596
695	ROT_town17_village2	Vhogar	1179.77	372.48	130.7	16	8	road	ROT_town17_village2#9c82cbc0	R	1	1	24.0	ROT_town17_village2#759f16b9	ROT_town17_village2#759f16b9,ROT_town17_village2#75a2355b,ROT_town17_village2#50306298,ROT_town17_village2#c87dca16	130.7	1.30	0.70	7596
696	ROT_town17_village2	Rhonys	1177.00	353.00	0.7	16	0	road	ROT_town17_village2#75a2355b	R	1	1	7.1	-	ROT_town17_village2#df395fd6,ROT_town17_village2#c8787903,ROT_town17_village2#50306298,ROT_town17_village2#c87dca16	-179.3	1.30	0.70	7616
697	ROT_town17_village3	Qhoynnis	1221.92	261.91	44.6	16	4	road	ROT_town17_village3#abf6f056	R	-1	1	9.0	ROT_town17_village3#abf6f8d5	ROT_town17_village3#abf6f8d5,ROT_town17_village3#70e20e5a,ROT_town17_village3#eb5b1242,ROT_town17_village3#abfa0b92	44.6	1.30	0.70	7642
698	ROT_town17_village3	Vhogorgos	1221.76	267.22	43.8	16	0	road	ROT_town17_village3#abf6f8d5	R	1	1	6.9	-	ROT_town17_village3#abf6f056,ROT_town17_village3#70e20e5a,ROT_town17_village3#eb5b1242,ROT_town17_village3#abfa0b92	-136.2	1.30	0.70	7644
699	ROT_town17_village3	Greygrove	1221.86	275.16	112.5	16	3	road	ROT_town17_village3#abfa0b92	R	1	1	8.8	ROT_town17_village3#eb5b1242	ROT_town17_village3#eb5b1242,ROT_town17_village3#abf6f8d5,ROT_town17_village3#70e20e5a,ROT_town17_village3#abf6f056	-67.5	1.30	0.70	7525
700	ROT_town17_village3	Goldanys	1225.81	279.27	94.8	16	2	road	ROT_town17_village3#eb5b1242	R	-1	1	7.7	-	ROT_town17_village3#abfa0b92,ROT_town17_village3#abf6f8d5,ROT_town17_village3#70e20e5a,ROT_town17_village3#abf6f056	94.8	1.30	0.70	7650
701	ROT_town17_village3	Morhabrel	1234.00	274.19	36.0	16	1	road	ROT_town17_village3#70e20e5a	R	-1	1	7.2	-	ROT_town17_village3#a837e0e7,ROT_town17_village3#abf6f8d5,ROT_town17_village3#eb5b1242,ROT_town17_village3#abfa0b92	36.0	1.30	0.70	7491
702	ROT_town17_village3	Drabul	1237.43	278.50	176.4	16	5	road	ROT_town17_village3#a837e0e7	R	1	1	9.3	ROT_town17_village3#70e20e5a	ROT_town17_village3#70e20e5a,ROT_town17_village3#abf6f8d5,ROT_town17_village3#eb5b1242,ROT_town17_village3#abfa0b92	176.4	1.30	0.70	6956
703	ROT_town18_village2	Hermit's Cove	561.68	499.12	179.4	16	0	road	ROT_town18_village2#f1c67210	R	1	1	5.1	-	ROT_town18_village2#3e1bac7d,ROT_town18_village2#fa684306,ROT_town18_village2#b7270bee,ROT_town18_village2#a1252622	-0.6	1.30	0.70	3728
704	ROT_town18_village2	Crofter's Knoll	573.72	500.15	178.4	16	1	road	ROT_town18_village2#b7270bee	R	1	1	6.1	-	ROT_town18_village2#f1c67210,ROT_town18_village2#3e1bac7d,ROT_town18_village2#fa684306,ROT_town18_village2#a1252622	-1.6	1.30	0.70	3728
705	ROT_town18_village2	Highfold	547.99	500.95	157.0	16	3	road	ROT_town18_village2#fa684306	R	1	1	12.7	ROT_town18_village2#3e1bac7d	ROT_town18_village2#3e1bac7d,ROT_town18_village2#a1252622,ROT_town18_village2#f1c67210,ROT_town18_village2#b7270bee	-23.0	1.30	0.70	3724
706	ROT_town18_village2	Drover's Rest	557.27	504.30	2.3	16	2	road	ROT_town18_village2#3e1bac7d	R	-1	1	8.4	ROT_town18_village2#f1c67210	ROT_town18_village2#f1c67210,ROT_town18_village2#fa684306,ROT_town18_village2#a1252622,ROT_town18_village2#b7270bee	-177.7	1.30	0.70	3728
707	ROT_town18_village2	Crabglen	543.12	498.24	167.4	16	4	coast	ROT_town18_village2#a1252622	R	1	1	17.2	ROT_town18_village2#fa684306	ROT_town18_village2#fa684306,ROT_town18_village2#3e1bac7d,ROT_town18_village2#f1c67210,ROT_town18_village2#b7270bee	167.4	1.30	0.70	2838
708	ROT_town19_village1	Marash	1536.74	301.01	135.6	16	0	road	ROT_town19_village1#4db3e0cd	R	1	1	5.0	-	ROT_town19_village1#585df117,ROT_town19_village1#a3b09870,ROT_town19_village1#2ac3a35a,ROT_town19_village1#516cb3a7	-44.4	1.30	0.70	8609
709	ROT_town19_village1	Stonegrove	1533.74	308.01	138.3	16	4	road	ROT_town19_village1#585df117	R	-1	1	8.7	ROT_town19_village1#4db3e0cd	ROT_town19_village1#4db3e0cd,ROT_town19_village1#a3b09870,ROT_town19_village1#2ac3a35a,ROT_town19_village1#516cb3a7	138.3	1.30	0.70	8610
710	ROT_town19_village1	Birkazosh	1532.29	286.12	49.1	16	5	road	ROT_town19_village1#28df6e44	R	1	1	12.9	ROT_town19_village1#516cb3a7	ROT_town19_village1#516cb3a7,ROT_town19_village1#4db3e0cd,ROT_town19_village1#a3b09870,ROT_town19_village1#2ac3a35a	-130.9	1.30	0.70	8608
711	ROT_town19_village1	Skaraq	1537.35	291.18	41.2	16	3	road	ROT_town19_village1#516cb3a7	R	1	1	7.3	-	ROT_town19_village1#28df6e44,ROT_town19_village1#4db3e0cd,ROT_town19_village1#a3b09870,ROT_town19_village1#2ac3a35a	-138.8	1.30	0.70	8541
712	ROT_town19_village1	Fiznak	1539.43	277.77	39.1	16	8	river	ROT_town19_village1#e859649c	R	-1	1	21.7	ROT_town19_village1#516cb3a7	ROT_town19_village1#516cb3a7,ROT_town19_village1#28df6e44,ROT_town19_village1#4db3e0cd,ROT_town19_village1#a3b09870	-140.9	1.30	0.70	8601
713	ROT_town19_village1	Lomos	1542.81	282.75	89.0	16	7	river	ROT_town19_village1#9cb5fa13	R	-1	1	16.1	ROT_town19_village1#2ac3a35a	ROT_town19_village1#2ac3a35a,ROT_town19_village1#4db3e0cd,ROT_town19_village1#a3b09870,ROT_town19_village1#516cb3a7	-91.0	1.30	0.70	8541
714	ROT_town19_village1	Heshzaqqa	1550.41	286.69	84.1	16	6	river	ROT_town19_village1#18b12a6f	R	1	1	14.2	-	ROT_town19_village1#4db3e0cd,ROT_town19_village1#a3b09870,ROT_town19_village1#2ac3a35a,ROT_town19_village1#516cb3a7	84.1	1.30	0.70	8737
715	ROT_town19_village1	Yunos	1545.31	291.05	73.1	16	2	river	ROT_town19_village1#2ac3a35a	R	-1	1	6.8	-	ROT_town19_village1#9cb5fa13,ROT_town19_village1#4db3e0cd,ROT_town19_village1#a3b09870,ROT_town19_village1#516cb3a7	-106.9	1.30	0.70	8599
716	ROT_town19_village1	Asaqqa	1548.78	300.90	52.5	16	1	river	ROT_town19_village1#a3b09870	R	-1	1	5.5	-	ROT_town19_village1#4db3e0cd,ROT_town19_village1#2ac3a35a,ROT_town19_village1#516cb3a7,ROT_town19_village1#585df117	-127.5	1.30	0.70	8540
717	ROT_town19_village2	Bir Holelos	1554.00	278.00	90.1	16	1	road	ROT_town19_village2#4950eb12	R	1	1	8.7	ROT_town19_village2#1f680220	ROT_town19_village2#1f680220,ROT_town19_village2#c5741ca4,ROT_town19_village2#66751bbd,ROT_town19_village2#c6e55cfb	90.1	1.30	0.70	8779
718	ROT_town19_village2	Asamerash	1536.30	257.76	49.1	16	5	road	ROT_town19_village2#a2637cec	R	1	1	20.5	ROT_town19_village2#66751bbd	ROT_town19_village2#66751bbd,ROT_town19_village2#785dfa06,ROT_town19_village2#1f680220,ROT_town19_village2#4950eb12	49.1	1.30	0.70	8735
719	ROT_town19_village2	Hozareen	1542.31	263.06	43.1	16	3	road	ROT_town19_village2#66751bbd	R	1	1	13.1	-	ROT_town19_village2#a2637cec,ROT_town19_village2#785dfa06,ROT_town19_village2#1f680220,ROT_town19_village2#4950eb12	43.1	1.30	0.70	8778
720	ROT_town19_village2	Daerazai	1546.55	268.72	42.7	16	2	road	ROT_town19_village2#c5741ca4	R	1	1	9.0	-	ROT_town19_village2#c6e55cfb,ROT_town19_village2#1f680220,ROT_town19_village2#4950eb12,ROT_town19_village2#66751bbd	42.7	1.30	0.70	8736
721	ROT_town19_village2	Hapor	1551.50	273.67	44.9	16	0	road	ROT_town19_village2#1f680220	R	1	1	5.1	-	ROT_town19_village2#4950eb12,ROT_town19_village2#c5741ca4,ROT_town19_village2#66751bbd,ROT_town19_village2#c6e55cfb	44.9	1.30	0.70	8779
722	ROT_town19_village2	Aburakloz	1533.80	265.01	37.8	16	6	river	ROT_town19_village2#785dfa06	R	1	1	20.9	ROT_town19_village2#66751bbd	ROT_town19_village2#66751bbd,ROT_town19_village2#a2637cec,ROT_town19_village2#1f680220,ROT_town19_village2#4950eb12	37.8	1.30	0.70	8778
723	ROT_town19_village2	Akisnar	1539.80	270.45	42.3	16	4	river	ROT_town19_village2#c6e55cfb	R	1	1	16.5	ROT_town19_village2#c5741ca4	ROT_town19_village2#c5741ca4,ROT_town19_village2#1f680220,ROT_town19_village2#4950eb12,ROT_town19_village2#66751bbd	42.3	1.30	0.70	8736
724	ROT_town19_village3	Zhakmoria	1553.20	305.35	41.8	16	1	river	ROT_town19_village3#ed1de40d	R	-1	1	7.7	ROT_town19_village3#f8f384cb	ROT_town19_village3#f8f384cb,ROT_town19_village3#a8654dbf,ROT_town19_village3#88b93734,ROT_town19_village3#5a8833ea	-138.2	1.30	0.70	8540
725	ROT_town19_village3	Ghantaza	1558.70	309.19	29.2	16	0	river	ROT_town19_village3#f8f384cb	R	-1	1	7.1	-	ROT_town19_village3#ed1de40d,ROT_town19_village3#a8654dbf,ROT_town19_village3#88b93734,ROT_town19_village3#5a8833ea	-150.8	1.30	0.70	8597
726	ROT_town19_village3	Rhaser	1579.96	311.40	158.5	16	5	river	ROT_town19_village3#d6dc5a7c	R	-1	1	27.1	ROT_town19_village3#5a8833ea	ROT_town19_village3#5a8833ea,ROT_town19_village3#88b93734,ROT_town19_village3#a8654dbf,ROT_town19_village3#f8f384cb	158.5	1.30	0.70	8594
727	ROT_town19_village3	Gaqaz	1575.16	313.42	164.0	16	4	river	ROT_town19_village3#5a8833ea	R	-1	1	22.2	ROT_town19_village3#88b93734	ROT_town19_village3#d6dc5a7c,ROT_town19_village3#88b93734,ROT_town19_village3#a8654dbf,ROT_town19_village3#f8f384cb	164.0	1.30	0.70	8594
728	ROT_town19_village3	Tolandaq	1562.05	313.57	31.5	16	2	river	ROT_town19_village3#a8654dbf	R	-1	1	9.1	-	ROT_town19_village3#88b93734,ROT_town19_village3#5a8833ea,ROT_town19_village3#f8f384cb,ROT_town19_village3#ed1de40d	-148.5	1.30	0.70	8539
729	ROT_town19_village3	Bir Gahaz	1567.16	313.93	13.4	16	3	river	ROT_town19_village3#88b93734	R	-1	1	14.1	ROT_town19_village3#a8654dbf	ROT_town19_village3#a8654dbf,ROT_town19_village3#5a8833ea,ROT_town19_village3#d6dc5a7c,ROT_town19_village3#f8f384cb	-166.6	1.30	0.70	8539
730	ROT_town1_village1	Whitebridge	577.14	912.63	55.5	27	4	bridge	ROT_town1_village1#9d489b1e	H	0	2	22.3	-	ROT_town1_village1#a3dc646b,ROT_town1_village1#fd93c9e3,ROT_town1_village1#a3df815a,ROT_town1_village1#169f6fee	55.5	1.30	0.70	1585
731	ROT_town1_village1	Boar's Cross	525.29	897.59	31.1	27	7	crossroad	ROT_town1_village1#0f4076d7	H	0	2	31.1	ROT_town1_village1#3d8c4860	ROT_town1_village1#3d8c4860,ROT_town1_village1#fd93c9e3,ROT_town1_village1#a3df815a,ROT_town1_village1#169f6fee	-148.9	1.30	0.70	1411
732	ROT_town1_village1	Grey Cairn	538.04	897.14	1.0	16	5	road	ROT_town1_village1#3d8c4860	R	-1	1	25.1	-	ROT_town1_village1#0f4076d7,ROT_town1_village1#fd93c9e3,ROT_town1_village1#a3df815a,ROT_town1_village1#169f6fee	1.0	1.30	0.70	1411
733	ROT_town1_village1	Heatherden	552.07	902.92	10.0	16	3	road	ROT_town1_village1#dc9a66fa	R	1	1	18.4	-	ROT_town1_village1#fd93c9e3,ROT_town1_village1#a3df815a,ROT_town1_village1#169f6fee,ROT_town1_village1#9d489b1e	-170.0	1.30	0.70	1151
734	ROT_town1_village1	Drover's Barrow	565.07	904.54	41.2	16	2	road	ROT_town1_village1#169f6fee	R	-1	1	18.1	-	ROT_town1_village1#fd93c9e3,ROT_town1_village1#a3df815a,ROT_town1_village1#dc9a66fa,ROT_town1_village1#9d489b1e	41.2	1.30	0.70	6234
735	ROT_town1_village1	Widow's Rest	569.97	909.86	85.3	16	1	river	ROT_town1_village1#a3df815a	R	-1	1	14.9	-	ROT_town1_village1#fd93c9e3,ROT_town1_village1#169f6fee,ROT_town1_village1#dc9a66fa,ROT_town1_village1#9d489b1e	-94.7	1.30	0.70	1588
736	ROT_town1_village1	Stagpool	559.38	921.19	136.6	16	0	river	ROT_town1_village1#fd93c9e3	R	-1	1	12.7	-	ROT_town1_village1#a3df815a,ROT_town1_village1#169f6fee,ROT_town1_village1#dc9a66fa,ROT_town1_village1#9d489b1e	-43.4	1.30	0.70	530
737	ROT_town1_village1	Longwood	569.53	921.65	172.7	16	6	river	ROT_town1_village1#a3dc646b	R	1	1	27.5	ROT_town1_village1#9d489b1e	ROT_town1_village1#9d489b1e,ROT_town1_village1#fd93c9e3,ROT_town1_village1#a3df815a,ROT_town1_village1#169f6fee	172.7	1.30	0.70	9270
738	ROT_town1_village2	Bearbridge	568.80	994.00	130.7	27	3	bridge	ROT_town1_village2#022476b9	H	0	2	13.8	ROT_town1_village2#2657cb9f	ROT_town1_village2#2657cb9f,ROT_town1_village2#f3c726b8,ROT_town1_village2#4568db40,ROT_town1_village2#5ad935bc	-49.3	1.30	0.70	90
739	ROT_town1_village2	Greyton	575.85	953.72	107.3	16	4	river	ROT_town1_village2#5ad64861	R	-1	1	14.6	ROT_town1_village2#4568db40	ROT_town1_village2#4568db40,ROT_town1_village2#2657cb9f,ROT_town1_village2#5ad935bc,ROT_town1_village2#022476b9	-72.7	1.30	0.70	1241
740	ROT_town1_village2	Hunter's Mill	573.77	960.43	86.4	16	1	river	ROT_town1_village2#4568db40	R	-1	1	10.5	-	ROT_town1_village2#5ad64861,ROT_town1_village2#2657cb9f,ROT_town1_village2#5ad935bc,ROT_town1_village2#022476b9	-93.6	1.30	0.70	609
741	ROT_town1_village2	Sentineldale	575.91	966.22	78.9	16	2	river	ROT_town1_village2#5ad935bc	R	-1	1	11.6	-	ROT_town1_village2#2657cb9f,ROT_town1_village2#4568db40,ROT_town1_village2#022476b9,ROT_town1_village2#5ad64861	-101.1	1.30	0.70	609
742	ROT_town1_village2	Alderholt	578.12	976.32	86.4	16	6	river	ROT_town1_village2#9358b983	R	-1	1	16.4	-	ROT_town1_village2#2657cb9f,ROT_town1_village2#4568db40,ROT_town1_village2#5ad935bc,ROT_town1_village2#022476b9	-93.6	1.30	0.70	610
743	ROT_town1_village2	Longfold	577.54	982.85	112.9	16	5	river	ROT_town1_village2#9338c8df	R	-1	1	15.0	-	ROT_town1_village2#2657cb9f,ROT_town1_village2#4568db40,ROT_town1_village2#5ad935bc,ROT_town1_village2#022476b9	-67.1	1.30	0.70	88
744	ROT_town1_village2	Sheepwater	572.19	988.89	125.3	16	0	river	ROT_town1_village2#2657cb9f	R	-1	1	7.5	-	ROT_town1_village2#022476b9,ROT_town1_village2#4568db40,ROT_town1_village2#5ad935bc,ROT_town1_village2#5ad64861	-54.7	1.30	0.70	88
745	ROT_town1_village2	Reedwood	560.80	997.32	175.2	16	7	river	ROT_town1_village2#f3c726b8	R	-1	1	31.2	ROT_town1_village2#022476b9	ROT_town1_village2#022476b9,ROT_town1_village2#2657cb9f,ROT_town1_village2#4568db40,ROT_town1_village2#5ad935bc	-4.8	1.30	0.70	66
746	ROT_town1_village3	Hollowbridge	468.50	892.70	117.1	27	4	bridge	ROT_town1_village3#43c01c44	H	0	2	15.8	ROT_town1_village3#7e069f00	ROT_town1_village3#7e069f00,ROT_town1_village3#8c61160a,ROT_town1_village3#6bddd569,ROT_town1_village3#c59da7b9	117.1	1.30	0.70	1535
747	ROT_town1_village3	Crossham	491.50	887.92	2.0	27	0	crossroad	ROT_town1_village3#c59da7b9	H	0	2	3.3	-	ROT_town1_village3#6bddd569,ROT_town1_village3#8c61160a,ROT_town1_village3#7e069f00,ROT_town1_village3#43c01c44	-178.0	1.30	0.70	1807
748	ROT_town1_village3	Hunter's Wood	479.93	885.49	152.9	16	1	road	ROT_town1_village3#6bddd569	R	-1	1	9.6	ROT_town1_village3#c59da7b9	ROT_town1_village3#8c61160a,ROT_town1_village3#7e069f00,ROT_town1_village3#43c01c44,ROT_town1_village3#c59da7b9	-27.1	1.30	0.70	705
749	ROT_town1_village3	Ramcairn	478.12	891.92	161.4	16	2	road	ROT_town1_village3#8c61160a	R	1	1	10.9	ROT_town1_village3#6bddd569	ROT_town1_village3#6bddd569,ROT_town1_village3#7e069f00,ROT_town1_village3#43c01c44,ROT_town1_village3#c59da7b9	161.4	1.30	0.70	9274
750	ROT_town1_village3	Gorsefell	472.27	880.97	111.9	16	5	river	ROT_town1_village3#9382568c	R	1	1	17.8	ROT_town1_village3#6bddd569	ROT_town1_village3#6bddd569,ROT_town1_village3#8c61160a,ROT_town1_village3#7e069f00,ROT_town1_village3#43c01c44	111.9	1.30	0.70	1547
751	ROT_town1_village3	Little Weir	470.38	887.28	117.3	16	3	river	ROT_town1_village3#7e069f00	R	1	1	14.6	ROT_town1_village3#8c61160a	ROT_town1_village3#43c01c44,ROT_town1_village3#8c61160a,ROT_town1_village3#6bddd569,ROT_town1_village3#c59da7b9	117.3	1.30	0.70	9273
752	ROT_town21_village1	Charaq	1279.91	172.41	146.1	27	3	bridge	ROT_town21_village1#48b06f65	H	0	2	25.9	ROT_town21_village1#87c0f5f0	ROT_town21_village1#87c0f5f0,ROT_town21_village1#38ae09b1,ROT_town21_village1#7d4a0317,ROT_town21_village1#9e780202	146.1	1.30	0.70	8677
753	ROT_town21_village1	Heshza	1305.77	192.50	63.2	27	0	crossroad	ROT_town21_village1#a2d63542	H	0	2	4.6	-	ROT_town21_village1#38ae09b1,ROT_town21_village1#87c0f5f0,ROT_town21_village1#48b06f65,ROT_town21_village1#7d4a0317	-116.8	1.30	0.70	8657
754	ROT_town21_village1	Qantazza	1287.89	179.72	45.9	16	2	road	ROT_town21_village1#87c0f5f0	R	-1	1	18.2	ROT_town21_village1#38ae09b1	ROT_town21_village1#48b06f65,ROT_town21_village1#38ae09b1,ROT_town21_village1#7d4a0317,ROT_town21_village1#9e780202	-134.1	1.30	0.70	8678
755	ROT_town21_village1	Vehabal	1297.45	182.85	25.6	16	1	road	ROT_town21_village1#38ae09b1	R	-1	1	9.6	-	ROT_town21_village1#87c0f5f0,ROT_town21_village1#a2d63542,ROT_town21_village1#48b06f65,ROT_town21_village1#7d4a0317	-154.4	1.30	0.70	8658
756	ROT_town21_village1	Bhorazai	1272.68	179.73	160.5	16	5	river	ROT_town21_village1#9e780202	R	1	1	33.6	ROT_town21_village1#7d4a0317	ROT_town21_village1#7d4a0317,ROT_town21_village1#87c0f5f0,ROT_town21_village1#48b06f65,ROT_town21_village1#38ae09b1	160.5	1.30	0.70	2204
757	ROT_town21_village1	Yulazza	1278.50	180.50	65.8	8	4	field	ROT_town21_village1#7d4a0317	F	0	1	28.0	ROT_town21_village1#87c0f5f0	ROT_town21_village1#9e780202,ROT_town21_village1#87c0f5f0,ROT_town21_village1#48b06f65,ROT_town21_village1#38ae09b1	-114.2	1.30	0.70	8582
758	ROT_town21_village2	Khihlat	1323.50	212.03	85.4	16	4	road	ROT_town21_village2#a709848c	R	1	1	16.9	ROT_town21_village2#b190490f	ROT_town21_village2#b190490f,ROT_town21_village2#5d82fc7a,ROT_town21_village2#77ad6ba2,ROT_town21_village2#5d891cdb	-94.6	1.30	0.70	8709
759	ROT_town21_village2	Shibal Abuzdan	1328.43	216.67	98.8	16	3	road	ROT_town21_village2#b190490f	R	-1	1	16.5	ROT_town21_village2#5d82fc7a	ROT_town21_village2#a709848c,ROT_town21_village2#5d82fc7a,ROT_town21_village2#77ad6ba2,ROT_town21_village2#5d891cdb	98.8	1.30	0.70	8707
760	ROT_town21_village2	Olivehill	1320.78	218.62	127.6	16	2	road	ROT_town21_village2#5d82fc7a	R	1	1	13.9	ROT_town21_village2#77ad6ba2	ROT_town21_village2#b190490f,ROT_town21_village2#a709848c,ROT_town21_village2#77ad6ba2,ROT_town21_village2#5d891cdb	-52.4	1.30	0.70	8707
761	ROT_town21_village2	Daesmil	1318.00	228.03	92.1	16	1	road	ROT_town21_village2#77ad6ba2	R	1	1	6.7	ROT_town21_village2#5d891cdb	ROT_town21_village2#5d891cdb,ROT_town21_village2#5d82fc7a,ROT_town21_village2#b190490f,ROT_town21_village2#a709848c	-87.9	1.30	0.70	8691
762	ROT_town21_village2	Shizhar	1321.43	233.99	105.2	16	0	road	ROT_town21_village2#5d891cdb	R	-1	1	5.4	-	ROT_town21_village2#77ad6ba2,ROT_town21_village2#5d82fc7a,ROT_town21_village2#b190490f,ROT_town21_village2#a709848c	105.2	1.30	0.70	8691
763	ROT_town21_village3	Bolaznys	1307.04	184.45	106.4	27	0	crossroad	ROT_town21_village3#4efc1878	H	0	2	8.5	-	ROT_town21_village3#e15dc282,ROT_town21_village3#82f6c032,ROT_town21_village3#a1c502be,ROT_town21_village3#9e481529	106.4	1.30	0.70	8658
764	ROT_town21_village3	Honkai	1283.00	161.97	87.6	16	6	road	ROT_town21_village3#6e0b55af	R	1	1	34.0	ROT_town21_village3#82f6c032	ROT_town21_village3#82f6c032,ROT_town21_village3#e15dc282,ROT_town21_village3#4efc1878,ROT_town21_village3#a1c502be	87.6	1.30	0.70	8685
765	ROT_town21_village3	Khymezosh	1288.67	174.25	56.7	16	4	road	ROT_town21_village3#82f6c032	R	1	1	22.3	ROT_town21_village3#e15dc282	ROT_town21_village3#e15dc282,ROT_town21_village3#6e0b55af,ROT_town21_village3#4efc1878,ROT_town21_village3#a1c502be	56.7	1.30	0.70	8679
766	ROT_town21_village3	Vemoznak	1294.59	177.49	3.8	16	3	road	ROT_town21_village3#e15dc282	R	1	1	13.8	ROT_town21_village3#4efc1878	ROT_town21_village3#4efc1878,ROT_town21_village3#82f6c032,ROT_town21_village3#6e0b55af,ROT_town21_village3#a1c502be	3.8	1.30	0.70	8679
767	ROT_town21_village3	Shibal Skazza	1311.02	167.63	99.6	16	2	coast	ROT_town21_village3#9e481529	R	1	1	10.7	-	ROT_town21_village3#4efc1878,ROT_town21_village3#a1c502be,ROT_town21_village3#e15dc282,ROT_town21_village3#82f6c032	99.6	1.30	0.70	8567
768	ROT_town21_village3	Namosa	1290.50	158.50	85.4	8	5	field	ROT_town21_village3#5e08e416	F	0	1	30.2	ROT_town21_village3#a1c502be	ROT_town21_village3#a1c502be,ROT_town21_village3#4efc1878,ROT_town21_village3#9e481529,ROT_town21_village3#e15dc282	85.4	1.30	0.70	8569
769	ROT_town21_village3	Qazdan	1300.50	170.50	133.5	8	1	field	ROT_town21_village3#a1c502be	F	0	1	9.8	-	ROT_town21_village3#4efc1878,ROT_town21_village3#5e08e416,ROT_town21_village3#9e481529,ROT_town21_village3#e15dc282	-46.5	1.30	0.70	8568
770	ROT_town22_village1	Windstack	227.08	588.05	120.9	16	0	road	ROT_town22_village1#2aad4c51	R	1	1	7.8	-	-	120.9	1.30	0.70	9006
771	ROT_town22_village2	Wrackshore	222.24	599.03	89.5	16	0	coast	ROT_town22_village2#7ce6ba55	R	1	1	8.4	-	-	89.5	1.30	0.70	8991
772	ROT_town23_village2	Frostfell	475.00	1033.47	160.5	27	0	bridge	ROT_town23_village2#18173d46	H	0	2	8.3	-	ROT_town23_village2#857cc5e6,ROT_town23_village2#31aa4640,ROT_town23_village2#e8439f08,ROT_town23_village2#a2ede3be	160.5	1.30	0.70	941
773	ROT_town23_village2	Maiden's Horn	455.85	1020.73	55.3	16	5	river	ROT_town23_village2#4e946fc4	R	-1	1	26.9	-	ROT_town23_village2#18173d46,ROT_town23_village2#857cc5e6,ROT_town23_village2#31aa4640,ROT_town23_village2#e8439f08	55.3	1.30	0.70	922
774	ROT_town23_village2	Winterden	505.18	1023.71	134.4	16	7	river	ROT_town23_village2#19fb6582	R	-1	1	42.1	-	ROT_town23_village2#18173d46,ROT_town23_village2#857cc5e6,ROT_town23_village2#31aa4640,ROT_town23_village2#e8439f08	-45.6	1.30	0.70	672
775	ROT_town23_village2	Long Fell	461.22	1025.09	42.8	16	4	river	ROT_town23_village2#a2ede3be	R	-1	1	22.3	-	ROT_town23_village2#18173d46,ROT_town23_village2#857cc5e6,ROT_town23_village2#31aa4640,ROT_town23_village2#e8439f08	42.8	1.30	0.70	908
776	ROT_town23_village2	Highdale	499.31	1027.59	158.1	16	6	river	ROT_town23_village2#454272c4	R	-1	1	37.7	ROT_town23_village2#e8439f08	ROT_town23_village2#e8439f08,ROT_town23_village2#18173d46,ROT_town23_village2#857cc5e6,ROT_town23_village2#31aa4640	-21.9	1.30	0.70	934
777	ROT_town23_village2	Flintbeck	489.12	1029.42	8.1	16	3	river	ROT_town23_village2#e8439f08	R	-1	1	21.3	-	ROT_town23_village2#454272c4,ROT_town23_village2#18173d46,ROT_town23_village2#857cc5e6,ROT_town23_village2#31aa4640	8.1	1.30	0.70	920
778	ROT_town23_village2	Ram's Croft	469.03	1033.90	171.7	16	2	river	ROT_town23_village2#31aa4640	R	1	1	15.2	ROT_town23_village2#18173d46	ROT_town23_village2#18173d46,ROT_town23_village2#857cc5e6,ROT_town23_village2#e8439f08,ROT_town23_village2#a2ede3be	171.7	1.30	0.70	977
779	ROT_town23_village2	Raven's Cairn	480.72	1033.90	9.7	16	1	river	ROT_town23_village2#857cc5e6	R	1	1	10.4	ROT_town23_village2#18173d46	ROT_town23_village2#18173d46,ROT_town23_village2#31aa4640,ROT_town23_village2#e8439f08,ROT_town23_village2#a2ede3be	-170.3	1.30	0.70	899
780	ROT_town23_village3	Broken Stones	558.56	1012.19	140.0	16	1	road	ROT_town23_village3#f86c0739	R	-1	1	10.4	-	ROT_town23_village3#123c982c,ROT_town23_village3#a1087bb8,ROT_town23_village3#4921df4d,ROT_town23_village3#115e012a	140.0	1.30	0.70	645
781	ROT_town23_village3	Misthowe	551.01	1017.18	136.8	16	0	road	ROT_town23_village3#115e012a	R	-1	1	8.3	-	ROT_town23_village3#f86c0739,ROT_town23_village3#115ad856,ROT_town23_village3#123c982c,ROT_town23_village3#a1087bb8	136.8	1.30	0.70	647
782	ROT_town23_village3	Cold Weir	551.06	1004.20	172.5	16	2	river	ROT_town23_village3#115ad856	R	1	1	11.5	-	ROT_town23_village3#115e012a,ROT_town23_village3#f86c0739,ROT_town23_village3#123c982c,ROT_town23_village3#a1087bb8	172.5	1.30	0.70	634
783	ROT_town23_village3	Alderwater	557.02	1004.43	175.0	16	4	river	ROT_town23_village3#a1087bb8	R	1	1	14.2	ROT_town23_village3#f86c0739	ROT_town23_village3#f86c0739,ROT_town23_village3#123c982c,ROT_town23_village3#4921df4d,ROT_town23_village3#115e012a	175.0	1.30	0.70	634
784	ROT_town23_village3	Black Holt	564.63	1004.98	179.6	16	3	river	ROT_town23_village3#123c982c	R	1	1	13.1	ROT_town23_village3#f86c0739	ROT_town23_village3#f86c0739,ROT_town23_village3#a1087bb8,ROT_town23_village3#4921df4d,ROT_town23_village3#115e012a	179.6	1.30	0.70	664
785	ROT_town23_village3	Highcairn	572.50	1002.50	129.1	8	5	field	ROT_town23_village3#4921df4d	F	0	1	21.4	ROT_town23_village3#123c982c	ROT_town23_village3#123c982c,ROT_town23_village3#f86c0739,ROT_town23_village3#a1087bb8,ROT_town23_village3#115e012a	129.1	1.30	0.70	6086
786	ROT_town24_village1	Alderstone	681.34	973.44	60.6	16	0	lake	ROT_town24_village1#311e045d	R	1	1	34.6	-	-	-119.4	1.30	0.70	9188
787	ROT_town24_village2	Crofter's Bridge	594.67	921.92	55.4	27	4	bridge	ROT_town24_village2#2710768a	H	0	2	21.8	ROT_town24_village2#6caf416f	ROT_town24_village2#9068b19a,ROT_town24_village2#6caf416f,ROT_town24_village2#de5d049f,ROT_town24_village2#9c1d484d	-124.6	1.30	0.70	1697
788	ROT_town24_village2	Old Pines	622.50	920.50	18.8	27	0	coast	ROT_town24_village2#de5d049f	H	0	2	5.9	-	ROT_town24_village2#6caf416f,ROT_town24_village2#130f3b64,ROT_town24_village2#ac5889d1,ROT_town24_village2#2710768a	-161.2	1.30	0.70	1641
789	ROT_town24_village2	Old Howe	626.07	932.10	77.4	16	3	road	ROT_town24_village2#130f3b64	R	-1	1	12.7	ROT_town24_village2#de5d049f	ROT_town24_village2#de5d049f,ROT_town24_village2#6caf416f,ROT_town24_village2#ac5889d1,ROT_town24_village2#2710768a	-102.6	1.30	0.70	1642
790	ROT_town24_village2	Longcairn	614.99	925.50	176.1	16	2	road	ROT_town24_village2#6caf416f	R	-1	1	11.0	ROT_town24_village2#de5d049f	ROT_town24_village2#de5d049f,ROT_town24_village2#2710768a,ROT_town24_village2#130f3b64,ROT_town24_village2#aaa53031	176.1	1.30	0.70	1629
791	ROT_town24_village2	Bear's Strand	594.42	915.77	108.1	16	6	river	ROT_town24_village2#9068b19a	R	-1	1	24.0	ROT_town24_village2#2710768a	ROT_town24_village2#2710768a,ROT_town24_village2#6caf416f,ROT_town24_village2#9c1d484d,ROT_town24_village2#de5d049f	-71.9	1.30	0.70	1697
792	ROT_town24_village2	Reedbarrow	598.89	930.09	116.9	16	5	river	ROT_town24_village2#aaa53031	R	1	1	23.9	ROT_town24_village2#6caf416f	ROT_town24_village2#6caf416f,ROT_town24_village2#de5d049f,ROT_town24_village2#2710768a,ROT_town24_village2#130f3b64	116.9	1.30	0.70	643
793	ROT_town24_village2	Greybeck	611.22	910.78	140.3	16	1	coast	ROT_town24_village2#ac5889d1	R	1	1	7.4	-	ROT_town24_village2#de5d049f,ROT_town24_village2#6caf416f,ROT_town24_village2#130f3b64,ROT_town24_village2#2710768a	140.3	1.30	0.70	1622
794	ROT_town24_village2	Herringwood	591.14	908.62	66.1	16	7	coast	ROT_town24_village2#9c1d484d	R	1	1	39.8	ROT_town24_village2#9068b19a	ROT_town24_village2#9068b19a,ROT_town24_village2#2710768a,ROT_town24_village2#6caf416f,ROT_town24_village2#de5d049f	-113.9	1.30	0.70	709
795	ROT_town24_village3	Longbrook	614.46	976.00	4.0	16	0	road	ROT_town24_village3#86651192	R	1	1	8.8	-	ROT_town24_village3#d0381c00,ROT_town24_village3#28c3967b,ROT_town24_village3#b9320a83,ROT_town24_village3#a033d7c6	4.0	1.30	0.70	1656
796	ROT_town24_village3	Widow's Wood	626.96	977.29	140.3	16	2	road	ROT_town24_village3#28c3967b	R	-1	1	14.7	ROT_town24_village3#d0381c00	ROT_town24_village3#d0381c00,ROT_town24_village3#86651192,ROT_town24_village3#b9320a83,ROT_town24_village3#a033d7c6	140.3	1.30	0.70	1660
797	ROT_town24_village3	Snowstone	618.96	980.00	2.6	16	1	road	ROT_town24_village3#d0381c00	R	-1	1	14.0	ROT_town24_village3#86651192	ROT_town24_village3#28c3967b,ROT_town24_village3#86651192,ROT_town24_village3#b9320a83,ROT_town24_village3#a033d7c6	-177.4	1.30	0.70	1656
798	ROT_town24_village3	Frostwick	584.16	971.08	74.8	16	3	river	ROT_town24_village3#b9320a83	R	1	1	27.7	-	ROT_town24_village3#86651192,ROT_town24_village3#d0381c00,ROT_town24_village3#28c3967b,ROT_town24_village3#a033d7c6	74.8	1.30	0.70	670
799	ROT_town24_village3	Pinedown	582.50	962.50	83.7	8	5	field	ROT_town24_village3#a05f5d8d	F	0	1	35.2	-	ROT_town24_village3#86651192,ROT_town24_village3#d0381c00,ROT_town24_village3#28c3967b,ROT_town24_village3#b9320a83	83.7	1.30	0.70	348
800	ROT_town24_village3	Trapper's Fell	581.50	992.50	92.5	8	4	field	ROT_town24_village3#a033d7c6	F	0	1	32.7	-	ROT_town24_village3#86651192,ROT_town24_village3#d0381c00,ROT_town24_village3#28c3967b,ROT_town24_village3#b9320a83	92.5	1.30	0.70	711
801	ROT_town25_village1	Golden Pearl Strand	747.10	19.48	31.3	16	0	road	ROT_town25_village1#6de8cace	R	-1	1	4.6	-	ROT_town25_village1#77284a0f	-148.7	1.30	0.70	12617
802	ROT_town25_village1	Long Leaf Shore	753.83	22.72	23.0	16	1	coast	ROT_town25_village1#77284a0f	R	1	1	8.2	ROT_town25_village1#6de8cace	ROT_town25_village1#6de8cace	23.0	1.30	0.70	12547
803	ROT_town26_village1	Taiwen	1512.50	615.50	157.9	27	0	coast	ROT_town26_village1#4cb36be9	H	0	2	37.8	-	ROT_town26_village1#d0af2f84,ROT_town26_village1#253db299	-22.1	1.30	0.70	7958
804	ROT_town26_village1	Pen Ji	1504.86	619.98	148.2	16	1	coast	ROT_town26_village1#d0af2f84	R	1	1	39.0	-	ROT_town26_village1#4cb36be9,ROT_town26_village1#253db299	-31.8	1.30	0.70	7942
805	ROT_town26_village1	Koshi	1498.45	623.88	149.8	16	2	coast	ROT_town26_village1#253db299	R	1	1	44.3	-	ROT_town26_village1#4cb36be9,ROT_town26_village1#d0af2f84	-30.2	1.30	0.70	7957
806	ROT_town26_village2	Ti Li	1483.92	567.50	0.1	16	0	road	ROT_town26_village2#ed98ed26	R	-1	1	19.3	-	ROT_town26_village2#ba0b9326,ROT_town26_village2#a02078e0,ROT_town26_village2#3b6788c9	0.1	1.30	0.70	8286
807	ROT_town26_village2	Jinpa	1474.24	571.54	170.2	16	1	road	ROT_town26_village2#ba0b9326	R	-1	1	23.2	-	ROT_town26_village2#a02078e0,ROT_town26_village2#3b6788c9,ROT_town26_village2#ed98ed26	-9.8	1.30	0.70	8355
808	ROT_town26_village2	Qishi	1465.23	576.50	176.9	16	2	road	ROT_town26_village2#a02078e0	R	1	1	26.5	ROT_town26_village2#ba0b9326	ROT_town26_village2#ba0b9326,ROT_town26_village2#3b6788c9,ROT_town26_village2#ed98ed26	176.9	1.30	0.70	8352
809	ROT_town26_village2	Taiyin	1453.84	579.50	176.6	16	3	road	ROT_town26_village2#3b6788c9	R	1	1	35.6	ROT_town26_village2#a02078e0	ROT_town26_village2#a02078e0,ROT_town26_village2#ba0b9326,ROT_town26_village2#ed98ed26	176.6	1.30	0.70	8318
810	ROT_town26_village3	Ru Lu	1508.60	561.83	159.3	16	0	road	ROT_town26_village3#20e1e51d	R	1	1	6.5	-	-	-20.7	1.30	0.70	8275
811	ROT_town27_village3	Long Cove	197.89	241.02	101.9	27	1	coast	ROT_town27_village3#ebea51e3	H	0	2	16.2	-	ROT_town27_village3#45720ed0,ROT_town27_village3#8bdb89d7,ROT_town27_village3#d079e352	101.9	1.30	0.70	16832
812	ROT_town27_village3	Briarton	206.60	243.20	6.9	16	0	road	ROT_town27_village3#45720ed0	R	-1	1	15.7	-	ROT_town27_village3#8bdb89d7,ROT_town27_village3#d079e352,ROT_town27_village3#ebea51e3	6.9	1.30	0.70	16832
813	ROT_town27_village3	Vinehaven	203.40	238.00	144.7	16	3	coast	ROT_town27_village3#d079e352	R	1	1	19.3	ROT_town27_village3#45720ed0	ROT_town27_village3#45720ed0,ROT_town27_village3#8bdb89d7,ROT_town27_village3#ebea51e3	144.7	1.30	0.70	16832
814	ROT_town27_village3	Honeyport	211.50	243.67	171.3	16	2	coast	ROT_town27_village3#8bdb89d7	R	1	1	18.1	ROT_town27_village3#45720ed0	ROT_town27_village3#45720ed0,ROT_town27_village3#d079e352,ROT_town27_village3#ebea51e3	-8.7	1.30	0.70	16832
815	ROT_town28_village1	Rookmill	542.92	243.20	107.3	16	1	river	ROT_town28_village1#ecbe4704	R	1	1	9.6	ROT_town28_village1#c42d648f	ROT_town28_village1#c42d648f	107.3	1.30	0.70	5077
816	ROT_town28_village1	Highwater	541.30	248.16	86.5	16	0	river	ROT_town28_village1#c42d648f	R	1	1	6.2	-	ROT_town28_village1#ecbe4704	86.5	1.30	0.70	5098
817	ROT_town28_village2	Coppercrag	557.50	215.92	177.7	27	0	crossroad	ROT_town28_village2#91dd817b	H	0	2	4.0	-	ROT_town28_village2#88bad809,ROT_town28_village2#420ad710	177.7	1.30	0.70	5105
818	ROT_town28_village2	Yewdown	550.17	213.69	169.1	16	2	road	ROT_town28_village2#88bad809	R	-1	1	7.9	ROT_town28_village2#91dd817b	ROT_town28_village2#91dd817b,ROT_town28_village2#420ad710	-10.9	1.30	0.70	5106
819	ROT_town28_village2	Buckwood	562.24	210.33	179.6	16	1	road	ROT_town28_village2#420ad710	R	-1	1	6.6	-	ROT_town28_village2#91dd817b,ROT_town28_village2#88bad809	-0.4	1.30	0.70	3255
820	ROT_town28_village3	Haybridge	529.76	219.23	73.6	27	0	bridge	ROT_town28_village3#ee78636f	H	0	2	7.7	-	ROT_town28_village3#24bbaae6,ROT_town28_village3#da618e92	-106.4	1.30	0.70	10205
821	ROT_town28_village3	Maiden's Furrow	532.81	227.54	86.7	16	1	road	ROT_town28_village3#24bbaae6	R	1	1	13.0	ROT_town28_village3#ee78636f	ROT_town28_village3#ee78636f,ROT_town28_village3#da618e92	86.7	1.30	0.70	5085
822	ROT_town28_village3	Stormhollow	516.58	203.58	26.5	16	2	coast	ROT_town28_village3#da618e92	R	1	1	14.7	-	ROT_town28_village3#ee78636f,ROT_town28_village3#24bbaae6	-153.5	1.30	0.70	3258
823	ROT_town29_village1	Redbrook	272.34	406.46	39.9	16	0	road	ROT_town29_village1#f774bc79	R	-1	1	9.7	-	-	-140.1	1.30	0.70	11806
824	ROT_town29_village2	Fair Mill	322.75	390.21	32.7	27	0	bridge	ROT_town29_village2#4c177943	H	0	2	10.9	-	ROT_town29_village2#4b8f4c73,ROT_town29_village2#f6f3a38a	-147.3	1.30	0.70	3329
825	ROT_town29_village2	Westcross	292.13	389.17	18.3	27	2	crossroad	ROT_town29_village2#f6f3a38a	H	0	2	13.7	ROT_town29_village2#4b8f4c73	ROT_town29_village2#4b8f4c73,ROT_town29_village2#4c177943	18.3	1.30	0.70	3233
826	ROT_town29_village2	Highstead	297.00	394.00	2.7	16	1	road	ROT_town29_village2#4b8f4c73	R	1	1	11.0	-	ROT_town29_village2#f6f3a38a,ROT_town29_village2#4c177943	-177.3	1.30	0.70	3334
827	ROT_town29_village3	Redley	284.50	342.77	149.9	27	2	bridge	ROT_town29_village3#9a5a1738	H	0	2	12.4	ROT_town29_village3#3e9a46f7	ROT_town29_village3#3e9a46f7,ROT_town29_village3#ac3708f3,ROT_town29_village3#689198ea,ROT_town29_village3#fc123701	-30.1	1.30	0.70	4932
828	ROT_town29_village3	Widow's Hollow	279.14	340.26	46.1	16	3	road	ROT_town29_village3#fc123701	R	-1	1	14.7	ROT_town29_village3#3e9a46f7	ROT_town29_village3#3e9a46f7,ROT_town29_village3#689198ea,ROT_town29_village3#9a5a1738,ROT_town29_village3#ac3708f3	-133.9	1.30	0.70	6042
829	ROT_town29_village3	Oakcross	276.04	348.61	163.7	16	0	road	ROT_town29_village3#3e9a46f7	R	-1	1	8.6	-	ROT_town29_village3#689198ea,ROT_town29_village3#9a5a1738,ROT_town29_village3#fc123701,ROT_town29_village3#ac3708f3	-16.3	1.30	0.70	11825
830	ROT_town29_village3	Pineley	270.28	353.19	138.5	16	1	road	ROT_town29_village3#689198ea	R	-1	1	12.4	ROT_town29_village3#3e9a46f7	ROT_town29_village3#3e9a46f7,ROT_town29_village3#9a5a1738,ROT_town29_village3#fc123701,ROT_town29_village3#ac3708f3	-41.5	1.30	0.70	11828
831	ROT_town29_village3	Ferryman's Barrow	289.70	337.71	69.7	16	4	river	ROT_town29_village3#ac3708f3	R	1	1	19.1	ROT_town29_village3#9a5a1738	ROT_town29_village3#9a5a1738,ROT_town29_village3#3e9a46f7,ROT_town29_village3#689198ea,ROT_town29_village3#fc123701	69.7	1.30	0.70	4815
832	ROT_town2_village2	Windbeck	334.14	943.99	135.3	16	0	road	ROT_town2_village2#fc0ccad7	R	-1	1	6.6	-	-	135.3	1.30	0.70	972
833	ROT_town2_village3	Cairnfield	351.52	996.85	77.4	16	0	road	ROT_town2_village3#4a054c30	R	-1	1	7.6	-	ROT_town2_village3#955eb58c,ROT_town2_village3#412945fd	-102.6	1.30	0.70	1948
834	ROT_town2_village3	Frostbeck	353.90	1002.15	46.3	16	1	road	ROT_town2_village3#955eb58c	R	-1	1	7.6	-	ROT_town2_village3#4a054c30,ROT_town2_village3#412945fd	-133.7	1.30	0.70	1948
835	ROT_town2_village3	Gullwick	346.92	1015.53	108.1	16	2	coast	ROT_town2_village3#412945fd	R	1	1	35.6	ROT_town2_village3#955eb58c	ROT_town2_village3#955eb58c,ROT_town2_village3#4a054c30	108.1	1.30	0.70	982
836	ROT_town30_village1	Little Sands	501.53	136.79	2.1	16	2	coast	ROT_town30_village1#b89f1d22	R	1	1	38.3	ROT_town30_village1#422e2473	ROT_town30_village1#422e2473,ROT_town30_village1#3bf71405	2.1	1.30	0.70	3927
837	ROT_town30_village1	Lemonrock	495.41	138.62	171.2	16	1	coast	ROT_town30_village1#422e2473	R	1	1	29.9	ROT_town30_village1#3bf71405	ROT_town30_village1#b89f1d22,ROT_town30_village1#3bf71405	-8.8	1.30	0.70	3814
838	ROT_town30_village1	Losar	487.95	139.63	169.6	16	0	coast	ROT_town30_village1#3bf71405	R	1	1	18.5	-	ROT_town30_village1#422e2473,ROT_town30_village1#b89f1d22	-10.4	1.30	0.70	3926
839	ROT_town30_village2	Skybridge	485.60	108.53	30.0	27	2	bridge	ROT_town30_village2#563efa8d	H	0	2	11.7	ROT_town30_village2#74866652	ROT_town30_village2#74866652,ROT_town30_village2#79ef3dd3,ROT_town30_village2#5641357d,ROT_town30_village2#79f25243	30.0	1.30	0.70	5496
840	ROT_town30_village2	Sunwell	481.02	117.51	140.5	16	0	road	ROT_town30_village2#74866652	R	1	1	10.0	-	ROT_town30_village2#5641357d,ROT_town30_village2#563efa8d,ROT_town30_village2#79ef3dd3,ROT_town30_village2#79f25243	140.5	1.30	0.70	4544
841	ROT_town30_village2	Figrock	491.49	107.07	172.2	16	3	road	ROT_town30_village2#79ef3dd3	R	1	1	13.9	ROT_town30_village2#563efa8d	ROT_town30_village2#563efa8d,ROT_town30_village2#74866652,ROT_town30_village2#5641357d,ROT_town30_village2#79f25243	-7.8	1.30	0.70	5497
842	ROT_town30_village2	Sarlyra	486.10	116.36	32.2	16	1	river	ROT_town30_village2#5641357d	R	1	1	11.6	ROT_town30_village2#74866652	ROT_town30_village2#74866652,ROT_town30_village2#79f25243,ROT_town30_village2#563efa8d,ROT_town30_village2#79ef3dd3	-147.8	1.30	0.70	4545
843	ROT_town30_village2	Rhoylon	490.95	118.43	178.4	16	4	river	ROT_town30_village2#79f25243	R	1	1	13.9	ROT_town30_village2#5641357d	ROT_town30_village2#5641357d,ROT_town30_village2#74866652,ROT_town30_village2#563efa8d,ROT_town30_village2#79ef3dd3	178.4	1.30	0.70	4545
844	ROT_town30_village3	Figdune	415.16	132.59	167.4	16	2	river	ROT_town30_village3#bb42485b	R	1	1	6.7	ROT_town30_village3#5855dd93	ROT_town30_village3#5855dd93,ROT_town30_village3#c715e2b4,ROT_town30_village3#04d6d42a,ROT_town30_village3#fc503a82	167.4	1.30	0.70	5867
845	ROT_town30_village3	Thornfall	420.26	132.88	15.1	16	0	river	ROT_town30_village3#5855dd93	R	1	1	4.1	-	ROT_town30_village3#bb42485b,ROT_town30_village3#c715e2b4,ROT_town30_village3#04d6d42a,ROT_town30_village3#fc503a82	-164.9	1.30	0.70	5516
846	ROT_town30_village3	Palefall	431.06	140.65	56.8	16	1	river	ROT_town30_village3#c715e2b4	R	1	1	5.5	-	ROT_town30_village3#04d6d42a,ROT_town30_village3#fc503a82,ROT_town30_village3#5855dd93,ROT_town30_village3#bb42485b	-123.2	1.30	0.70	5517
847	ROT_town30_village3	Fisher's Hollow	435.00	146.54	42.3	16	3	river	ROT_town30_village3#04d6d42a	R	1	1	7.2	ROT_town30_village3#c715e2b4	ROT_town30_village3#c715e2b4,ROT_town30_village3#fc503a82,ROT_town30_village3#5855dd93,ROT_town30_village3#bb42485b	-137.7	1.30	0.70	12337
848	ROT_town30_village3	Hawk's Wood	437.89	150.53	33.8	16	4	river	ROT_town30_village3#fc503a82	R	1	1	9.3	ROT_town30_village3#04d6d42a	ROT_town30_village3#04d6d42a,ROT_town30_village3#c715e2b4,ROT_town30_village3#5855dd93,ROT_town30_village3#bb42485b	-146.2	1.30	0.70	12337
849	ROT_town32_village1	Whitecross	475.68	478.67	57.2	27	3	crossroad	ROT_town32_village1#13098061	H	0	2	12.8	ROT_town32_village1#e712dd8c	ROT_town32_village1#e712dd8c,ROT_town32_village1#700060b5,ROT_town32_village1#fe12ced3	57.2	1.30	0.70	2978
850	ROT_town32_village1	Mummer's Rest	472.08	465.79	98.2	16	1	road	ROT_town32_village1#700060b5	R	-1	1	9.9	-	ROT_town32_village1#e712dd8c,ROT_town32_village1#fe12ced3,ROT_town32_village1#13098061	-81.8	1.30	0.70	2979
851	ROT_town32_village1	Hazelwold	476.60	469.47	99.6	16	2	road	ROT_town32_village1#fe12ced3	R	1	1	11.3	-	ROT_town32_village1#e712dd8c,ROT_town32_village1#700060b5,ROT_town32_village1#13098061	99.6	1.30	0.70	3095
852	ROT_town32_village1	Wendworth	470.80	474.70	102.0	16	0	road	ROT_town32_village1#e712dd8c	R	-1	1	7.5	-	ROT_town32_village1#13098061,ROT_town32_village1#700060b5,ROT_town32_village1#fe12ced3	-78.0	1.30	0.70	2928
853	ROT_town32_village2	Hazelhurst	431.29	499.41	151.4	27	4	crossroad	ROT_town32_village2#ceb5fd2f	H	0	2	14.9	ROT_town32_village2#b98894f8	ROT_town32_village2#b98894f8,ROT_town32_village2#d24897ce,ROT_town32_village2#8fa86fe4,ROT_town32_village2#d2488a36	-28.6	1.30	0.70	3533
854	ROT_town32_village2	Elmwick	434.50	479.50	91.1	16	1	road	ROT_town32_village2#d2488a36	R	1	1	8.0	-	ROT_town32_village2#b9857656,ROT_town32_village2#d24897ce,ROT_town32_village2#b98894f8,ROT_town32_village2#ceb5fd2f	91.1	1.30	0.70	3225
855	ROT_town32_village2	Acornley	429.50	483.50	86.2	16	2	road	ROT_town32_village2#b9857656	R	-1	1	10.9	ROT_town32_village2#d2488a36	ROT_town32_village2#d2488a36,ROT_town32_village2#d24897ce,ROT_town32_village2#b98894f8,ROT_town32_village2#ceb5fd2f	-93.8	1.30	0.70	3225
856	ROT_town32_village2	Crow's Hollow	434.50	487.50	91.3	16	0	road	ROT_town32_village2#d24897ce	R	1	1	7.1	-	ROT_town32_village2#b98894f8,ROT_town32_village2#ceb5fd2f,ROT_town32_village2#8fa86fe4,ROT_town32_village2#d2488a36	91.3	1.30	0.70	3533
857	ROT_town32_village2	Plumwood	430.50	491.00	92.1	16	3	road	ROT_town32_village2#b98894f8	R	-1	1	12.2	ROT_town32_village2#d24897ce	ROT_town32_village2#ceb5fd2f,ROT_town32_village2#d24897ce,ROT_town32_village2#8fa86fe4,ROT_town32_village2#d2488a36	-87.9	1.30	0.70	3533
858	ROT_town32_village2	Hermit's Rest	438.68	498.30	169.8	16	5	road	ROT_town32_village2#8fa86fe4	R	-1	1	15.0	ROT_town32_village2#d24897ce	ROT_town32_village2#d24897ce,ROT_town32_village2#b98894f8,ROT_town32_village2#ceb5fd2f,ROT_town32_village2#d2488a36	-10.2	1.30	0.70	3533
859	ROT_town32_village3	Ferryman's Mill	470.04	501.54	115.4	27	0	bridge	ROT_town32_village3#5fc5bca0	H	0	2	11.5	-	ROT_town32_village3#44024352,ROT_town32_village3#8aa16d2a,ROT_town32_village3#6e4143f4,ROT_town32_village3#9f526800	115.4	1.30	0.70	3022
860	ROT_town32_village3	Pedlar's Hollow	484.20	498.80	47.8	27	4	crossroad	ROT_town32_village3#9f526800	H	0	2	18.4	ROT_town32_village3#6e4143f4	ROT_town32_village3#6e4143f4,ROT_town32_village3#44024352,ROT_town32_village3#5fc5bca0,ROT_town32_village3#8aa16d2a	-132.2	1.30	0.70	2957
861	ROT_town32_village3	Oakwick	478.05	493.92	171.9	16	3	road	ROT_town32_village3#6e4143f4	R	-1	1	17.2	ROT_town32_village3#44024352	ROT_town32_village3#9f526800,ROT_town32_village3#44024352,ROT_town32_village3#5fc5bca0,ROT_town32_village3#8aa16d2a	-8.1	1.30	0.70	3023
862	ROT_town32_village3	Crone's Rest	472.64	495.02	173.8	16	1	road	ROT_town32_village3#44024352	R	-1	1	11.8	-	ROT_town32_village3#6e4143f4,ROT_town32_village3#9f526800,ROT_town32_village3#5fc5bca0,ROT_town32_village3#8aa16d2a	-6.2	1.30	0.70	3023
863	ROT_town32_village3	Briarstone	473.60	488.81	110.3	16	2	road	ROT_town32_village3#8aa16d2a	R	-1	1	12.1	-	ROT_town32_village3#5fc5bca0,ROT_town32_village3#44024352,ROT_town32_village3#6e4143f4,ROT_town32_village3#9f526800	110.3	1.30	0.70	3220
864	ROT_town33_village1	Brackenwick	308.35	605.18	48.7	16	8	road	ROT_town33_village1#2a57a349	R	1	1	15.6	ROT_town33_village1#98498245	ROT_town33_village1#62e5cc63,ROT_town33_village1#98498245,ROT_town33_village1#52b30537,ROT_town33_village1#2bc0dc65	-131.3	1.30	0.70	2356
865	ROT_town33_village1	Raven's Croft	325.04	607.50	179.5	16	0	road	ROT_town33_village1#52b30537	R	1	1	7.1	-	ROT_town33_village1#2bc0dc65,ROT_town33_village1#98498245,ROT_town33_village1#e556c357,ROT_town33_village1#e3f64fdd	179.5	1.30	0.70	2347
866	ROT_town33_village1	Knight's Folly	312.21	608.48	7.3	16	2	road	ROT_town33_village1#98498245	R	1	1	10.6	-	ROT_town33_village1#2a57a349,ROT_town33_village1#62e5cc63,ROT_town33_village1#52b30537,ROT_town33_village1#2bc0dc65	-172.7	1.30	0.70	2356
867	ROT_town33_village1	Squire's Barrow	339.50	615.44	86.1	16	10	road	ROT_town33_village1#85ed1940	R	-1	1	19.8	ROT_town33_village1#19d15e32	ROT_town33_village1#19d15e32,ROT_town33_village1#e3f64fdd,ROT_town33_village1#bafd402b,ROT_town33_village1#da76cdbf	86.1	1.30	0.70	2407
868	ROT_town33_village1	Mummer's Well	332.95	619.22	136.2	16	5	road	ROT_town33_village1#19d15e32	R	1	1	14.3	ROT_town33_village1#e3f64fdd	ROT_town33_village1#e3f64fdd,ROT_town33_village1#bafd402b,ROT_town33_village1#85ed1940,ROT_town33_village1#da76cdbf	-43.8	1.30	0.70	2407
869	ROT_town33_village1	Greenwick	338.28	620.26	131.4	16	12	road	ROT_town33_village1#da76cdbf	R	-1	1	20.5	ROT_town33_village1#19d15e32	ROT_town33_village1#19d15e32,ROT_town33_village1#e3f64fdd,ROT_town33_village1#bafd402b,ROT_town33_village1#85ed1940	131.4	1.30	0.70	2406
870	ROT_town33_village1	Low Oaks	329.77	622.41	135.4	16	4	road	ROT_town33_village1#e3f64fdd	R	1	1	12.3	-	ROT_town33_village1#19d15e32,ROT_town33_village1#bafd402b,ROT_town33_village1#85ed1940,ROT_town33_village1#da76cdbf	-44.6	1.30	0.70	2395
871	ROT_town33_village1	Wendhurst	331.84	626.50	108.3	16	7	road	ROT_town33_village1#bafd402b	R	-1	1	15.3	ROT_town33_village1#e3f64fdd	ROT_town33_village1#e3f64fdd,ROT_town33_village1#19d15e32,ROT_town33_village1#85ed1940,ROT_town33_village1#da76cdbf	108.3	1.30	0.70	2395
872	ROT_town33_village1	Acornstead	324.94	629.67	124.0	16	6	road	ROT_town33_village1#52a9e164	R	1	1	15.0	-	ROT_town33_village1#55c65366,ROT_town33_village1#52b30537,ROT_town33_village1#2bc0dc65,ROT_town33_village1#98498245	-56.0	1.30	0.70	2402
873	ROT_town33_village1	Old Wood	322.70	633.60	125.3	16	11	road	ROT_town33_village1#55c65366	R	1	1	20.0	ROT_town33_village1#52a9e164	ROT_town33_village1#52a9e164,ROT_town33_village1#52b30537,ROT_town33_village1#2bc0dc65,ROT_town33_village1#98498245	-54.7	1.30	0.70	2401
874	ROT_town33_village1	Red Hill	306.14	600.84	14.7	16	9	coast	ROT_town33_village1#62e5cc63	R	1	1	18.4	ROT_town33_village1#2a57a349	ROT_town33_village1#2a57a349,ROT_town33_village1#98498245,ROT_town33_village1#52b30537,ROT_town33_village1#2bc0dc65	-165.3	1.30	0.70	2344
875	ROT_town33_village1	Fisher's Cove	316.08	606.17	7.0	16	3	coast	ROT_town33_village1#e556c357	R	1	1	11.0	-	ROT_town33_village1#52b30537,ROT_town33_village1#2bc0dc65,ROT_town33_village1#98498245,ROT_town33_village1#e3f64fdd	-173.0	1.30	0.70	2356
876	ROT_town33_village1	Wheathaven	320.59	606.32	174.8	16	1	coast	ROT_town33_village1#2bc0dc65	R	1	1	9.6	-	ROT_town33_village1#52b30537,ROT_town33_village1#98498245,ROT_town33_village1#e556c357,ROT_town33_village1#e3f64fdd	174.8	1.30	0.70	2347
877	ROT_town33_village1	Harewood	301.47	618.67	49.8	16	13	coast	ROT_town33_village1#144193ff	R	1	1	24.2	-	ROT_town33_village1#52b30537,ROT_town33_village1#2bc0dc65,ROT_town33_village1#98498245,ROT_town33_village1#e556c357	49.8	1.30	0.70	2355
878	ROT_town33_village1	Lambknoll	304.12	625.34	97.8	16	14	coast	ROT_town33_village1#a07c1433	R	1	1	24.6	-	ROT_town33_village1#52b30537,ROT_town33_village1#2bc0dc65,ROT_town33_village1#98498245,ROT_town33_village1#e556c357	97.8	1.30	0.70	2346
879	ROT_town33_village2	Sow's Cross	366.50	615.50	47.0	27	7	crossroad	ROT_town33_village2#6d381984	H	0	2	16.3	ROT_town33_village2#389b97fe	ROT_town33_village2#389b97fe,ROT_town33_village2#5f8552ce,ROT_town33_village2#217b0693,ROT_town33_village2#102a52e2	47.0	1.30	0.70	3269
880	ROT_town33_village2	Blackton	358.23	606.50	58.9	27	0	crossroad	ROT_town33_village2#21fbc724	H	0	2	7.2	-	ROT_town33_village2#250cd8b0,ROT_town33_village2#217b0693,ROT_town33_village2#389b97fe,ROT_town33_village2#6d381984	58.9	1.30	0.70	2410
881	ROT_town33_village2	Little Meadow	351.71	607.51	33.7	16	3	road	ROT_town33_village2#250cd8b0	R	1	1	12.1	ROT_town33_village2#21fbc724	ROT_town33_village2#21fbc724,ROT_town33_village2#217b0693,ROT_town33_village2#389b97fe,ROT_town33_village2#6d381984	-146.3	1.30	0.70	2403
882	ROT_town33_village2	Lambtree	362.33	625.39	131.5	16	10	road	ROT_town33_village2#102a52e2	R	1	1	20.8	ROT_town33_village2#5f8552ce	ROT_town33_village2#5f8552ce,ROT_town33_village2#6d381984,ROT_town33_village2#389b97fe,ROT_town33_village2#217b0693	131.5	1.30	0.70	3232
883	ROT_town33_village2	Wheatfield	356.89	613.41	50.0	16	4	road	ROT_town33_village2#217b0693	R	-1	1	12.7	ROT_town33_village2#21fbc724	ROT_town33_village2#389b97fe,ROT_town33_village2#6d381984,ROT_town33_village2#5f8552ce,ROT_town33_village2#21fbc724	-130.0	1.30	0.70	2410
884	ROT_town33_village2	Pennystone	360.61	617.15	41.9	16	6	road	ROT_town33_village2#389b97fe	R	-1	1	15.5	ROT_town33_village2#217b0693	ROT_town33_village2#6d381984,ROT_town33_village2#5f8552ce,ROT_town33_village2#217b0693,ROT_town33_village2#102a52e2	-138.1	1.30	0.70	2411
885	ROT_town33_village2	Greyley	365.24	621.74	48.1	16	8	road	ROT_town33_village2#5f8552ce	R	1	1	18.1	ROT_town33_village2#6d381984	ROT_town33_village2#6d381984,ROT_town33_village2#389b97fe,ROT_town33_village2#102a52e2,ROT_town33_village2#217b0693	-131.9	1.30	0.70	3232
886	ROT_town33_village2	Hangman's Bend	387.09	587.99	103.7	16	11	river	ROT_town33_village2#9185cfdb	R	-1	1	24.2	-	ROT_town33_village2#21fbc724,ROT_town33_village2#21fbc3be,ROT_town33_village2#791f2f94,ROT_town33_village2#250cd8b0	-76.3	1.30	0.70	3731
887	ROT_town33_village2	Weirwater	382.06	608.99	135.6	16	9	river	ROT_town33_village2#a7192c5a	R	-1	1	20.3	-	ROT_town33_village2#21fbc724,ROT_town33_village2#21fbc3be,ROT_town33_village2#791f2f94,ROT_town33_village2#250cd8b0	-44.4	1.30	0.70	3604
888	ROT_town33_village2	Thatcher's Mill	375.60	617.59	117.0	16	12	river	ROT_town33_village2#cca02757	R	-1	1	24.7	-	ROT_town33_village2#21fbc724,ROT_town33_village2#21fbc3be,ROT_town33_village2#791f2f94,ROT_town33_village2#250cd8b0	-63.0	1.30	0.70	3236
889	ROT_town33_village2	Elmpool	375.80	585.64	137.2	16	5	river	ROT_town33_village2#c7706305	R	1	1	14.6	ROT_town33_village2#791f2f94	ROT_town33_village2#791f2f94,ROT_town33_village2#21fbc724,ROT_town33_village2#21fbc3be,ROT_town33_village2#250cd8b0	137.2	1.30	0.70	3231
890	ROT_town33_village2	Fletcher's Leap	372.39	588.77	135.5	16	2	river	ROT_town33_village2#791f2f94	R	1	1	10.2	-	ROT_town33_village2#c7706305,ROT_town33_village2#21fbc724,ROT_town33_village2#21fbc3be,ROT_town33_village2#250cd8b0	135.5	1.30	0.70	3924
891	ROT_town33_village2	Tanner's Furrow	358.50	599.50	131.4	8	1	field	ROT_town33_village2#21fbc3be	F	0	1	8.2	-	ROT_town33_village2#21fbc724,ROT_town33_village2#791f2f94,ROT_town33_village2#250cd8b0,ROT_town33_village2#217b0693	-48.6	1.30	0.70	2410
892	ROT_town33_village3	Greyworth	300.79	604.50	2.1	16	2	road	ROT_town33_village3#0f5c6b1b	R	1	1	9.9	ROT_town33_village3#86d6806c	ROT_town33_village3#86d6806c,ROT_town33_village3#a5f3cab3,ROT_town33_village3#782dd5b0,ROT_town33_village3#d1ca055b	-177.9	1.30	0.70	2344
893	ROT_town33_village3	Low Hythe	293.58	597.07	36.2	16	0	coast	ROT_town33_village3#a5f3cab3	R	1	1	4.5	-	ROT_town33_village3#86d6806c,ROT_town33_village3#0f5c6b1b,ROT_town33_village3#782dd5b0,ROT_town33_village3#d1ca055b	-143.8	1.30	0.70	2351
894	ROT_town33_village3	Saltholt	278.54	598.53	120.1	16	3	coast	ROT_town33_village3#782dd5b0	R	1	1	18.6	-	ROT_town33_village3#a5f3cab3,ROT_town33_village3#86d6806c,ROT_town33_village3#0f5c6b1b,ROT_town33_village3#d1ca055b	120.1	1.30	0.70	2343
895	ROT_town33_village3	Crow's Strand	297.46	599.38	171.1	16	1	coast	ROT_town33_village3#86d6806c	R	1	1	7.1	ROT_town33_village3#a5f3cab3	ROT_town33_village3#a5f3cab3,ROT_town33_village3#0f5c6b1b,ROT_town33_village3#782dd5b0,ROT_town33_village3#d1ca055b	171.1	1.30	0.70	2344
896	ROT_town33_village3	Gullwold	278.41	604.96	76.5	16	4	coast	ROT_town33_village3#d1ca055b	R	1	1	25.2	-	ROT_town33_village3#a5f3cab3,ROT_town33_village3#86d6806c,ROT_town33_village3#0f5c6b1b,ROT_town33_village3#782dd5b0	76.5	1.30	0.70	2351
897	ROT_town34_village1	Broken Strand	164.50	713.50	156.0	27	7	coast	ROT_town34_village1#7ef81547	H	0	2	24.6	ROT_town34_village1#44d3f296	ROT_town34_village1#44d3f296,ROT_town34_village1#3f5693e1,ROT_town34_village1#3faca15f,ROT_town34_village1#5d7e3077	-24.0	1.30	0.70	1320
898	ROT_town34_village1	Nether Fold	169.63	691.80	43.4	16	0	road	ROT_town34_village1#3faca15f	R	1	1	5.3	-	ROT_town34_village1#3f5693e1,ROT_town34_village1#44d3f296,ROT_town34_village1#5d7e3077,ROT_town34_village1#3d900891	43.4	1.30	0.70	1323
899	ROT_town34_village1	Ramstone	172.89	697.06	44.8	16	1	road	ROT_town34_village1#3f5693e1	R	1	1	8.0	ROT_town34_village1#3faca15f	ROT_town34_village1#3faca15f,ROT_town34_village1#44d3f296,ROT_town34_village1#7ef81547,ROT_town34_village1#5d7e3077	44.8	1.30	0.70	1324
900	ROT_town34_village1	Little Furrow	169.50	709.50	176.5	16	5	road	ROT_town34_village1#44d3f296	R	1	1	18.9	ROT_town34_village1#3f5693e1	ROT_town34_village1#7ef81547,ROT_town34_village1#3f5693e1,ROT_town34_village1#3faca15f,ROT_town34_village1#5d7e3077	-3.5	1.30	0.70	1320
901	ROT_town34_village1	Winterness	157.05	677.66	2.2	16	4	coast	ROT_town34_village1#2a1aa7a8	R	1	1	16.4	-	ROT_town34_village1#3faca15f,ROT_town34_village1#3f5693e1,ROT_town34_village1#5d7e3077,ROT_town34_village1#3d900891	-177.8	1.30	0.70	1317
902	ROT_town34_village1	Hollowstrand	146.59	677.76	179.7	16	8	coast	ROT_town34_village1#3a010b55	R	1	1	26.5	-	ROT_town34_village1#3faca15f,ROT_town34_village1#3f5693e1,ROT_town34_village1#5d7e3077,ROT_town34_village1#3d900891	179.7	1.30	0.70	1317
903	ROT_town34_village1	Smith's Horn	163.10	678.10	14.0	16	2	coast	ROT_town34_village1#5d7e3077	R	1	1	10.4	-	ROT_town34_village1#3faca15f,ROT_town34_village1#3f5693e1,ROT_town34_village1#3d900891,ROT_town34_village1#2a1aa7a8	-166.0	1.30	0.70	1280
904	ROT_town34_village1	Sealgarth	136.21	678.44	173.9	16	9	coast	ROT_town34_village1#5d0954d5	R	1	1	33.5	-	ROT_town34_village1#3faca15f,ROT_town34_village1#3f5693e1,ROT_town34_village1#5d7e3077,ROT_town34_village1#3d900891	173.9	1.30	0.70	1278
905	ROT_town34_village1	Saltbrook	169.12	678.47	6.4	16	3	coast	ROT_town34_village1#3d900891	R	1	1	13.1	-	ROT_town34_village1#3faca15f,ROT_town34_village1#3f5693e1,ROT_town34_village1#5d7e3077,ROT_town34_village1#2a1aa7a8	-173.6	1.30	0.70	1280
906	ROT_town34_village1	Crofter's Cove	174.74	680.19	179.8	16	6	coast	ROT_town34_village1#2dbd7bdb	R	1	1	19.7	-	ROT_town34_village1#3faca15f,ROT_town34_village1#3f5693e1,ROT_town34_village1#5d7e3077,ROT_town34_village1#3d900891	179.8	1.30	0.70	1326
907	ROT_town34_village2	Gorsestrand	120.50	705.50	19.7	27	3	coast	ROT_town34_village2#fd5db89d	H	0	2	18.3	ROT_town34_village2#19a7dc81	ROT_town34_village2#235aba08,ROT_town34_village2#19a7dc81,ROT_town34_village2#c1113beb,ROT_town34_village2#aa89f1f3	19.7	1.30	0.70	1309
908	ROT_town34_village2	Saltfold	147.53	720.24	156.1	27	2	coast	ROT_town34_village2#aa89f1f3	H	0	2	13.3	-	ROT_town34_village2#1792ad9b,ROT_town34_village2#19a7dc81,ROT_town34_village2#c1113beb,ROT_town34_village2#fd5db89d	-23.9	1.30	0.70	1308
909	ROT_town34_village2	Harecroft	116.00	701.59	52.2	16	6	coast	ROT_town34_village2#235aba08	R	1	1	24.1	ROT_town34_village2#fd5db89d	ROT_town34_village2#fd5db89d,ROT_town34_village2#19a7dc81,ROT_town34_village2#c1113beb,ROT_town34_village2#aa89f1f3	52.2	1.30	0.70	1309
910	ROT_town34_village2	Long Ness	126.84	712.05	52.5	16	0	coast	ROT_town34_village2#19a7dc81	R	1	1	8.2	-	ROT_town34_village2#fd5db89d,ROT_town34_village2#235aba08,ROT_town34_village2#c1113beb,ROT_town34_village2#aa89f1f3	52.5	1.30	0.70	1276
911	ROT_town34_village2	Deepshore	159.28	718.12	171.8	16	5	coast	ROT_town34_village2#1affe202	R	1	1	22.2	-	ROT_town34_village2#19a7dc81,ROT_town34_village2#c1113beb,ROT_town34_village2#aa89f1f3,ROT_town34_village2#fd5db89d	-8.2	1.30	0.70	1277
912	ROT_town34_village2	Rowancove	153.37	719.12	170.9	16	4	coast	ROT_town34_village2#1792ad9b	R	1	1	19.5	ROT_town34_village2#aa89f1f3	ROT_town34_village2#aa89f1f3,ROT_town34_village2#19a7dc81,ROT_town34_village2#c1113beb,ROT_town34_village2#fd5db89d	-9.1	1.30	0.70	1277
913	ROT_town34_village2	Grey Ness	140.54	724.83	143.1	16	1	coast	ROT_town34_village2#c1113beb	R	1	1	11.3	-	ROT_town34_village2#19a7dc81,ROT_town34_village2#aa89f1f3,ROT_town34_village2#fd5db89d,ROT_town34_village2#1792ad9b	-36.9	1.30	0.70	1306
914	ROT_town34_village3	Grey Barrow	218.00	712.50	178.9	16	2	road	ROT_town34_village3#1e6efbf5	R	-1	1	14.7	ROT_town34_village3#68aea889	ROT_town34_village3#68aea889,ROT_town34_village3#32458b33,ROT_town34_village3#11523b2f,ROT_town34_village3#220a4cd7	-1.1	1.30	0.70	1288
915	ROT_town34_village3	Oldbarrow	234.13	713.75	3.8	16	0	road	ROT_town34_village3#68aea889	R	-1	1	9.5	-	ROT_town34_village3#1e6efbf5,ROT_town34_village3#32458b33,ROT_town34_village3#11523b2f,ROT_town34_village3#220a4cd7	3.8	1.30	0.70	1291
916	ROT_town34_village3	Brambleton	246.26	715.28	29.3	16	1	road	ROT_town34_village3#32458b33	R	-1	1	14.1	-	ROT_town34_village3#68aea889,ROT_town34_village3#1e6efbf5,ROT_town34_village3#11523b2f,ROT_town34_village3#220a4cd7	29.3	1.30	0.70	1348
917	ROT_town34_village3	Brackenstead	253.73	728.85	44.2	16	3	road	ROT_town34_village3#11523b2f	R	1	1	16.7	-	ROT_town34_village3#220a4cd7,ROT_town34_village3#74813c30,ROT_town34_village3#68aea889,ROT_town34_village3#32458b33	-135.8	1.30	0.70	1352
918	ROT_town34_village3	Deepton	265.84	734.60	47.1	16	4	road	ROT_town34_village3#220a4cd7	R	-1	1	24.8	ROT_town34_village3#11523b2f	ROT_town34_village3#74813c30,ROT_town34_village3#11523b2f,ROT_town34_village3#68aea889,ROT_town34_village3#32458b33	47.1	1.30	0.70	1292
919	ROT_town34_village3	Gullden	248.96	740.68	12.9	16	6	coast	ROT_town34_village3#17ac7eaf	R	1	1	32.4	-	ROT_town34_village3#68aea889,ROT_town34_village3#32458b33,ROT_town34_village3#1e6efbf5,ROT_town34_village3#11523b2f	12.9	1.30	0.70	1351
920	ROT_town34_village3	Mosscove	233.99	742.65	174.2	16	7	coast	ROT_town34_village3#68a044a1	R	1	1	33.0	-	ROT_town34_village3#68aea889,ROT_town34_village3#32458b33,ROT_town34_village3#1e6efbf5,ROT_town34_village3#11523b2f	-5.8	1.30	0.70	1289
921	ROT_town34_village3	Crofter's Strand	259.88	743.24	15.9	16	5	coast	ROT_town34_village3#74813c30	R	1	1	31.2	ROT_town34_village3#220a4cd7	ROT_town34_village3#220a4cd7,ROT_town34_village3#11523b2f,ROT_town34_village3#68aea889,ROT_town34_village3#32458b33	15.9	1.30	0.70	1292
922	ROT_town34_village3	Birchwick	224.91	744.12	173.6	16	8	coast	ROT_town34_village3#eab59262	R	1	1	44.7	-	ROT_town34_village3#68aea889,ROT_town34_village3#32458b33,ROT_town34_village3#1e6efbf5,ROT_town34_village3#11523b2f	-6.4	1.30	0.70	1337
923	ROT_town35_village1	Port Daralosh	1543.57	135.80	154.9	16	0	coast	ROT_town35_village1#c0453eed	R	1	1	26.5	-	-	154.9	1.30	0.70	8864
924	ROT_town37_village1	Pyatsi	1468.80	131.05	61.1	16	0	coast	ROT_town37_village1#a3fd59fc	R	1	1	7.4	-	ROT_town37_village1#1f1a51eb	-118.9	1.30	0.70	8796
925	ROT_town37_village1	Yhossi	1451.50	117.50	149.9	8	1	field	ROT_town37_village1#1f1a51eb	F	0	1	10.6	-	ROT_town37_village1#a3fd59fc	-30.1	1.30	0.70	8801
926	ROT_town38_village3	Thokut	1474.90	685.46	71.6	16	0	coast	ROT_town38_village3#6f604c9c	R	1	1	36.2	-	-	-108.4	1.30	0.70	16625
927	ROT_town39_village1	Bugat	1439.53	647.76	17.7	27	0	coast	ROT_town39_village1#497a220e	H	0	2	14.9	-	ROT_town39_village1#12bddc3b	17.7	1.30	0.70	7934
928	ROT_town39_village1	Vovkuk	1431.70	643.93	12.7	16	1	coast	ROT_town39_village1#12bddc3b	R	1	1	15.1	-	ROT_town39_village1#497a220e	12.7	1.30	0.70	7959
929	ROT_town39_village2	Vorbok	1460.00	634.90	152.6	27	0	coast	ROT_town39_village2#3ff2f293	H	0	2	9.7	-	ROT_town39_village2#fc64064f	-27.4	1.30	0.70	7939
930	ROT_town39_village2	Qatthog	1483.71	627.72	176.2	16	1	coast	ROT_town39_village2#fc64064f	R	1	1	41.1	-	ROT_town39_village2#3ff2f293	-3.8	1.30	0.70	7955
931	ROT_town39_village3	Ibbishlug	1386.14	640.11	14.1	16	1	coast	ROT_town39_village3#354731bb	R	1	1	28.6	ROT_town39_village3#9245ebaf	ROT_town39_village3#9245ebaf	14.1	1.30	0.70	7931
932	ROT_town39_village3	Thorbok	1396.84	641.87	5.4	16	0	coast	ROT_town39_village3#9245ebaf	R	1	1	12.2	-	ROT_town39_village3#354731bb	5.4	1.30	0.70	7961
933	ROT_town3_village1	Low Orchard	386.25	623.50	92.4	27	9	crossroad	ROT_town3_village1#540af541	H	0	2	14.8	ROT_town3_village1#0c3a752f	ROT_town3_village1#0c3a752f,ROT_town3_village1#e111057a,ROT_town3_village1#9a281462,ROT_town3_village1#fc048542	-87.6	1.30	0.70	3416
934	ROT_town3_village1	Widow's Furrow	402.50	575.26	94.7	16	11	road	ROT_town3_village1#68b497b7	R	1	1	16.7	ROT_town3_village1#b702a920	ROT_town3_village1#b702a920,ROT_town3_village1#f1f3927c,ROT_town3_village1#be518806,ROT_town3_village1#68ae5dd9	-85.3	1.30	0.70	3673
935	ROT_town3_village1	Hollywick	406.50	581.09	121.0	16	10	road	ROT_town3_village1#b702a920	R	-1	1	14.9	ROT_town3_village1#f1f3927c	ROT_town3_village1#68b497b7,ROT_town3_village1#f1f3927c,ROT_town3_village1#be518806,ROT_town3_village1#68ae5dd9	121.0	1.30	0.70	3607
936	ROT_town3_village1	Swandale	399.20	581.74	122.3	16	8	road	ROT_town3_village1#f1f3927c	R	1	1	13.1	ROT_town3_village1#be518806	ROT_town3_village1#be518806,ROT_town3_village1#b702a920,ROT_town3_village1#68ae5dd9,ROT_town3_village1#68b497b7	-57.7	1.30	0.70	3596
937	ROT_town3_village1	Littleley	403.02	586.14	106.0	16	7	road	ROT_town3_village1#be518806	R	-1	1	12.4	ROT_town3_village1#68ae5dd9	ROT_town3_village1#f1f3927c,ROT_town3_village1#b702a920,ROT_town3_village1#68ae5dd9,ROT_town3_village1#68b497b7	106.0	1.30	0.70	3593
938	ROT_town3_village1	Hag's Hollow	402.06	591.08	108.5	16	3	road	ROT_town3_village1#68ae5dd9	R	-1	1	9.8	ROT_town3_village1#dc6aa60b	ROT_town3_village1#be518806,ROT_town3_village1#f1f3927c,ROT_town3_village1#dc6aa60b,ROT_town3_village1#b702a920	108.5	1.30	0.70	3595
939	ROT_town3_village1	Smith's Field	399.96	595.27	134.5	16	2	road	ROT_town3_village1#dc6aa60b	R	-1	1	6.0	ROT_town3_village1#bf5beb02	ROT_town3_village1#bf5beb02,ROT_town3_village1#68ae5dd9,ROT_town3_village1#be518806,ROT_town3_village1#f1f3927c	134.5	1.30	0.70	3595
940	ROT_town3_village1	Greenbank	394.50	596.28	93.3	16	0	road	ROT_town3_village1#bf5beb02	R	1	1	4.4	-	ROT_town3_village1#dc6aa60b,ROT_town3_village1#68ae5dd9,ROT_town3_village1#be518806,ROT_town3_village1#f1f3927c	-86.7	1.30	0.70	3511
941	ROT_town3_village1	Oxworth	396.75	609.98	132.5	16	1	road	ROT_town3_village1#b0f51688	R	-1	1	5.2	-	ROT_town3_village1#9a281462,ROT_town3_village1#e111057a,ROT_town3_village1#0c3a752f,ROT_town3_village1#540af541	132.5	1.30	0.70	3434
942	ROT_town3_village1	Nether Elms	388.11	615.69	113.6	16	5	road	ROT_town3_village1#e111057a	R	1	1	10.5	ROT_town3_village1#9a281462	ROT_town3_village1#9a281462,ROT_town3_village1#0c3a752f,ROT_town3_village1#540af541,ROT_town3_village1#b0f51688	-66.4	1.30	0.70	3417
943	ROT_town3_village1	Cooper's Rest	392.97	619.58	96.7	16	6	road	ROT_town3_village1#0c3a752f	R	-1	1	12.3	ROT_town3_village1#e111057a	ROT_town3_village1#e111057a,ROT_town3_village1#9a281462,ROT_town3_village1#540af541,ROT_town3_village1#fc048542	96.7	1.30	0.70	3434
944	ROT_town3_village1	Stoneyton	395.39	624.69	68.8	16	13	road	ROT_town3_village1#fc048542	R	1	1	16.9	ROT_town3_village1#0c3a752f	ROT_town3_village1#0c3a752f,ROT_town3_village1#e111057a,ROT_town3_village1#9a281462,ROT_town3_village1#540af541	68.8	1.30	0.70	1873
945	ROT_town3_village1	Clayfield	389.61	611.36	151.0	16	4	river	ROT_town3_village1#9a281462	R	1	1	10.0	ROT_town3_village1#b0f51688	ROT_town3_village1#e111057a,ROT_town3_village1#0c3a752f,ROT_town3_village1#b0f51688,ROT_town3_village1#540af541	151.0	1.30	0.70	3417
946	ROT_town3_village1	Ferrypool	382.93	617.06	122.3	16	12	river	ROT_town3_village1#563143f4	R	1	1	16.8	ROT_town3_village1#e111057a	ROT_town3_village1#e111057a,ROT_town3_village1#9a281462,ROT_town3_village1#0c3a752f,ROT_town3_village1#540af541	122.3	1.30	0.70	3417
947	ROT_town3_village2	Old Cross	386.44	637.56	104.6	27	9	crossroad	ROT_town3_village2#770e2549	H	0	2	19.8	ROT_town3_village2#1d7f13e5	ROT_town3_village2#1d7f13e5,ROT_town3_village2#49caedc8,ROT_town3_village2#294e30c0,ROT_town3_village2#abc67419	104.6	1.30	0.70	1873
948	ROT_town3_village2	Rookcross	396.50	645.92	3.4	27	2	crossroad	ROT_town3_village2#abc67419	H	0	2	12.9	ROT_town3_village2#294e30c0	ROT_town3_village2#294e30c0,ROT_town3_village2#898ec6e1,ROT_town3_village2#abc43e42,ROT_town3_village2#49caedc8	-176.6	1.30	0.70	1869
949	ROT_town3_village2	Long Hollow	407.40	636.90	165.0	16	0	road	ROT_town3_village2#2c95a9ea	R	-1	1	4.8	-	ROT_town3_village2#294e30c0,ROT_town3_village2#abc67419,ROT_town3_village2#49caedc8,ROT_town3_village2#5d8fe552	165.0	1.30	0.70	1872
950	ROT_town3_village2	Hartholt	402.08	640.82	151.9	16	1	road	ROT_town3_village2#294e30c0	R	-1	1	9.7	ROT_town3_village2#2c95a9ea	ROT_town3_village2#abc67419,ROT_town3_village2#49caedc8,ROT_town3_village2#2c95a9ea,ROT_town3_village2#5d8fe552	151.9	1.30	0.70	1852
951	ROT_town3_village2	Littleworth	392.68	639.71	12.2	16	3	road	ROT_town3_village2#49caedc8	R	-1	1	14.3	ROT_town3_village2#294e30c0	ROT_town3_village2#1d7f13e5,ROT_town3_village2#294e30c0,ROT_town3_village2#770e2549,ROT_town3_village2#abc67419	12.2	1.30	0.70	1871
952	ROT_town3_village2	Twin Wells	387.87	643.46	19.6	16	7	road	ROT_town3_village2#1d7f13e5	R	1	1	18.0	ROT_town3_village2#49caedc8	ROT_town3_village2#770e2549,ROT_town3_village2#49caedc8,ROT_town3_village2#294e30c0,ROT_town3_village2#abc67419	-160.4	1.30	0.70	1871
953	ROT_town3_village2	Old Furrow	391.97	631.80	75.3	16	4	road	ROT_town3_village2#5d8fe552	R	-1	1	16.6	ROT_town3_village2#294e30c0	ROT_town3_village2#294e30c0,ROT_town3_village2#abc67419,ROT_town3_village2#49caedc8,ROT_town3_village2#2c95a9ea	-104.7	1.30	0.70	1873
954	ROT_town3_village2	Black Furrow	403.00	650.50	86.6	16	5	road	ROT_town3_village2#898ec6e1	R	1	1	17.6	ROT_town3_village2#abc67419	ROT_town3_village2#abc43e42,ROT_town3_village2#890aff78,ROT_town3_village2#abc67419,ROT_town3_village2#294e30c0	86.6	1.30	0.70	1869
955	ROT_town3_village2	Beggar's Rest	396.48	653.77	142.1	16	8	road	ROT_town3_village2#abc43e42	R	1	1	18.8	ROT_town3_village2#898ec6e1	ROT_town3_village2#898ec6e1,ROT_town3_village2#890aff78,ROT_town3_village2#abc67419,ROT_town3_village2#294e30c0	-37.9	1.30	0.70	1844
956	ROT_town3_village2	Grey Hollow	399.79	658.49	110.1	16	11	road	ROT_town3_village2#890aff78	R	-1	1	21.2	ROT_town3_village2#abc43e42	ROT_town3_village2#abc43e42,ROT_town3_village2#898ec6e1,ROT_town3_village2#abc67419,ROT_town3_village2#294e30c0	110.1	1.30	0.70	1844
957	ROT_town3_village2	Twin Elms	414.08	650.62	29.5	16	6	road	ROT_town3_village2#ad3f203e	R	-1	1	17.6	-	ROT_town3_village2#90fbda08,ROT_town3_village2#ad4234ae,ROT_town3_village2#2c95a9ea,ROT_town3_village2#294e30c0	29.5	1.30	0.70	1870
958	ROT_town3_village2	Shepherd's Croft	407.59	651.00	1.2	16	10	road	ROT_town3_village2#928998cb	R	-1	1	19.9	ROT_town3_village2#2c95a9ea	ROT_town3_village2#2c95a9ea,ROT_town3_village2#294e30c0,ROT_town3_village2#abc67419,ROT_town3_village2#49caedc8	1.2	1.30	0.70	1870
959	ROT_town3_village2	Stoneyhaven	417.76	661.92	155.2	16	12	coast	ROT_town3_village2#90fbda08	R	1	1	27.6	ROT_town3_village2#ad3f203e	ROT_town3_village2#ad3f203e,ROT_town3_village2#ad4234ae,ROT_town3_village2#2c95a9ea,ROT_town3_village2#294e30c0	-24.8	1.30	0.70	2873
960	ROT_town3_village2	Maidenwick	413.65	663.75	154.6	16	13	coast	ROT_town3_village2#ad4234ae	R	1	1	30.4	ROT_town3_village2#ad3f203e	ROT_town3_village2#ad3f203e,ROT_town3_village2#90fbda08,ROT_town3_village2#2c95a9ea,ROT_town3_village2#294e30c0	-25.4	1.30	0.70	13778
961	ROT_town3_village3	Long Meadow	422.80	660.68	169.0	16	4	coast	ROT_town3_village3#01b7ee1c	R	1	1	13.0	ROT_town3_village3#c2fa5d39	ROT_town3_village3#c2fa5d39,ROT_town3_village3#85bbee72,ROT_town3_village3#5aaac760,ROT_town3_village3#c7c5bc10	-11.0	1.30	0.70	2877
962	ROT_town3_village3	Gullworth	427.91	660.93	23.8	16	3	coast	ROT_town3_village3#c2fa5d39	R	1	1	10.6	ROT_town3_village3#85bbee72	ROT_town3_village3#85bbee72,ROT_town3_village3#01b7ee1c,ROT_town3_village3#5aaac760,ROT_town3_village3#c7c5bc10	23.8	1.30	0.70	2861
963	ROT_town3_village3	Oathaven	433.77	662.95	26.0	16	1	coast	ROT_town3_village3#85bbee72	R	1	1	9.1	ROT_town3_village3#5aaac760	ROT_town3_village3#c2fa5d39,ROT_town3_village3#5aaac760,ROT_town3_village3#01b7ee1c,ROT_town3_village3#c7c5bc10	26.0	1.30	0.70	2868
964	ROT_town3_village3	Cooper's Horn	440.85	665.02	13.8	16	0	coast	ROT_town3_village3#5aaac760	R	1	1	6.7	-	ROT_town3_village3#85bbee72,ROT_town3_village3#c2fa5d39,ROT_town3_village3#01b7ee1c,ROT_town3_village3#c7c5bc10	13.8	1.30	0.70	2868
965	ROT_town3_village3	Stony Hythe	454.74	666.44	6.6	16	2	coast	ROT_town3_village3#c7c5bc10	R	1	1	10.2	-	ROT_town3_village3#5aaac760,ROT_town3_village3#85bbee72,ROT_town3_village3#c2fa5d39,ROT_town3_village3#01b7ee1c	6.6	1.30	0.70	2867
966	ROT_town40_village1	Dontak	1270.38	621.38	26.6	27	3	coast	ROT_town40_village1#581328c6	H	0	2	20.0	-	ROT_town40_village1#a434c58c,ROT_town40_village1#d734846e,ROT_town40_village1#ed327aab	26.6	1.30	0.70	7869
967	ROT_town40_village1	Wapak	1260.10	618.68	0.2	16	0	coast	ROT_town40_village1#a434c58c	R	1	1	6.1	-	ROT_town40_village1#d734846e,ROT_town40_village1#ed327aab,ROT_town40_village1#581328c6	0.2	1.30	0.70	8050
968	ROT_town40_village1	Norlia	1250.98	625.86	143.3	16	1	coast	ROT_town40_village1#d734846e	R	1	1	10.6	ROT_town40_village1#a434c58c	ROT_town40_village1#a434c58c,ROT_town40_village1#ed327aab,ROT_town40_village1#581328c6	-36.7	1.30	0.70	7080
969	ROT_town40_village1	Ibtuglia	1242.22	632.47	107.1	16	2	coast	ROT_town40_village1#ed327aab	R	1	1	15.8	ROT_town40_village1#d734846e	ROT_town40_village1#d734846e,ROT_town40_village1#a434c58c,ROT_town40_village1#581328c6	-72.9	1.30	0.70	8055
970	ROT_town40_village2	Bulvak	1302.55	580.00	1.0	16	1	road	ROT_town40_village2#0863c5e0	R	1	1	15.3	ROT_town40_village2#a1ed228c	ROT_town40_village2#a1ed228c,ROT_town40_village2#1e33e26f	1.0	1.30	0.70	8094
971	ROT_town40_village2	Ibtugmayl	1311.05	580.00	176.7	16	2	road	ROT_town40_village2#1e33e26f	R	1	1	19.8	ROT_town40_village2#0863c5e0	ROT_town40_village2#0863c5e0,ROT_town40_village2#a1ed228c	-3.3	1.30	0.70	8171
972	ROT_town40_village2	Ibtuggo	1293.65	581.11	139.6	16	0	road	ROT_town40_village2#a1ed228c	R	1	1	15.0	-	ROT_town40_village2#0863c5e0,ROT_town40_village2#1e33e26f	-40.4	1.30	0.70	8176
973	ROT_town40_village3	Norlug	1312.84	645.78	62.8	16	1	coast	ROT_town40_village3#5f3766db	R	1	1	26.9	-	ROT_town40_village3#1e228db4	62.8	1.30	0.70	8037
974	ROT_town40_village3	Gutthog	1332.19	656.86	9.9	16	0	coast	ROT_town40_village3#1e228db4	R	1	1	12.2	-	ROT_town40_village3#5f3766db	9.9	1.30	0.70	7877
975	ROT_town4_village2	Oxbrook	415.06	499.52	6.8	16	0	road	ROT_town4_village2#13d681e1	R	-1	1	8.9	-	-	6.8	1.30	0.70	3555
976	ROT_town4_village3	Reedbridge	459.46	504.04	25.1	27	1	bridge	ROT_town4_village3#3122637e	H	0	2	9.0	-	ROT_town4_village3#afbdeb6b,ROT_town4_village3#28bbbdb5,ROT_town4_village3#ac4b3dfd,ROT_town4_village3#fb13499c	-154.9	1.30	0.70	3021
977	ROT_town4_village3	Oxwood	436.04	503.54	121.7	27	2	crossroad	ROT_town4_village3#28bbbdb5	H	0	2	10.8	ROT_town4_village3#afbdeb6b	ROT_town4_village3#afbdeb6b,ROT_town4_village3#3122637e,ROT_town4_village3#ac4b3dfd,ROT_town4_village3#fb13499c	121.7	1.30	0.70	3533
978	ROT_town4_village3	Long Oaks	442.22	502.94	171.6	16	0	road	ROT_town4_village3#afbdeb6b	R	1	1	7.7	-	ROT_town4_village3#28bbbdb5,ROT_town4_village3#3122637e,ROT_town4_village3#ac4b3dfd,ROT_town4_village3#fb13499c	171.6	1.30	0.70	3533
979	ROT_town4_village3	Low Weir	444.33	510.36	136.3	16	3	river	ROT_town4_village3#ac4b3dfd	R	-1	1	12.6	-	ROT_town4_village3#fb13499c,ROT_town4_village3#afbdeb6b,ROT_town4_village3#3122637e,ROT_town4_village3#28bbbdb5	-43.7	1.30	0.70	3025
980	ROT_town4_village3	Otter's Wood	438.15	515.60	149.8	16	4	river	ROT_town4_village3#fb13499c	R	-1	1	25.9	ROT_town4_village3#ac4b3dfd	ROT_town4_village3#ac4b3dfd,ROT_town4_village3#afbdeb6b,ROT_town4_village3#3122637e,ROT_town4_village3#28bbbdb5	-30.2	1.30	0.70	2959
981	ROT_town5_village1	Gullby	677.31	519.14	37.5	16	0	coast	ROT_town5_village1#a827169d	R	1	1	10.9	-	-	37.5	1.30	0.70	5875
982	ROT_town5_village2	Little Hythe	675.06	503.09	18.7	16	0	coast	ROT_town5_village2#ea154e95	R	1	1	4.8	-	ROT_town5_village2#7afe566d	-161.3	1.30	0.70	12061
983	ROT_town5_village2	Marlinshore	663.78	509.17	39.7	16	1	coast	ROT_town5_village2#7afe566d	R	1	1	12.9	-	ROT_town5_village2#ea154e95	39.7	1.30	0.70	2947
984	ROT_town6_village1	Falcon's Hill	645.20	637.20	138.9	27	0	crossroad	ROT_town6_village1#3d15b226	H	0	2	4.3	-	ROT_town6_village1#5e84b866,ROT_town6_village1#589b40e6,ROT_town6_village1#8f8d4031,ROT_town6_village1#027babd3	-41.1	1.30	0.70	2647
985	ROT_town6_village1	Little Cove	637.09	638.11	41.6	16	2	road	ROT_town6_village1#5e84b866	R	1	1	9.8	ROT_town6_village1#3d15b226	ROT_town6_village1#3d15b226,ROT_town6_village1#589b40e6,ROT_town6_village1#8f8d4031,ROT_town6_village1#027babd3	-138.4	1.30	0.70	2546
986	ROT_town6_village1	Crofter's Oak	661.82	620.27	109.0	16	7	road	ROT_town6_village1#4af07829	R	-1	1	17.9	ROT_town6_village1#4aed5ea0	ROT_town6_village1#4aed5ea0,ROT_town6_village1#8f8d4031,ROT_town6_village1#589b40e6,ROT_town6_village1#3d15b226	-71.0	1.30	0.70	2486
987	ROT_town6_village1	Drover's Field	661.82	629.63	152.7	16	5	road	ROT_town6_village1#4aed5ea0	R	1	1	12.1	ROT_town6_village1#8f8d4031	ROT_town6_village1#8f8d4031,ROT_town6_village1#589b40e6,ROT_town6_village1#4af07829,ROT_town6_village1#3d15b226	152.7	1.30	0.70	2570
988	ROT_town6_village1	Coldstead	659.04	634.61	124.2	16	3	road	ROT_town6_village1#8f8d4031	R	1	1	11.0	ROT_town6_village1#589b40e6	ROT_town6_village1#4aed5ea0,ROT_town6_village1#589b40e6,ROT_town6_village1#4af07829,ROT_town6_village1#3d15b226	124.2	1.30	0.70	1103
989	ROT_town6_village1	Hawkbrook	653.77	640.02	140.0	16	1	road	ROT_town6_village1#589b40e6	R	1	1	7.1	-	ROT_town6_village1#8f8d4031,ROT_town6_village1#4aed5ea0,ROT_town6_village1#4af07829,ROT_town6_village1#3d15b226	140.0	1.30	0.70	2485
990	ROT_town6_village1	Maiden's Strand	657.19	648.45	9.2	16	4	coast	ROT_town6_village1#027babd3	R	1	1	12.0	-	ROT_town6_village1#00111bff,ROT_town6_village1#e908b61e,ROT_town6_village1#3d15b226,ROT_town6_village1#589b40e6	9.2	1.30	0.70	1082
991	ROT_town6_village1	Broken Cove	662.63	648.99	20.1	16	6	coast	ROT_town6_village1#00111bff	R	1	1	17.0	ROT_town6_village1#027babd3	ROT_town6_village1#027babd3,ROT_town6_village1#e908b61e,ROT_town6_village1#b8f2d782,ROT_town6_village1#3d15b226	20.1	1.30	0.70	1082
992	ROT_town6_village1	Crabdown	667.36	650.60	18.5	16	8	coast	ROT_town6_village1#e908b61e	R	1	1	26.1	ROT_town6_village1#00111bff	ROT_town6_village1#b8f2d782,ROT_town6_village1#00111bff,ROT_town6_village1#027babd3,ROT_town6_village1#3d15b226	18.5	1.30	0.70	2572
993	ROT_town6_village1	Goatstone	671.79	652.73	11.2	16	9	coast	ROT_town6_village1#b8f2d782	R	1	1	34.4	ROT_town6_village1#e908b61e	ROT_town6_village1#e908b61e,ROT_town6_village1#00111bff,ROT_town6_village1#027babd3,ROT_town6_village1#3d15b226	11.2	1.30	0.70	1098
994	ROT_town6_village2	Fisher's Wood	577.16	614.04	34.3	16	0	river	ROT_town6_village2#6e897a0c	R	-1	1	10.2	-	ROT_town6_village2#f28e53e2	34.3	1.30	0.70	2711
995	ROT_town6_village2	Hunter's Bend	567.50	615.50	19.9	8	1	field	ROT_town6_village2#f28e53e2	F	0	1	17.3	-	ROT_town6_village2#6e897a0c	-160.1	1.30	0.70	2488
996	ROT_town6_village3	Heatherfell	615.50	631.50	17.0	27	2	crossroad	ROT_town6_village3#f0a6684b	H	0	2	7.8	-	ROT_town6_village3#a14937a1,ROT_town6_village3#6f8b6030,ROT_town6_village3#8371a50b,ROT_town6_village3#2f6d6cfe	17.0	1.30	0.70	2519
997	ROT_town6_village3	Goatley	608.61	620.39	38.4	16	4	road	ROT_town6_village3#6f8b6030	R	1	1	13.9	ROT_town6_village3#a14937a1	ROT_town6_village3#a14937a1,ROT_town6_village3#f0a6684b,ROT_town6_village3#8371a50b,ROT_town6_village3#2f6d6cfe	38.4	1.30	0.70	2520
998	ROT_town6_village3	Highglen	620.24	626.00	176.0	16	0	road	ROT_town6_village3#8371a50b	R	1	1	5.8	-	ROT_town6_village3#2f6d6cfe,ROT_town6_village3#f0a6684b,ROT_town6_village3#a14937a1,ROT_town6_village3#6f8b6030	-4.0	1.30	0.70	2519
999	ROT_town6_village3	Oldfold	610.78	627.91	6.0	16	3	road	ROT_town6_village3#a14937a1	R	-1	1	9.6	ROT_town6_village3#f0a6684b	ROT_town6_village3#f0a6684b,ROT_town6_village3#6f8b6030,ROT_town6_village3#8371a50b,ROT_town6_village3#2f6d6cfe	-174.0	1.30	0.70	2664
1000	ROT_town6_village3	Stony Strand	629.03	636.60	3.9	16	1	coast	ROT_town6_village3#2f6d6cfe	R	1	1	7.4	-	ROT_town6_village3#8371a50b,ROT_town6_village3#f0a6684b,ROT_town6_village3#a14937a1,ROT_town6_village3#6f8b6030	3.9	1.30	0.70	2548
1001	ROT_town9_village1	Three Stones	281.40	125.53	72.0	16	1	river	ROT_town9_village1#894a7e1e	R	-1	1	11.8	ROT_town9_village1#b9847d4a	ROT_town9_village1#b9847d4a,ROT_town9_village1#cea0348d,ROT_town9_village1#b97c2a78,ROT_town9_village1#79e9cd7d	-108.0	1.30	0.70	2114
1002	ROT_town9_village1	Potter's Bend	290.63	129.22	14.6	16	0	river	ROT_town9_village1#b9847d4a	R	-1	1	4.5	-	ROT_town9_village1#894a7e1e,ROT_town9_village1#cea0348d,ROT_town9_village1#b97c2a78,ROT_town9_village1#79e9cd7d	-165.4	1.30	0.70	2115
1003	ROT_town9_village1	Vulturewell	298.37	146.64	65.5	16	2	river	ROT_town9_village1#cea0348d	R	-1	1	17.1	-	ROT_town9_village1#b97c2a78,ROT_town9_village1#79e9cd7d,ROT_town9_village1#b9847d4a,ROT_town9_village1#894a7e1e	-114.5	1.30	0.70	2136
1004	ROT_town9_village1	Yronfall	291.38	156.46	75.6	16	3	river	ROT_town9_village1#b97c2a78	R	-1	1	33.5	ROT_town9_village1#cea0348d	ROT_town9_village1#cea0348d,ROT_town9_village1#79e9cd7d,ROT_town9_village1#b9847d4a,ROT_town9_village1#894a7e1e	-104.4	1.30	0.70	4515
1005	ROT_town9_village1	Orangedune	295.19	159.67	174.1	16	4	river	ROT_town9_village1#79e9cd7d	R	-1	1	35.2	ROT_town9_village1#cea0348d	ROT_town9_village1#cea0348d,ROT_town9_village1#b97c2a78,ROT_town9_village1#b9847d4a,ROT_town9_village1#894a7e1e	-5.9	1.30	0.70	5296
1006	ROT_town9_village2	Obamera	306.31	130.63	30.1	16	1	road	ROT_town9_village2#11a32179	R	1	1	9.6	-	ROT_town9_village2#a0e5a0ad,ROT_town9_village2#c0f9cafd,ROT_town9_village2#fe500d26	30.1	1.30	0.70	2129
1007	ROT_town9_village2	Septon's Mill	280.64	102.82	21.6	16	3	river	ROT_town9_village2#fe500d26	R	1	1	15.4	ROT_town9_village2#c0f9cafd	ROT_town9_village2#c0f9cafd,ROT_town9_village2#a0e5a0ad,ROT_town9_village2#11a32179	21.6	1.30	0.70	4642
1008	ROT_town9_village2	Olivedune	287.86	106.55	31.8	16	2	river	ROT_town9_village2#c0f9cafd	R	1	1	10.7	ROT_town9_village2#a0e5a0ad	ROT_town9_village2#a0e5a0ad,ROT_town9_village2#fe500d26,ROT_town9_village2#11a32179	31.8	1.30	0.70	4644
1009	ROT_town9_village2	Palegrove	288.80	119.13	89.6	16	0	river	ROT_town9_village2#a0e5a0ad	R	1	1	9.1	-	ROT_town9_village2#c0f9cafd,ROT_town9_village2#fe500d26,ROT_town9_village2#11a32179	89.6	1.30	0.70	5272
1010	ROT_town9_village3	Smith's Bridge	274.40	89.72	62.9	27	0	bridge	ROT_town9_village3#6286ac38	H	0	2	12.5	-	ROT_town9_village3#fb2d9639,ROT_town9_village3#e95867bf,ROT_town9_village3#c6ca14fd	-117.1	1.30	0.70	5570
1011	ROT_town9_village3	Fisher's Mill	276.23	82.06	41.1	16	1	river	ROT_town9_village3#fb2d9639	R	1	1	14.2	-	ROT_town9_village3#6286ac38,ROT_town9_village3#e95867bf,ROT_town9_village3#c6ca14fd	41.1	1.30	0.70	3791
1012	ROT_town9_village3	Greenrock	278.66	97.57	115.1	16	3	river	ROT_town9_village3#c6ca14fd	R	1	1	19.7	-	ROT_town9_village3#6286ac38,ROT_town9_village3#fb2d9639,ROT_town9_village3#e95867bf	115.1	1.30	0.70	2098
1013	ROT_town9_village3	Saltsands	280.29	70.00	102.4	16	2	coast	ROT_town9_village3#e95867bf	R	1	1	16.2	-	ROT_town9_village3#6286ac38,ROT_town9_village3#fb2d9639,ROT_town9_village3#c6ca14fd	102.4	1.30	0.70	3866
1014	castle_village_A1_1	Hermit's Bridge	384.96	70.22	56.9	27	2	bridge	castle_village_A1_1#90104f5e	H	0	2	19.5	-	castle_village_A1_1#f6692558,castle_village_A1_1#6fbbdf08,castle_village_A1_1#5da0ee3f	56.9	1.30	0.70	4623
1015	castle_village_A1_1	Three Dunes	378.68	57.41	60.6	16	3	river	castle_village_A1_1#f6692558	R	1	1	44.1	castle_village_A1_1#90104f5e	castle_village_A1_1#90104f5e,castle_village_A1_1#6fbbdf08,castle_village_A1_1#5da0ee3f	60.6	1.30	0.70	4663
1016	castle_village_A1_1	Shadewater	377.60	68.11	54.1	16	1	river	castle_village_A1_1#5da0ee3f	R	-1	1	13.2	-	castle_village_A1_1#6fbbdf08,castle_village_A1_1#90104f5e,castle_village_A1_1#f6692558	-125.9	1.30	0.70	4669
1017	castle_village_A1_1	Qomerin	362.34	52.55	9.8	16	0	coast	castle_village_A1_1#6fbbdf08	R	1	1	13.1	-	castle_village_A1_1#5da0ee3f,castle_village_A1_1#90104f5e,castle_village_A1_1#f6692558	-170.2	1.30	0.70	3875
1018	castle_village_A1_2	Drole	388.50	82.50	109.2	27	0	coast	castle_village_A1_2#0b90e05d	H	0	2	22.1	-	castle_village_A1_2#c0ef2f36,castle_village_A1_2#1c01a6ec	109.2	1.30	0.70	5809
1019	castle_village_A1_2	Vulture's Strand	402.68	49.33	9.6	16	2	coast	castle_village_A1_2#1c01a6ec	R	1	1	40.3	-	castle_village_A1_2#0b90e05d,castle_village_A1_2#c0ef2f36	-170.4	1.30	0.70	3883
1020	castle_village_A1_2	Wylmera	418.18	50.15	174.1	16	1	coast	castle_village_A1_2#c0ef2f36	R	1	1	37.9	-	castle_village_A1_2#0b90e05d,castle_village_A1_2#1c01a6ec	174.1	1.30	0.70	3884
1021	castle_village_A2_1	Dhaenno	930.57	124.64	72.5	27	3	bridge	castle_village_A2_1#7db743a9	H	0	2	16.2	-	castle_village_A2_1#f9b592a7,castle_village_A2_1#18f2c879,castle_village_A2_1#fb045d87,castle_village_A2_1#77ad4e5d	72.5	1.30	0.70	6386
1022	castle_village_A2_1	Turtlecove	933.23	115.50	137.3	27	6	coast	castle_village_A2_1#6866e769	H	0	2	19.1	-	castle_village_A2_1#f9b592a7,castle_village_A2_1#18f2c879,castle_village_A2_1#fb045d87,castle_village_A2_1#7db743a9	137.3	1.30	0.70	6363
1023	castle_village_A2_1	Aquiqanoa	944.00	134.00	92.3	16	0	road	castle_village_A2_1#f9b592a7	R	-1	1	7.5	-	castle_village_A2_1#18f2c879,castle_village_A2_1#fb045d87,castle_village_A2_1#7db743a9,castle_village_A2_1#77ad4e5d	92.3	1.30	0.70	6391
1024	castle_village_A2_1	Oreaqar	943.38	140.19	109.7	16	1	road	castle_village_A2_1#18f2c879	R	-1	1	9.2	castle_village_A2_1#f9b592a7	castle_village_A2_1#f9b592a7,castle_village_A2_1#fb045d87,castle_village_A2_1#7db743a9,castle_village_A2_1#77ad4e5d	109.7	1.30	0.70	6427
1025	castle_village_A2_1	Aquino	939.76	144.60	131.7	16	2	road	castle_village_A2_1#fb045d87	R	-1	1	10.9	castle_village_A2_1#18f2c879	castle_village_A2_1#18f2c879,castle_village_A2_1#f9b592a7,castle_village_A2_1#7db743a9,castle_village_A2_1#77ad4e5d	131.7	1.30	0.70	6425
1026	castle_village_A2_1	Olivegrove	936.49	110.72	139.1	16	7	coast	castle_village_A2_1#9d0013b7	R	1	1	21.4	-	castle_village_A2_1#f9b592a7,castle_village_A2_1#18f2c879,castle_village_A2_1#fb045d87,castle_village_A2_1#7db743a9	139.1	1.30	0.70	6378
1027	castle_village_A2_1	Oreazmion	945.15	110.96	14.7	16	4	coast	castle_village_A2_1#77ad4e5d	R	1	1	18.4	-	castle_village_A2_1#f9b592a7,castle_village_A2_1#18f2c879,castle_village_A2_1#fb045d87,castle_village_A2_1#7db743a9	-165.3	1.30	0.70	4277
1028	castle_village_A2_1	Alnorro	950.54	112.04	13.9	16	5	coast	castle_village_A2_1#bcbf6c8d	R	1	1	18.6	-	castle_village_A2_1#f9b592a7,castle_village_A2_1#18f2c879,castle_village_A2_1#fb045d87,castle_village_A2_1#7db743a9	-166.1	1.30	0.70	4330
1029	castle_village_A2_1	Dossum	955.09	114.80	8.6	16	8	coast	castle_village_A2_1#8697ac8c	R	1	1	21.9	-	castle_village_A2_1#f9b592a7,castle_village_A2_1#18f2c879,castle_village_A2_1#fb045d87,castle_village_A2_1#7db743a9	-171.4	1.30	0.70	4330
1030	castle_village_A2_2	Hoblab	896.50	133.50	138.4	27	2	coast	castle_village_A2_2#5e5e3e8a	H	0	2	7.0	-	castle_village_A2_2#7ddd85b7,castle_village_A2_2#05d4b9cd,castle_village_A2_2#68cc294e,castle_village_A2_2#8851da64	138.4	1.30	0.70	4326
1031	castle_village_A2_2	Mussahel	905.96	137.86	131.1	16	3	road	castle_village_A2_2#8851da64	R	-1	1	7.5	-	castle_village_A2_2#05d4b9cd,castle_village_A2_2#68cc294e,castle_village_A2_2#5e5e3e8a,castle_village_A2_2#8265e256	131.1	1.30	0.70	4442
1032	castle_village_A2_2	Munehel	898.19	139.99	138.6	16	5	road	castle_village_A2_2#7ddd85b7	R	1	1	10.7	castle_village_A2_2#5e5e3e8a	castle_village_A2_2#5e5e3e8a,castle_village_A2_2#05d4b9cd,castle_village_A2_2#68cc294e,castle_village_A2_2#8851da64	-41.4	1.30	0.70	4264
1033	castle_village_A2_2	Lysquor	915.20	129.30	141.0	16	4	road	castle_village_A2_2#8265e256	R	-1	1	9.0	castle_village_A2_2#05d4b9cd	castle_village_A2_2#05d4b9cd,castle_village_A2_2#f4109116,castle_village_A2_2#05d19cde,castle_village_A2_2#68cc294e	141.0	1.30	0.70	4443
1034	castle_village_A2_2	Teqahel	921.98	137.94	62.6	16	7	road	castle_village_A2_2#f4109116	R	-1	1	20.8	castle_village_A2_2#8265e256	castle_village_A2_2#8265e256,castle_village_A2_2#05d4b9cd,castle_village_A2_2#05d19cde,castle_village_A2_2#68cc294e	-117.4	1.30	0.70	4443
1035	castle_village_A2_2	Zazmion	909.61	132.18	156.9	16	0	road	castle_village_A2_2#05d4b9cd	R	-1	1	4.5	-	castle_village_A2_2#8265e256,castle_village_A2_2#05d19cde,castle_village_A2_2#68cc294e,castle_village_A2_2#5e5e3e8a	156.9	1.30	0.70	4442
1036	castle_village_A2_2	Aquosrino	910.50	120.08	156.5	16	6	coast	castle_village_A2_2#05d19cde	R	1	1	13.1	castle_village_A2_2#05d4b9cd	castle_village_A2_2#05d4b9cd,castle_village_A2_2#8265e256,castle_village_A2_2#68cc294e,castle_village_A2_2#5e5e3e8a	156.5	1.30	0.70	4275
1037	castle_village_A2_2	Aquirio	903.12	124.40	132.2	16	1	coast	castle_village_A2_2#68cc294e	R	1	1	6.2	-	castle_village_A2_2#05d4b9cd,castle_village_A2_2#5e5e3e8a,castle_village_A2_2#8851da64,castle_village_A2_2#8265e256	132.2	1.30	0.70	4326
1038	castle_village_A3_1	Hawkdale	577.78	97.54	153.9	16	0	road	castle_village_A3_1#b2278450	R	-1	1	6.0	-	castle_village_A3_1#555652d1	153.9	1.30	0.70	5619
1039	castle_village_A3_1	Pale Dunes	590.92	95.91	132.5	16	1	road	castle_village_A3_1#555652d1	R	1	1	9.4	-	castle_village_A3_1#b2278450	132.5	1.30	0.70	5632
1040	castle_village_A3_2	Sandbridge	556.84	86.96	1.9	26	1	bridge	castle_village_A3_2#5b8924c6	H	0	2	5.7	-	castle_village_A3_2#07c0a415,castle_village_A3_2#454e45ff,castle_village_A3_2#c71d1120,castle_village_A3_2#41e3b4d0	1.9	1.30	0.70	4596
1041	castle_village_A3_2	Red Orchard	554.25	81.28	21.3	15	2	river	castle_village_A3_2#454e45ff	R	1	1	8.4	-	castle_village_A3_2#07c0a415,castle_village_A3_2#5b8924c6,castle_village_A3_2#c71d1120,castle_village_A3_2#41e3b4d0	-158.7	1.30	0.70	4296
1042	castle_village_A3_2	Rhoyza	547.45	82.66	147.3	15	0	river	castle_village_A3_2#07c0a415	R	1	1	5.1	-	castle_village_A3_2#5b8924c6,castle_village_A3_2#454e45ff,castle_village_A3_2#c71d1120,castle_village_A3_2#41e3b4d0	147.3	1.30	0.70	4593
1043	castle_village_A3_2	Volyran	525.60	90.42	158.2	15	5	river	castle_village_A3_2#d493adc2	R	-1	1	12.7	-	castle_village_A3_2#07c0a415,castle_village_A3_2#5b8924c6,castle_village_A3_2#454e45ff,castle_village_A3_2#c71d1120	-21.8	1.30	0.70	4293
1044	castle_village_A3_2	Gamerys	536.89	94.28	22.4	15	4	river	castle_village_A3_2#41e3b4d0	R	-1	1	11.6	-	castle_village_A3_2#07c0a415,castle_village_A3_2#5b8924c6,castle_village_A3_2#454e45ff,castle_village_A3_2#c71d1120	22.4	1.30	0.70	4294
1045	castle_village_A3_2	Vulturemill	544.68	95.06	138.9	15	3	river	castle_village_A3_2#c71d1120	R	-1	1	9.1	-	castle_village_A3_2#07c0a415,castle_village_A3_2#5b8924c6,castle_village_A3_2#454e45ff,castle_village_A3_2#41e3b4d0	-41.1	1.30	0.70	4294
1046	castle_village_A4_1	Goatfall	368.05	193.13	126.3	16	0	road	castle_village_A4_1#f53814e6	R	-1	1	11.7	-	-	126.3	1.30	0.70	2477
1047	castle_village_A4_2	Snakedune	382.89	133.29	177.9	16	0	road	castle_village_A4_2#bffce776	R	1	1	13.0	-	castle_village_A4_2#8c56317b,castle_village_A4_2#1f2b220c,castle_village_A4_2#8421eb41,castle_village_A4_2#e0e27811	177.9	1.30	0.70	4547
1048	castle_village_A4_2	Skywater	381.34	91.76	153.7	16	2	river	castle_village_A4_2#1f2b220c	R	1	1	67.2	-	castle_village_A4_2#bffce776,castle_village_A4_2#8c56317b,castle_village_A4_2#8421eb41,castle_village_A4_2#e0e27811	153.7	1.30	0.70	4628
1049	castle_village_A4_2	Dorella	375.60	97.05	122.6	16	3	river	castle_village_A4_2#8421eb41	R	1	1	72.2	-	castle_village_A4_2#bffce776,castle_village_A4_2#8c56317b,castle_village_A4_2#1f2b220c,castle_village_A4_2#e0e27811	122.6	1.30	0.70	5810
1050	castle_village_A4_2	Rhoyran	372.31	102.80	85.9	16	4	river	castle_village_A4_2#e0e27811	R	1	1	75.1	-	castle_village_A4_2#bffce776,castle_village_A4_2#8c56317b,castle_village_A4_2#1f2b220c,castle_village_A4_2#8421eb41	85.9	1.30	0.70	9988
1051	castle_village_A4_2	Salhohe	378.46	135.74	13.8	16	1	river	castle_village_A4_2#8c56317b	R	-1	1	17.6	castle_village_A4_2#bffce776	castle_village_A4_2#bffce776,castle_village_A4_2#1f2b220c,castle_village_A4_2#8421eb41,castle_village_A4_2#e0e27811	13.8	1.30	0.70	4659
1052	castle_village_A5_1	Huhrun	884.40	165.14	139.2	16	8	road	castle_village_A5_1#bf79fdbb	R	-1	1	18.9	castle_village_A5_1#611c53e9	castle_village_A5_1#611c53e9,castle_village_A5_1#01728646,castle_village_A5_1#ce5d11eb,castle_village_A5_1#f9ea4a0f	139.2	1.30	0.70	4231
1053	castle_village_A5_1	Tywas	910.00	170.00	2.4	16	0	road	castle_village_A5_1#ce5d11eb	R	-1	1	8.0	-	castle_village_A5_1#909c23db,castle_village_A5_1#f9ea4a0f,castle_village_A5_1#01728646,castle_village_A5_1#333ba862	2.4	1.30	0.70	4262
1054	castle_village_A5_1	Hurahloul	914.00	174.50	4.2	16	4	road	castle_village_A5_1#909c23db	R	1	1	10.9	castle_village_A5_1#ce5d11eb	castle_village_A5_1#ce5d11eb,castle_village_A5_1#f9ea4a0f,castle_village_A5_1#01728646,castle_village_A5_1#333ba862	-175.8	1.30	0.70	4262
1055	castle_village_A5_1	Wamahloul	886.00	171.50	176.0	16	6	road	castle_village_A5_1#611c53e9	R	-1	1	11.4	castle_village_A5_1#01728646	castle_village_A5_1#01728646,castle_village_A5_1#bf79fdbb,castle_village_A5_1#ce5d11eb,castle_village_A5_1#f9ea4a0f	-4.0	1.30	0.70	6402
1056	castle_village_A5_1	Nanorio	890.50	175.50	4.0	16	2	road	castle_village_A5_1#01728646	R	1	1	9.2	-	castle_village_A5_1#611c53e9,castle_village_A5_1#bf79fdbb,castle_village_A5_1#ce5d11eb,castle_village_A5_1#f9ea4a0f	-176.0	1.30	0.70	6403
1057	castle_village_A5_1	Huhloul	906.32	176.38	21.7	16	3	river	castle_village_A5_1#333ba862	R	1	1	9.3	-	castle_village_A5_1#ce76d7fc,castle_village_A5_1#ce5d11eb,castle_village_A5_1#f9ea4a0f,castle_village_A5_1#01728646	21.7	1.30	0.70	4262
1058	castle_village_A5_1	Hunonab	898.99	178.11	146.9	16	1	river	castle_village_A5_1#f9ea4a0f	R	1	1	8.9	-	castle_village_A5_1#028dc6b7,castle_village_A5_1#ce5d11eb,castle_village_A5_1#01728646,castle_village_A5_1#333ba862	-33.1	1.30	0.70	6376
1059	castle_village_A5_1	Tynanthos	894.16	179.82	152.1	16	5	river	castle_village_A5_1#028dc6b7	R	1	1	11.3	castle_village_A5_1#f9ea4a0f	castle_village_A5_1#f9ea4a0f,castle_village_A5_1#ce5d11eb,castle_village_A5_1#01728646,castle_village_A5_1#333ba862	-27.9	1.30	0.70	6376
1060	castle_village_A5_1	Hullahrun	910.09	180.01	57.4	16	7	river	castle_village_A5_1#ce76d7fc	R	1	1	15.0	castle_village_A5_1#333ba862	castle_village_A5_1#333ba862,castle_village_A5_1#ce5d11eb,castle_village_A5_1#f9ea4a0f,castle_village_A5_1#01728646	57.4	1.30	0.70	6397
1061	castle_village_A5_2	Tyssos	888.55	150.69	104.2	16	2	road	castle_village_A5_2#ae39cf02	R	1	1	9.3	-	castle_village_A5_2#6ffde22b,castle_village_A5_2#f14e7c15,castle_village_A5_2#78eaca23,castle_village_A5_2#46042ba1	-75.8	1.30	0.70	4250
1062	castle_village_A5_2	Hurio	886.17	157.01	138.9	16	8	road	castle_village_A5_2#8e32ccc5	R	1	1	15.4	castle_village_A5_2#6ffde22b	castle_village_A5_2#6ffde22b,castle_village_A5_2#46042ba1,castle_village_A5_2#f14e7c15,castle_village_A5_2#ae39cf02	-41.1	1.30	0.70	4249
1063	castle_village_A5_2	Jallawas	878.39	164.78	135.2	16	4	road	castle_village_A5_2#46042ba1	R	1	1	12.2	castle_village_A5_2#6ffde22b	castle_village_A5_2#6ffde22b,castle_village_A5_2#8e32ccc5,castle_village_A5_2#f14e7c15,castle_village_A5_2#ae39cf02	-44.8	1.30	0.70	4248
1064	castle_village_A5_2	Wheatgrove	876.03	158.24	102.9	16	0	road	castle_village_A5_2#6ffde22b	R	-1	1	8.6	-	castle_village_A5_2#46042ba1,castle_village_A5_2#8e32ccc5,castle_village_A5_2#f14e7c15,castle_village_A5_2#ae39cf02	-77.1	1.30	0.70	4247
1065	castle_village_A5_2	Larassos	885.73	136.56	164.7	16	6	coast	castle_village_A5_2#8e444f4f	R	1	1	13.7	-	castle_village_A5_2#6ffde22b,castle_village_A5_2#f14e7c15,castle_village_A5_2#ae39cf02,castle_village_A5_2#78eaca23	164.7	1.30	0.70	4211
1066	castle_village_A5_2	Huhario	890.67	137.11	153.2	16	7	coast	castle_village_A5_2#9d42855b	R	1	1	13.8	-	castle_village_A5_2#6ffde22b,castle_village_A5_2#f14e7c15,castle_village_A5_2#ae39cf02,castle_village_A5_2#78eaca23	153.2	1.30	0.70	4204
1067	castle_village_A5_2	Nallaras	879.77	138.94	155.8	16	3	coast	castle_village_A5_2#78eaca23	R	1	1	10.3	-	castle_village_A5_2#6ffde22b,castle_village_A5_2#f14e7c15,castle_village_A5_2#ae39cf02,castle_village_A5_2#46042ba1	155.8	1.30	0.70	4211
1068	castle_village_A5_2	Gullrock	874.91	142.15	149.8	16	1	coast	castle_village_A5_2#f14e7c15	R	1	1	8.9	-	castle_village_A5_2#864f7839,castle_village_A5_2#6ffde22b,castle_village_A5_2#ae39cf02,castle_village_A5_2#78eaca23	149.8	1.30	0.70	4203
1069	castle_village_A5_2	Pearlcove	870.13	143.41	150.5	16	5	coast	castle_village_A5_2#864f7839	R	1	1	12.8	castle_village_A5_2#f14e7c15	castle_village_A5_2#f14e7c15,castle_village_A5_2#6ffde22b,castle_village_A5_2#ae39cf02,castle_village_A5_2#78eaca23	150.5	1.30	0.70	4212
1070	castle_village_A6_1	Manzak	1393.09	240.91	43.3	27	2	crossroad	castle_village_A6_1#85401f21	H	0	2	10.7	castle_village_A6_1#11aec08e	castle_village_A6_1#11aec08e,castle_village_A6_1#e7ae8123,castle_village_A6_1#11aba39f,castle_village_A6_1#c3f8aeee	-136.7	1.30	0.70	8700
1071	castle_village_A6_1	Akileser	1389.72	235.12	11.0	16	4	road	castle_village_A6_1#e7ae8123	R	1	1	15.1	castle_village_A6_1#85401f21	castle_village_A6_1#85401f21,castle_village_A6_1#c3f8aeee,castle_village_A6_1#11aec08e,castle_village_A6_1#11aba39f	11.0	1.30	0.70	8700
1072	castle_village_A6_1	Karaqqa	1381.82	237.30	37.2	16	7	road	castle_village_A6_1#c3f8aeee	R	-1	1	19.5	castle_village_A6_1#e7ae8123	castle_village_A6_1#e7ae8123,castle_village_A6_1#85401f21,castle_village_A6_1#11aec08e,castle_village_A6_1#11aba39f	-142.8	1.30	0.70	8701
1073	castle_village_A6_1	Birlabal	1398.82	242.19	168.9	16	3	road	castle_village_A6_1#86c8cbf6	R	1	1	12.7	castle_village_A6_1#11aec08e	castle_village_A6_1#11aec08e,castle_village_A6_1#11aba39f,castle_village_A6_1#85401f21,castle_village_A6_1#e7ae8123	168.9	1.30	0.70	8699
1074	castle_village_A6_1	Asalezdar	1404.45	245.98	49.8	16	5	road	castle_village_A6_1#d795c7b5	R	1	1	17.2	castle_village_A6_1#11aba39f	castle_village_A6_1#11aba39f,castle_village_A6_1#11aec08e,castle_village_A6_1#85401f21,castle_village_A6_1#86c8cbf6	-130.2	1.30	0.70	8698
1075	castle_village_A6_1	Hamezza	1408.77	250.22	30.9	16	6	road	castle_village_A6_1#8dc61da5	R	1	1	19.1	-	castle_village_A6_1#11aba39f,castle_village_A6_1#11aec08e,castle_village_A6_1#85401f21,castle_village_A6_1#86c8cbf6	-149.1	1.30	0.70	8698
1076	castle_village_A6_1	Velat	1392.50	249.00	86.6	16	1	road	castle_village_A6_1#11aec08e	R	1	1	7.0	castle_village_A6_1#11aba39f	castle_village_A6_1#11aba39f,castle_village_A6_1#85401f21,castle_village_A6_1#86c8cbf6,castle_village_A6_1#e7ae8123	-93.4	1.30	0.70	8699
1077	castle_village_A6_1	Khyraqaz	1391.50	255.00	86.8	16	0	road	castle_village_A6_1#11aba39f	R	1	1	5.0	-	castle_village_A6_1#11aec08e,castle_village_A6_1#85401f21,castle_village_A6_1#86c8cbf6,castle_village_A6_1#e7ae8123	-93.2	1.30	0.70	8695
1078	castle_village_A6_2	Coralcove	1375.37	210.00	13.2	27	1	coast	castle_village_A6_2#6e58c680	H	0	2	8.2	-	castle_village_A6_2#d6264bac,castle_village_A6_2#ebbaffc4,castle_village_A6_2#850f3ac1,castle_village_A6_2#6e3c183a	-166.8	1.30	0.70	8651
1079	castle_village_A6_2	Merazza	1341.18	216.13	29.4	16	7	road	castle_village_A6_2#1b6f8145	R	1	1	25.0	castle_village_A6_2#d6264bac	castle_village_A6_2#d6264bac,castle_village_A6_2#ebbaffc4,castle_village_A6_2#850f3ac1,castle_village_A6_2#6e58c680	-150.6	1.30	0.70	8707
1080	castle_village_A6_2	Lontazdan	1372.54	223.68	20.3	16	3	road	castle_village_A6_2#850f3ac1	R	1	1	14.6	castle_village_A6_2#d6264bac	castle_village_A6_2#6e3c183a,castle_village_A6_2#e4a530d0,castle_village_A6_2#d6264bac,castle_village_A6_2#ebbaffc4	20.3	1.30	0.70	8703
1081	castle_village_A6_2	Karazdan	1378.04	226.10	29.5	16	4	road	castle_village_A6_2#6e3c183a	R	1	1	18.5	castle_village_A6_2#850f3ac1	castle_village_A6_2#e4a530d0,castle_village_A6_2#850f3ac1,castle_village_A6_2#d6264bac,castle_village_A6_2#ebbaffc4	29.5	1.30	0.70	8702
1082	castle_village_A6_2	Birraq	1381.69	230.12	33.0	16	5	road	castle_village_A6_2#e4a530d0	R	1	1	19.6	castle_village_A6_2#6e3c183a	castle_village_A6_2#6e3c183a,castle_village_A6_2#850f3ac1,castle_village_A6_2#d6264bac,castle_village_A6_2#ebbaffc4	33.0	1.30	0.70	8702
1083	castle_village_A6_2	Abumash	1368.66	212.61	104.3	16	0	road	castle_village_A6_2#d6264bac	R	1	1	4.0	-	castle_village_A6_2#ebbaffc4,castle_village_A6_2#850f3ac1,castle_village_A6_2#6e58c680,castle_village_A6_2#6e3c183a	104.3	1.30	0.70	8650
1084	castle_village_A6_2	Ghantabal	1346.36	206.13	42.6	16	8	coast	castle_village_A6_2#b3b989bd	R	1	1	27.5	castle_village_A6_2#d6264bac	castle_village_A6_2#d6264bac,castle_village_A6_2#ebbaffc4,castle_village_A6_2#850f3ac1,castle_village_A6_2#6e58c680	-137.4	1.30	0.70	8648
1085	castle_village_A6_2	Asalazza	1353.26	210.50	9.0	16	6	coast	castle_village_A6_2#98f0b0e0	R	1	1	21.1	castle_village_A6_2#d6264bac	castle_village_A6_2#d6264bac,castle_village_A6_2#ebbaffc4,castle_village_A6_2#850f3ac1,castle_village_A6_2#6e58c680	-171.0	1.30	0.70	8563
1086	castle_village_A6_2	Brickcove	1362.52	215.12	127.2	16	2	coast	castle_village_A6_2#ebbaffc4	R	1	1	8.6	castle_village_A6_2#d6264bac	castle_village_A6_2#d6264bac,castle_village_A6_2#850f3ac1,castle_village_A6_2#6e58c680,castle_village_A6_2#6e3c183a	127.2	1.30	0.70	8650
1087	castle_village_A7_1	Highmill	435.64	188.08	48.9	16	0	river	castle_village_A7_1#08710bd5	R	-1	1	7.2	-	castle_village_A7_1#2c1f37da,castle_village_A7_1#e5bcbe5f	48.9	1.30	0.70	5884
1088	castle_village_A7_1	Redgrove	443.06	192.50	11.2	16	1	river	castle_village_A7_1#2c1f37da	R	-1	1	13.1	castle_village_A7_1#08710bd5	castle_village_A7_1#e5bcbe5f,castle_village_A7_1#08710bd5	11.2	1.30	0.70	5545
1089	castle_village_A7_1	Goldtor	452.24	193.22	22.3	16	2	river	castle_village_A7_1#e5bcbe5f	R	-1	1	16.4	castle_village_A7_1#2c1f37da	castle_village_A7_1#2c1f37da,castle_village_A7_1#08710bd5	22.3	1.30	0.70	5882
1090	castle_village_A7_2	Blackbridge	443.88	153.11	58.0	27	2	bridge	castle_village_A7_2#be25f19d	H	0	2	12.6	castle_village_A7_2#898cd2e7	castle_village_A7_2#898cd2e7,castle_village_A7_2#725f75b9,castle_village_A7_2#e44d43ae,castle_village_A7_2#59794cde	-122.0	1.30	0.70	5628
1091	castle_village_A7_2	Sandwell	448.53	157.72	45.0	16	1	road	castle_village_A7_2#898cd2e7	R	1	1	11.2	-	castle_village_A7_2#be25f19d,castle_village_A7_2#725f75b9,castle_village_A7_2#e44d43ae,castle_village_A7_2#59794cde	45.0	1.30	0.70	5626
1092	castle_village_A7_2	Vorhoy	465.59	174.95	52.4	16	0	coast	castle_village_A7_2#725f75b9	R	1	1	10.9	-	castle_village_A7_2#898cd2e7,castle_village_A7_2#be25f19d,castle_village_A7_2#e44d43ae,castle_village_A7_2#59794cde	-127.6	1.30	0.70	5621
1093	castle_village_A7_2	Lonely Pass	469.71	179.39	42.9	16	3	coast	castle_village_A7_2#e44d43ae	R	1	1	14.3	-	castle_village_A7_2#725f75b9,castle_village_A7_2#898cd2e7,castle_village_A7_2#be25f19d,castle_village_A7_2#59794cde	-137.1	1.30	0.70	5539
1094	castle_village_A7_2	Goatwell	474.50	184.50	48.9	8	4	field	castle_village_A7_2#59794cde	F	0	1	19.1	-	castle_village_A7_2#725f75b9,castle_village_A7_2#898cd2e7,castle_village_A7_2#be25f19d,castle_village_A7_2#e44d43ae	48.9	1.30	0.70	5554
1095	castle_village_A8_1	Odravehul	979.75	244.50	86.5	25	8	crossroad	castle_village_A8_1#3575b997	H	0	2	19.7	castle_village_A8_1#dfff779f	castle_village_A8_1#dfff779f,castle_village_A8_1#357372c2,castle_village_A8_1#9455fd30,castle_village_A8_1#94316b5f	86.5	1.30	0.70	4409
1096	castle_village_A8_1	Ezbet Pahrul	1003.77	242.50	115.7	25	4	crossroad	castle_village_A8_1#b9e98cbf	H	0	2	11.4	castle_village_A8_1#4462cca6	castle_village_A8_1#4462cca6,castle_village_A8_1#6e231089,castle_village_A8_1#2f5a31e1,castle_village_A8_1#94316b5f	-64.3	1.30	0.70	4383
1097	castle_village_A8_1	Tolemsio	1008.50	239.21	149.9	14	5	road	castle_village_A8_1#6e231089	R	1	1	16.1	castle_village_A8_1#b9e98cbf	castle_village_A8_1#b9e98cbf,castle_village_A8_1#4462cca6,castle_village_A8_1#2f5a31e1,castle_village_A8_1#94316b5f	-30.1	1.30	0.70	4406
1098	castle_village_A8_1	Neptaros	1002.82	249.84	134.0	14	6	road	castle_village_A8_1#2f5a31e1	R	1	1	16.4	castle_village_A8_1#b9e98cbf	castle_village_A8_1#b9e98cbf,castle_village_A8_1#4462cca6,castle_village_A8_1#6e231089,castle_village_A8_1#94316b5f	134.0	1.30	0.70	4416
1099	castle_village_A8_1	Abghanqa	998.05	238.87	40.7	14	2	road	castle_village_A8_1#4462cca6	R	1	1	8.8	-	castle_village_A8_1#b9e98cbf,castle_village_A8_1#6e231089,castle_village_A8_1#2f5a31e1,castle_village_A8_1#94316b5f	-139.3	1.30	0.70	4383
1100	castle_village_A8_1	Kuveli	979.50	250.40	83.1	14	9	road	castle_village_A8_1#357372c2	R	1	1	24.6	castle_village_A8_1#3575b997	castle_village_A8_1#3575b997,castle_village_A8_1#dfff779f,castle_village_A8_1#9455fd30,castle_village_A8_1#94316b5f	83.1	1.30	0.70	4417
1101	castle_village_A8_1	Abrarina	974.77	240.13	16.1	14	7	road	castle_village_A8_1#dfff779f	R	-1	1	18.9	castle_village_A8_1#9455fd30	castle_village_A8_1#3575b997,castle_village_A8_1#357372c2,castle_village_A8_1#9455fd30,castle_village_A8_1#94316b5f	16.1	1.30	0.70	4381
1102	castle_village_A8_1	Kuntamsio	982.00	222.47	88.9	14	1	road	castle_village_A8_1#94317c5d	R	-1	1	7.6	-	castle_village_A8_1#94316b5f,castle_village_A8_1#4462cca6,castle_village_A8_1#9455fd30,castle_village_A8_1#b9e98cbf	88.9	1.30	0.70	4410
1103	castle_village_A8_1	Sarabo	981.96	227.92	102.3	14	0	road	castle_village_A8_1#94316b5f	R	-1	1	7.6	-	castle_village_A8_1#94317c5d,castle_village_A8_1#4462cca6,castle_village_A8_1#9455fd30,castle_village_A8_1#b9e98cbf	102.3	1.30	0.70	4410
1104	castle_village_A8_1	Santamnuh	981.00	234.97	92.7	14	3	road	castle_village_A8_1#9455fd30	R	-1	1	11.2	-	castle_village_A8_1#dfff779f,castle_village_A8_1#3575b997,castle_village_A8_1#357372c2,castle_village_A8_1#94316b5f	92.7	1.30	0.70	4409
1105	castle_village_A8_2	Neptobo	1026.62	243.91	66.3	16	2	river	castle_village_A8_2#439039e5	R	-1	1	7.7	castle_village_A8_2#5a60669f	castle_village_A8_2#5a60669f,castle_village_A8_2#c035d3d4,castle_village_A8_2#2830e9f9	-113.7	1.30	0.70	4406
1106	castle_village_A8_2	Neqabo	1029.41	247.96	49.1	16	0	river	castle_village_A8_2#5a60669f	R	-1	1	6.2	-	castle_village_A8_2#439039e5,castle_village_A8_2#c035d3d4,castle_village_A8_2#2830e9f9	-130.9	1.30	0.70	6523
1107	castle_village_A8_2	Pavesco	1035.79	255.68	49.2	16	1	river	castle_village_A8_2#c035d3d4	R	-1	1	7.2	-	castle_village_A8_2#5a60669f,castle_village_A8_2#439039e5,castle_village_A8_2#2830e9f9	-130.8	1.30	0.70	6523
1108	castle_village_A8_2	Ezbetro	1039.68	262.52	77.6	16	3	river	castle_village_A8_2#2830e9f9	R	-1	1	13.8	-	castle_village_A8_2#5a60669f,castle_village_A8_2#c035d3d4,castle_village_A8_2#439039e5	-102.4	1.30	0.70	6474
1109	castle_village_A9_1	Avara	1136.89	180.75	58.2	27	9	bridge	castle_village_A9_1#2cc39263	H	0	2	16.0	castle_village_A9_1#a1de2bba	castle_village_A9_1#a1de2bba,castle_village_A9_1#4c5aeecb,castle_village_A9_1#b0f0c5c6,castle_village_A9_1#246e44d6	-121.8	1.30	0.70	7324
1110	castle_village_A9_1	Waphos	1109.42	161.50	22.1	16	6	road	castle_village_A9_1#1abe8f05	R	1	1	11.6	castle_village_A9_1#ccc9bf94	castle_village_A9_1#ccc9bf94,castle_village_A9_1#b0f0c5c6,castle_village_A9_1#246e44d6,castle_village_A9_1#98661a42	-157.9	1.30	0.70	7379
1111	castle_village_A9_1	Alinosyr	1115.91	164.74	42.2	16	4	road	castle_village_A9_1#ccc9bf94	R	1	1	7.3	castle_village_A9_1#b0f0c5c6	castle_village_A9_1#b0f0c5c6,castle_village_A9_1#1abe8f05,castle_village_A9_1#246e44d6,castle_village_A9_1#98661a42	-137.8	1.30	0.70	7382
1112	castle_village_A9_1	Alinteka	1119.54	168.36	42.1	16	0	road	castle_village_A9_1#b0f0c5c6	R	1	1	4.6	-	castle_village_A9_1#246e44d6,castle_village_A9_1#ccc9bf94,castle_village_A9_1#1abe8f05,castle_village_A9_1#0492bfe1	-137.9	1.30	0.70	7386
1113	castle_village_A9_1	Nyerini	1112.70	148.56	28.1	16	10	river	castle_village_A9_1#98254c4d	R	1	1	20.3	castle_village_A9_1#ccc9bf94	castle_village_A9_1#ccc9bf94,castle_village_A9_1#b0f0c5c6,castle_village_A9_1#1abe8f05,castle_village_A9_1#246e44d6	-151.9	1.30	0.70	7329
1114	castle_village_A9_1	Alenilyps	1123.48	156.76	77.0	16	7	river	castle_village_A9_1#0492bfe1	R	-1	1	13.8	castle_village_A9_1#246e44d6	castle_village_A9_1#246e44d6,castle_village_A9_1#b0f0c5c6,castle_village_A9_1#ccc9bf94,castle_village_A9_1#1abe8f05	-103.0	1.30	0.70	7327
1115	castle_village_A9_1	Aliquo	1130.22	164.76	42.3	16	2	river	castle_village_A9_1#c026541c	R	-1	1	7.2	-	castle_village_A9_1#b0f0c5c6,castle_village_A9_1#246e44d6,castle_village_A9_1#4c5aeecb,castle_village_A9_1#ccc9bf94	-137.7	1.30	0.70	7326
1116	castle_village_A9_1	Theka	1132.00	170.93	73.7	16	3	river	castle_village_A9_1#4c5aeecb	R	-1	1	7.3	-	castle_village_A9_1#a1de2bba,castle_village_A9_1#2cc39263,castle_village_A9_1#b0f0c5c6,castle_village_A9_1#246e44d6	-106.3	1.30	0.70	6979
1117	castle_village_A9_1	Alercosion	1132.76	176.68	69.1	16	5	river	castle_village_A9_1#a1de2bba	R	-1	1	10.1	castle_village_A9_1#4c5aeecb	castle_village_A9_1#4c5aeecb,castle_village_A9_1#2cc39263,castle_village_A9_1#b0f0c5c6,castle_village_A9_1#246e44d6	-110.9	1.30	0.70	7325
1118	castle_village_A9_1	Ryorosyr	1117.50	153.50	16.6	8	8	field	castle_village_A9_1#98661a42	F	0	1	15.9	castle_village_A9_1#ccc9bf94	castle_village_A9_1#ccc9bf94,castle_village_A9_1#b0f0c5c6,castle_village_A9_1#1abe8f05,castle_village_A9_1#246e44d6	-163.4	1.30	0.70	7378
1119	castle_village_A9_1	Banohal	1123.50	163.50	46.9	8	1	field	castle_village_A9_1#246e44d6	F	0	1	6.3	castle_village_A9_1#b0f0c5c6	castle_village_A9_1#b0f0c5c6,castle_village_A9_1#ccc9bf94,castle_village_A9_1#0492bfe1,castle_village_A9_1#1abe8f05	46.9	1.30	0.70	7382
1120	castle_village_A9_2	Maenassos	1081.59	179.29	58.1	27	6	bridge	castle_village_A9_2#d8bc6158	H	0	2	25.1	-	castle_village_A9_2#b9a01a00,castle_village_A9_2#b9a347ed,castle_village_A9_2#5626ffa8,castle_village_A9_2#0e9ec2d0	58.1	1.30	0.70	7333
1121	castle_village_A9_2	Senadar	1106.50	168.00	87.4	16	1	road	castle_village_A9_2#b9a347ed	R	-1	1	8.7	castle_village_A9_2#b9a01a00	castle_village_A9_2#b9a01a00,castle_village_A9_2#562709da,castle_village_A9_2#5626ffa8,castle_village_A9_2#0e9ec2d0	87.4	1.30	0.70	7381
1122	castle_village_A9_2	Nyeristea	1106.50	174.50	88.2	16	0	road	castle_village_A9_2#b9a01a00	R	-1	1	5.6	-	castle_village_A9_2#b9a347ed,castle_village_A9_2#562709da,castle_village_A9_2#5626ffa8,castle_village_A9_2#0e9ec2d0	88.2	1.30	0.70	7387
1123	castle_village_A9_2	Vovea	1078.34	186.40	57.7	16	7	road	castle_village_A9_2#bd99bdd3	R	-1	1	27.8	-	castle_village_A9_2#b9a01a00,castle_village_A9_2#b9a347ed,castle_village_A9_2#5626ffa8,castle_village_A9_2#0e9ec2d0	-122.3	1.30	0.70	7332
1124	castle_village_A9_2	Aleni Wanosyr	1091.42	159.70	95.9	16	5	river	castle_village_A9_2#562709da	R	1	1	23.6	castle_village_A9_2#b9a347ed	castle_village_A9_2#b9a347ed,castle_village_A9_2#b9a01a00,castle_village_A9_2#5626ffa8,castle_village_A9_2#0e9ec2d0	95.9	1.30	0.70	7331
1125	castle_village_A9_2	Telysyr	1090.72	165.85	99.4	16	2	river	castle_village_A9_2#5626ffa8	R	1	1	21.4	-	castle_village_A9_2#b9a01a00,castle_village_A9_2#b9a347ed,castle_village_A9_2#0e9ec2d0,castle_village_A9_2#77ca8d72	99.4	1.30	0.70	7331
1126	castle_village_A9_2	Maelyka	1088.30	170.68	116.4	16	4	river	castle_village_A9_2#77ca8d72	R	1	1	21.6	-	castle_village_A9_2#b9a01a00,castle_village_A9_2#b9a347ed,castle_village_A9_2#5626ffa8,castle_village_A9_2#0e9ec2d0	116.4	1.30	0.70	6984
1127	castle_village_A9_2	Avarro	1086.36	175.30	135.3	16	3	river	castle_village_A9_2#0e9ec2d0	R	1	1	21.6	-	castle_village_A9_2#b9a01a00,castle_village_A9_2#b9a347ed,castle_village_A9_2#5626ffa8,castle_village_A9_2#77ca8d72	135.3	1.30	0.70	6984
1128	castle_village_B1_1	Barrowthwaite	385.13	723.04	94.4	16	0	road	castle_village_B1_1#edef3f7e	R	-1	1	17.4	-	castle_village_B1_1#b0a12196	-85.6	1.30	0.70	1422
1129	castle_village_B1_1	Widow's Field	387.00	731.91	88.2	16	1	road	castle_village_B1_1#b0a12196	R	-1	1	20.4	castle_village_B1_1#edef3f7e	castle_village_B1_1#edef3f7e	-91.8	1.30	0.70	1450
1130	castle_village_B1_2	Ram's Horn	422.00	726.90	85.4	27	6	coast	castle_village_B1_2#f3ca72b1	H	0	2	29.2	-	castle_village_B1_2#345caf4b,castle_village_B1_2#303428b3,castle_village_B1_2#32443355,castle_village_B1_2#a7ee4404	-94.6	1.30	0.70	1393
1131	castle_village_B1_2	Stony Fold	397.50	725.17	175.2	27	1	crossroad	castle_village_B1_2#303428b3	H	0	2	11.8	-	castle_village_B1_2#32443355,castle_village_B1_2#a7ee4404,castle_village_B1_2#9ec45369,castle_village_B1_2#345caf4b	175.2	1.30	0.70	1449
1132	castle_village_B1_2	Bear's Rest	402.14	728.85	26.0	16	2	road	castle_village_B1_2#32443355	R	1	1	13.8	castle_village_B1_2#303428b3	castle_village_B1_2#303428b3,castle_village_B1_2#a7ee4404,castle_village_B1_2#9ec45369,castle_village_B1_2#345caf4b	-154.0	1.30	0.70	1464
1133	castle_village_B1_2	Wolfstead	413.23	730.10	20.3	16	4	road	castle_village_B1_2#9ec45369	R	-1	1	19.1	castle_village_B1_2#a7ee4404	castle_village_B1_2#a7ee4404,castle_village_B1_2#32443355,castle_village_B1_2#303428b3,castle_village_B1_2#345caf4b	20.3	1.30	0.70	1393
1134	castle_village_B1_2	Three Barrows	408.19	733.14	22.0	16	3	road	castle_village_B1_2#a7ee4404	R	1	1	18.4	castle_village_B1_2#32443355	castle_village_B1_2#9ec45369,castle_village_B1_2#32443355,castle_village_B1_2#303428b3,castle_village_B1_2#345caf4b	-158.0	1.30	0.70	1464
1135	castle_village_B1_2	Hare's Furrow	421.37	719.03	79.4	16	5	coast	castle_village_B1_2#fe787b1d	R	1	1	24.9	-	castle_village_B1_2#345caf4b,castle_village_B1_2#303428b3,castle_village_B1_2#32443355,castle_village_B1_2#a7ee4404	-100.6	1.30	0.70	1393
1136	castle_village_B1_2	Maiden's Shieling	409.50	704.50	69.9	8	0	field	castle_village_B1_2#345caf4b	F	0	1	11.6	-	castle_village_B1_2#303428b3,castle_village_B1_2#32443355,castle_village_B1_2#a7ee4404,castle_village_B1_2#9ec45369	69.9	1.30	0.70	1382
1137	castle_village_B2_2	Reeve's Cove	272.11	658.37	164.0	16	2	coast	castle_village_B2_2#650f062a	R	1	1	40.5	-	castle_village_B2_2#e4b8e324,castle_village_B2_2#26a6b55f	164.0	1.30	0.70	1299
1138	castle_village_B2_2	Oakstrand	260.12	666.14	141.4	16	0	coast	castle_village_B2_2#e4b8e324	R	1	1	33.1	-	castle_village_B2_2#26a6b55f,castle_village_B2_2#650f062a	141.4	1.30	0.70	1294
1139	castle_village_B2_2	Kelpthwaite	251.70	672.89	141.8	16	1	coast	castle_village_B2_2#26a6b55f	R	1	1	35.4	-	castle_village_B2_2#e4b8e324,castle_village_B2_2#650f062a	141.8	1.30	0.70	1294
1140	castle_village_B3_1	Crossgarth	504.25	762.50	92.3	27	3	crossroad	castle_village_B3_1#b40ba276	H	0	2	11.9	castle_village_B3_1#735b1d82	castle_village_B3_1#735b1d82,castle_village_B3_1#9cd7097c,castle_village_B3_1#e7aa6b9b,castle_village_B3_1#fd423d5f	-87.7	1.30	0.70	1816
1141	castle_village_B3_1	Stony Pines	492.07	765.00	177.4	16	1	road	castle_village_B3_1#e7aa6b9b	R	1	1	9.1	-	castle_village_B3_1#735b1d82,castle_village_B3_1#fd423d5f,castle_village_B3_1#b40ba276,castle_village_B3_1#68a7cc82	-2.6	1.30	0.70	1815
1142	castle_village_B3_1	Seven Barrows	499.07	765.00	1.3	16	4	road	castle_village_B3_1#68a7cc82	R	1	1	12.1	-	castle_village_B3_1#735b1d82,castle_village_B3_1#e7aa6b9b,castle_village_B3_1#fd423d5f,castle_village_B3_1#b40ba276	1.3	1.30	0.70	1816
1143	castle_village_B3_1	Crofter's Rest	486.65	766.85	148.5	16	2	road	castle_village_B3_1#fd423d5f	R	1	1	11.8	-	castle_village_B3_1#2fd49060,castle_village_B3_1#735b1d82,castle_village_B3_1#e7aa6b9b,castle_village_B3_1#b40ba276	-31.5	1.30	0.70	1814
1144	castle_village_B3_1	Bearstone	483.90	772.00	2.2	16	6	road	castle_village_B3_1#2fd49060	R	-1	1	17.2	castle_village_B3_1#fd423d5f	castle_village_B3_1#fd423d5f,castle_village_B3_1#735b1d82,castle_village_B3_1#e7aa6b9b,castle_village_B3_1#b40ba276	-177.8	1.30	0.70	1814
1145	castle_village_B3_1	Rowancroft	498.00	755.00	1.1	16	0	road	castle_village_B3_1#735b1d82	R	-1	1	4.1	-	castle_village_B3_1#b40ba276,castle_village_B3_1#9cd7097c,castle_village_B3_1#e7aa6b9b,castle_village_B3_1#fd423d5f	1.1	1.30	0.70	1691
1146	castle_village_B3_1	Herringbrook	499.50	746.50	0.5	8	5	field	castle_village_B3_1#9cd7097c	F	0	1	14.4	castle_village_B3_1#735b1d82	castle_village_B3_1#735b1d82,castle_village_B3_1#b40ba276,castle_village_B3_1#e7aa6b9b,castle_village_B3_1#fd423d5f	0.5	1.30	0.70	1691
1147	castle_village_B3_2	Shepherd's Cross	519.12	768.69	28.4	27	0	crossroad	castle_village_B3_2#3ec2f944	H	0	2	4.8	-	castle_village_B3_2#7d31bf73,castle_village_B3_2#4b698eda,castle_village_B3_2#e1b46bae,castle_village_B3_2#8f87a98e	28.4	1.30	0.70	1819
1148	castle_village_B3_2	Crowhowe	511.97	764.08	47.5	16	2	road	castle_village_B3_2#4b698eda	R	1	1	7.5	castle_village_B3_2#3ec2f944	castle_village_B3_2#3ec2f944,castle_village_B3_2#7d31bf73,castle_village_B3_2#e1b46bae,castle_village_B3_2#8f87a98e	47.5	1.30	0.70	1818
1149	castle_village_B3_2	Reeve's Rest	510.81	769.89	29.2	16	3	road	castle_village_B3_2#e1b46bae	R	-1	1	7.6	castle_village_B3_2#3ec2f944	castle_village_B3_2#3ec2f944,castle_village_B3_2#7d31bf73,castle_village_B3_2#4b698eda,castle_village_B3_2#8f87a98e	-150.8	1.30	0.70	1818
1150	castle_village_B3_2	Ram's Well	527.67	769.84	179.9	16	4	road	castle_village_B3_2#8f87a98e	R	-1	1	8.1	castle_village_B3_2#7d31bf73	castle_village_B3_2#7d31bf73,castle_village_B3_2#3ec2f944,castle_village_B3_2#288fa30c,castle_village_B3_2#4b698eda	-0.1	1.30	0.70	1819
1151	castle_village_B3_2	Little Croft	523.27	774.49	9.6	16	1	road	castle_village_B3_2#7d31bf73	R	1	1	6.4	castle_village_B3_2#3ec2f944	castle_village_B3_2#3ec2f944,castle_village_B3_2#8f87a98e,castle_village_B3_2#4b698eda,castle_village_B3_2#e1b46bae	-170.4	1.30	0.70	1819
1152	castle_village_B3_2	Little Howe	531.92	776.51	30.4	16	5	road	castle_village_B3_2#288fa30c	R	1	1	11.5	castle_village_B3_2#8f87a98e	castle_village_B3_2#8f87a98e,castle_village_B3_2#7d31bf73,castle_village_B3_2#3ec2f944,castle_village_B3_2#4b698eda	-149.6	1.30	0.70	1820
1153	castle_village_B3_2	Stagbeck	527.22	783.43	6.2	16	7	river	castle_village_B3_2#a2e3053d	R	-1	1	15.2	castle_village_B3_2#7d31bf73	castle_village_B3_2#7d31bf73,castle_village_B3_2#3ec2f944,castle_village_B3_2#8f87a98e,castle_village_B3_2#4b698eda	6.2	1.30	0.70	1820
1154	castle_village_B3_2	Hare's Hill	520.32	785.47	162.1	16	6	river	castle_village_B3_2#ee0d1e6a	R	-1	1	14.6	-	castle_village_B3_2#3ec2f944,castle_village_B3_2#7d31bf73,castle_village_B3_2#4b698eda,castle_village_B3_2#e1b46bae	-17.9	1.30	0.70	1580
1155	castle_village_B4_1	Blackcross	261.45	368.96	15.3	27	0	crossroad	castle_village_B4_1#9ffea7ca	H	0	2	9.6	-	castle_village_B4_1#6b329690	15.3	1.30	0.70	11830
1156	castle_village_B4_1	Hillden	265.16	363.22	113.9	16	1	road	castle_village_B4_1#6b329690	R	-1	1	11.7	castle_village_B4_1#9ffea7ca	castle_village_B4_1#9ffea7ca	-66.1	1.30	0.70	11830
1157	castle_village_B4_2	Greypool	326.02	397.16	70.0	16	1	river	castle_village_B4_2#6594487c	R	1	1	7.9	-	castle_village_B4_2#37549271,castle_village_B4_2#2e2ac06c	-110.0	1.30	0.70	3788
1158	castle_village_B4_2	Fisher's Oak	328.72	402.95	61.7	16	0	river	castle_village_B4_2#37549271	R	1	1	7.6	-	castle_village_B4_2#2e2ac06c,castle_village_B4_2#6594487c	-118.3	1.30	0.70	3788
1159	castle_village_B4_2	Three Wells	332.50	408.20	49.8	16	2	river	castle_village_B4_2#2e2ac06c	R	1	1	12.8	castle_village_B4_2#37549271	castle_village_B4_2#37549271,castle_village_B4_2#6594487c	-130.2	1.30	0.70	3327
1160	castle_village_B5_1	Orvero	860.41	592.71	55.3	27	1	crossroad	castle_village_B5_1#d85d240f	H	0	2	9.5	-	castle_village_B5_1#f3020167,castle_village_B5_1#de8ea700	-124.7	1.30	0.70	4721
1161	castle_village_B5_1	Tolidaim	872.07	587.76	135.3	16	0	road	castle_village_B5_1#de8ea700	R	1	1	6.1	-	castle_village_B5_1#d85d240f,castle_village_B5_1#f3020167	135.3	1.30	0.70	4721
1162	castle_village_B5_1	Veatha	855.28	587.70	56.3	16	2	coast	castle_village_B5_1#f3020167	R	1	1	18.9	castle_village_B5_1#d85d240f	castle_village_B5_1#d85d240f,castle_village_B5_1#de8ea700	56.3	1.30	0.70	4793
1163	castle_village_B5_2	Prelitha	900.50	582.50	92.3	16	0	road	castle_village_B5_2#fe7b3621	R	1	1	5.8	-	castle_village_B5_2#a77a1a51	92.3	1.30	0.70	6627
1164	castle_village_B5_2	Orthraris	896.16	577.29	177.8	16	1	road	castle_village_B5_2#a77a1a51	R	1	1	6.5	castle_village_B5_2#fe7b3621	castle_village_B5_2#fe7b3621	177.8	1.30	0.70	6808
1165	castle_village_B6_2	Winterfield	341.69	971.50	4.9	16	3	road	castle_village_B6_2#14939c07	R	1	1	21.8	castle_village_B6_2#4931e5be	castle_village_B6_2#4931e5be,castle_village_B6_2#f0e33a2b,castle_village_B6_2#e8388d4b	4.9	1.30	0.70	1222
1166	castle_village_B6_2	Thornthwaite	337.09	975.93	48.3	16	2	road	castle_village_B6_2#f0e33a2b	R	-1	1	19.7	castle_village_B6_2#4931e5be	castle_village_B6_2#4931e5be,castle_village_B6_2#14939c07,castle_village_B6_2#e8388d4b	-131.7	1.30	0.70	1243
1167	castle_village_B6_2	Whitehowe	345.91	979.10	18.7	16	1	road	castle_village_B6_2#4931e5be	R	1	1	18.6	-	castle_village_B6_2#f0e33a2b,castle_village_B6_2#14939c07,castle_village_B6_2#e8388d4b	18.7	1.30	0.70	1243
1168	castle_village_B6_2	Crowstead	353.55	985.72	47.2	16	0	road	castle_village_B6_2#e8388d4b	R	1	1	16.2	-	castle_village_B6_2#4931e5be,castle_village_B6_2#f0e33a2b,castle_village_B6_2#14939c07	47.2	1.30	0.70	9208
1169	castle_village_EN1_1	Highstone	318.50	865.81	93.6	16	1	road	castle_village_EN1_1#e2f9af07	R	-1	1	19.1	castle_village_EN1_1#dc097345	castle_village_EN1_1#dc097345	-86.4	1.30	0.70	1226
1170	castle_village_EN1_1	Shepherd's Shieling	316.00	874.66	90.3	16	0	road	castle_village_EN1_1#dc097345	R	-1	1	11.0	-	castle_village_EN1_1#e2f9af07	-89.7	1.30	0.70	352
1171	castle_village_EN1_2	Wolfcross	350.80	827.80	130.7	27	3	crossroad	castle_village_EN1_2#5b16b5c3	H	0	2	15.6	castle_village_EN1_2#b6f1f0c9	castle_village_EN1_2#10773262,castle_village_EN1_2#b6f1f0c9,castle_village_EN1_2#67c6fcd5,castle_village_EN1_2#925626f3	130.7	1.30	0.70	1513
1172	castle_village_EN1_2	Greycross	343.83	843.87	74.8	27	0	crossroad	castle_village_EN1_2#925626f3	H	0	2	5.9	-	castle_village_EN1_2#67c6fcd5,castle_village_EN1_2#b6f1f0c9,castle_village_EN1_2#5b16b5c3,castle_village_EN1_2#4afe8319	74.8	1.30	0.70	1429
1173	castle_village_EN1_2	Crofter's Hill	323.12	846.69	30.9	27	4	crossroad	castle_village_EN1_2#4afe8319	H	0	2	16.0	castle_village_EN1_2#925626f3	castle_village_EN1_2#925626f3,castle_village_EN1_2#67c6fcd5,castle_village_EN1_2#b6f1f0c9,castle_village_EN1_2#5b16b5c3	30.9	1.30	0.70	1204
1174	castle_village_EN1_2	Tinker's Fell	344.84	832.25	123.5	16	2	road	castle_village_EN1_2#b6f1f0c9	R	-1	1	12.2	castle_village_EN1_2#67c6fcd5	castle_village_EN1_2#67c6fcd5,castle_village_EN1_2#5b16b5c3,castle_village_EN1_2#10773262,castle_village_EN1_2#925626f3	-56.5	1.30	0.70	1520
1175	castle_village_EN1_2	Stonestead	346.96	838.21	102.0	16	1	road	castle_village_EN1_2#67c6fcd5	R	1	1	9.5	castle_village_EN1_2#925626f3	castle_village_EN1_2#b6f1f0c9,castle_village_EN1_2#925626f3,castle_village_EN1_2#5b16b5c3,castle_village_EN1_2#10773262	102.0	1.30	0.70	1521
1176	castle_village_EN1_2	Low Hollow	350.44	822.05	126.0	16	5	road	castle_village_EN1_2#10773262	R	-1	1	18.5	castle_village_EN1_2#5b16b5c3	castle_village_EN1_2#5b16b5c3,castle_village_EN1_2#b6f1f0c9,castle_village_EN1_2#67c6fcd5,castle_village_EN1_2#925626f3	-54.0	1.30	0.70	1513
1177	castle_village_EN2_1	Falcon's Cross	513.83	530.87	74.1	27	0	crossroad	castle_village_EN2_1#0a636f4b	H	0	2	6.2	-	castle_village_EN2_1#757a2304,castle_village_EN2_1#93657e9f,castle_village_EN2_1#56a89e04	74.1	1.30	0.70	2707
1178	castle_village_EN2_1	Thornstone	512.00	537.25	89.2	16	2	road	castle_village_EN2_1#93657e9f	R	-1	1	9.3	castle_village_EN2_1#0a636f4b	castle_village_EN2_1#0a636f4b,castle_village_EN2_1#757a2304,castle_village_EN2_1#56a89e04	-90.8	1.30	0.70	2706
1179	castle_village_EN2_1	Green Croft	508.62	521.19	88.5	16	3	road	castle_village_EN2_1#56a89e04	R	1	1	11.5	-	castle_village_EN2_1#0a636f4b,castle_village_EN2_1#757a2304,castle_village_EN2_1#93657e9f	88.5	1.30	0.70	2633
1180	castle_village_EN2_1	Crofter's Barrow	511.42	525.60	37.5	16	1	road	castle_village_EN2_1#757a2304	R	1	1	8.8	castle_village_EN2_1#0a636f4b	castle_village_EN2_1#0a636f4b,castle_village_EN2_1#93657e9f,castle_village_EN2_1#56a89e04	37.5	1.30	0.70	2633
1181	castle_village_EN2_2	Snakecross	548.87	561.17	163.2	27	2	crossroad	castle_village_EN2_2#e6817d41	H	0	2	8.1	castle_village_EN2_2#91d51d3f	castle_village_EN2_2#91d51d3f,castle_village_EN2_2#4261bbe7,castle_village_EN2_2#38e23663,castle_village_EN2_2#4e528f2c	-16.8	1.30	0.70	11743
1182	castle_village_EN2_2	Falconstead	528.80	564.80	136.6	27	1	crossroad	castle_village_EN2_2#4261bbe7	H	0	2	6.6	-	castle_village_EN2_2#38e23663,castle_village_EN2_2#4e528f2c,castle_village_EN2_2#001b237f,castle_village_EN2_2#91d51d3f	136.6	1.30	0.70	3727
1183	castle_village_EN2_2	Nether Crag	520.93	560.94	63.7	16	3	road	castle_village_EN2_2#38e23663	R	-1	1	10.9	castle_village_EN2_2#4261bbe7	castle_village_EN2_2#4261bbe7,castle_village_EN2_2#4e528f2c,castle_village_EN2_2#001b237f,castle_village_EN2_2#91d51d3f	-116.3	1.30	0.70	2748
1184	castle_village_EN2_2	Sweetwick	542.55	565.15	8.2	16	0	road	castle_village_EN2_2#91d51d3f	R	1	1	5.6	-	castle_village_EN2_2#e6817d41,castle_village_EN2_2#4261bbe7,castle_village_EN2_2#38e23663,castle_village_EN2_2#4e528f2c	-171.8	1.30	0.70	11742
1185	castle_village_EN2_2	Septon's Gap	522.90	565.50	124.3	16	4	road	castle_village_EN2_2#4e528f2c	R	1	1	10.9	castle_village_EN2_2#4261bbe7	castle_village_EN2_2#001b237f,castle_village_EN2_2#4261bbe7,castle_village_EN2_2#38e23663,castle_village_EN2_2#91d51d3f	-55.7	1.30	0.70	2836
1186	castle_village_EN2_2	Ravenley	526.54	574.11	84.2	16	5	road	castle_village_EN2_2#001b237f	R	-1	1	15.0	castle_village_EN2_2#4e528f2c	castle_village_EN2_2#4e528f2c,castle_village_EN2_2#4261bbe7,castle_village_EN2_2#38e23663,castle_village_EN2_2#91d51d3f	84.2	1.30	0.70	10344
1187	castle_village_EN3_1	Cragley	684.46	573.84	39.0	16	2	road	castle_village_EN3_1#43192f83	R	-1	1	21.2	castle_village_EN3_1#1569a883	castle_village_EN3_1#1569a883,castle_village_EN3_1#074f83c9	39.0	1.30	0.70	2123
1188	castle_village_EN3_1	Coldcove	692.33	559.25	19.1	16	0	coast	castle_village_EN3_1#074f83c9	R	1	1	8.5	-	castle_village_EN3_1#1569a883,castle_village_EN3_1#43192f83	-160.9	1.30	0.70	2104
1189	castle_village_EN3_1	Saltwick	688.64	578.76	13.1	16	1	coast	castle_village_EN3_1#1569a883	R	1	1	17.7	-	castle_village_EN3_1#43192f83,castle_village_EN3_1#074f83c9	13.1	1.30	0.70	2100
1190	castle_village_EN3_2	Green Cove	712.50	564.30	65.6	16	3	coast	castle_village_EN3_2#8c426047	R	1	1	18.3	castle_village_EN3_2#599bf8fa	castle_village_EN3_2#599bf8fa,castle_village_EN3_2#b4e9bed7,castle_village_EN3_2#06784877	-114.4	1.30	0.70	2116
1191	castle_village_EN3_2	Eaglestead	713.59	569.44	70.8	16	2	coast	castle_village_EN3_2#599bf8fa	R	1	1	8.7	-	castle_village_EN3_2#8c426047,castle_village_EN3_2#b4e9bed7,castle_village_EN3_2#06784877	-109.2	1.30	0.70	2116
1192	castle_village_EN3_2	Hawk's Horn	720.49	574.35	34.3	16	1	coast	castle_village_EN3_2#06784877	R	1	1	6.9	-	castle_village_EN3_2#b4e9bed7,castle_village_EN3_2#599bf8fa,castle_village_EN3_2#8c426047	-145.7	1.30	0.70	2102
1193	castle_village_EN3_2	Snowstrand	709.69	579.81	173.9	16	0	coast	castle_village_EN3_2#b4e9bed7	R	1	1	4.9	-	castle_village_EN3_2#06784877,castle_village_EN3_2#599bf8fa,castle_village_EN3_2#8c426047	-6.1	1.30	0.70	2117
1194	castle_village_EN4_1	Broken Pines	636.56	579.15	58.1	27	4	bridge	castle_village_EN4_1#a5a327e3	H	0	2	15.8	castle_village_EN4_1#a5a01526	castle_village_EN4_1#a5a01526,castle_village_EN4_1#c16f4b76,castle_village_EN4_1#f9d1afec,castle_village_EN4_1#dfa1818a	-121.9	1.30	0.70	2555
1195	castle_village_EN4_1	Saltwood	656.10	586.00	22.9	27	6	coast	castle_village_EN4_1#2eb15b0c	H	0	2	18.5	castle_village_EN4_1#dfa1818a	castle_village_EN4_1#dfa1818a,castle_village_EN4_1#c16f4b76,castle_village_EN4_1#a5a01526,castle_village_EN4_1#4a9edad6	-157.1	1.30	0.70	17226
1196	castle_village_EN4_1	Oldfield	643.13	590.83	166.0	27	1	crossroad	castle_village_EN4_1#c16f4b76	H	0	2	8.8	castle_village_EN4_1#f9d1afec	castle_village_EN4_1#a5a01526,castle_village_EN4_1#f9d1afec,castle_village_EN4_1#dfa1818a,castle_village_EN4_1#a5a327e3	166.0	1.30	0.70	1109
1197	castle_village_EN4_1	Oakwell	629.28	581.31	0.1	16	5	road	castle_village_EN4_1#110e35fb	R	-1	1	16.7	castle_village_EN4_1#a5a01526	castle_village_EN4_1#a5a01526,castle_village_EN4_1#c16f4b76,castle_village_EN4_1#f9d1afec,castle_village_EN4_1#dfa1818a	0.1	1.30	0.70	2556
1198	castle_village_EN4_1	Mooncross	637.03	587.33	42.8	16	2	road	castle_village_EN4_1#a5a01526	R	-1	1	10.2	castle_village_EN4_1#c16f4b76	castle_village_EN4_1#c16f4b76,castle_village_EN4_1#f9d1afec,castle_village_EN4_1#dfa1818a,castle_village_EN4_1#a5a327e3	-137.2	1.30	0.70	1208
1199	castle_village_EN4_1	Sweetpoint	661.00	589.91	24.9	16	10	road	castle_village_EN4_1#29abd2ed	R	-1	1	20.2	castle_village_EN4_1#dfa1818a	castle_village_EN4_1#dfa1818a,castle_village_EN4_1#c16f4b76,castle_village_EN4_1#a5a01526,castle_village_EN4_1#2eb15b0c	24.9	1.30	0.70	2544
1200	castle_village_EN4_1	Ravenwell	648.74	592.54	17.0	16	3	road	castle_village_EN4_1#dfa1818a	R	1	1	12.9	castle_village_EN4_1#c16f4b76	castle_village_EN4_1#c16f4b76,castle_village_EN4_1#a5a01526,castle_village_EN4_1#2eb15b0c,castle_village_EN4_1#4a9edad6	-163.0	1.30	0.70	2558
1201	castle_village_EN4_1	Knight's Horn	663.98	594.44	75.2	16	9	road	castle_village_EN4_1#4a9edad6	R	-1	1	19.8	castle_village_EN4_1#dfa1818a	castle_village_EN4_1#dfa1818a,castle_village_EN4_1#c16f4b76,castle_village_EN4_1#a5a01526,castle_village_EN4_1#2eb15b0c	75.2	1.30	0.70	2113
1202	castle_village_EN4_1	Thornstead	636.14	592.74	132.9	16	0	road	castle_village_EN4_1#f9d1afec	R	1	1	4.7	-	castle_village_EN4_1#c16f4b76,castle_village_EN4_1#a5a01526,castle_village_EN4_1#dfa1818a,castle_village_EN4_1#a5a327e3	-47.1	1.30	0.70	6080
1203	castle_village_EN4_1	Septon's Bend	643.79	580.13	16.3	16	7	river	castle_village_EN4_1#c6f3c8bd	R	1	1	19.6	castle_village_EN4_1#c16f4b76	castle_village_EN4_1#c16f4b76,castle_village_EN4_1#a5a01526,castle_village_EN4_1#dfa1818a,castle_village_EN4_1#f9d1afec	-163.7	1.30	0.70	2552
1204	castle_village_EN4_1	Brackenpoint	648.94	582.78	23.3	16	8	coast	castle_village_EN4_1#df9f3e1b	R	1	1	19.6	castle_village_EN4_1#c16f4b76	castle_village_EN4_1#c16f4b76,castle_village_EN4_1#a5a01526,castle_village_EN4_1#dfa1818a,castle_village_EN4_1#f9d1afec	-156.7	1.30	0.70	2533
1205	castle_village_EN4_2	Longfield	671.09	618.09	134.7	27	2	crossroad	castle_village_EN4_2#7c30c6a8	H	0	2	10.6	castle_village_EN4_2#b0d18da1	castle_village_EN4_2#b0d18da1,castle_village_EN4_2#c4960963,castle_village_EN4_2#01a086a1,castle_village_EN4_2#3d53f6ba	134.7	1.30	0.70	2526
1206	castle_village_EN4_2	Nine Wells	677.57	615.50	2.2	16	1	road	castle_village_EN4_2#b0d18da1	R	1	1	8.7	castle_village_EN4_2#c4960963	castle_village_EN4_2#7c30c6a8,castle_village_EN4_2#c4960963,castle_village_EN4_2#01a086a1,castle_village_EN4_2#3d53f6ba	2.2	1.30	0.70	2543
1207	castle_village_EN4_2	Stoneley	683.66	618.94	17.0	16	0	road	castle_village_EN4_2#c4960963	R	-1	1	4.7	-	castle_village_EN4_2#b0d18da1,castle_village_EN4_2#7c30c6a8,castle_village_EN4_2#01a086a1,castle_village_EN4_2#3813a8c9	-163.0	1.30	0.70	2054
1208	castle_village_EN4_2	Septon's Knoll	690.54	652.53	84.0	16	11	coast	castle_village_EN4_2#8baf1693	R	1	1	68.3	castle_village_EN4_2#1fd85700	castle_village_EN4_2#1fd85700,castle_village_EN4_2#c4960963,castle_village_EN4_2#b0d18da1,castle_village_EN4_2#7c30c6a8	-96.0	1.30	0.70	1083
1209	castle_village_EN4_2	Windwick	675.77	600.17	38.8	16	10	coast	castle_village_EN4_2#d9602af4	R	1	1	25.3	castle_village_EN4_2#3d53f6ba	castle_village_EN4_2#3d53f6ba,castle_village_EN4_2#b0d18da1,castle_village_EN4_2#7c30c6a8,castle_village_EN4_2#c4960963	-141.2	1.30	0.70	2113
1210	castle_village_EN4_2	Crabpoint	678.71	604.60	35.1	16	6	coast	castle_village_EN4_2#3d53f6ba	R	1	1	20.0	castle_village_EN4_2#b0d18da1	castle_village_EN4_2#d9602af4,castle_village_EN4_2#b0d18da1,castle_village_EN4_2#7c30c6a8,castle_village_EN4_2#c4960963	-144.9	1.30	0.70	2056
1211	castle_village_EN4_2	Hunter's Cove	685.09	608.60	31.7	16	4	coast	castle_village_EN4_2#3813a8c9	R	1	1	15.5	castle_village_EN4_2#01a086a1	castle_village_EN4_2#01a086a1,castle_village_EN4_2#c4960963,castle_village_EN4_2#b0d18da1,castle_village_EN4_2#7c30c6a8	-148.3	1.30	0.70	2056
1212	castle_village_EN4_2	Nine Pines	689.14	612.36	33.3	16	3	coast	castle_village_EN4_2#01a086a1	R	1	1	11.5	castle_village_EN4_2#c4960963	castle_village_EN4_2#3813a8c9,castle_village_EN4_2#c4960963,castle_village_EN4_2#b0d18da1,castle_village_EN4_2#7c30c6a8	-146.7	1.30	0.70	2274
1213	castle_village_EN4_2	Greystrand	698.20	616.10	41.0	16	8	coast	castle_village_EN4_2#b7231db7	R	1	1	20.1	-	castle_village_EN4_2#c4960963,castle_village_EN4_2#b0d18da1,castle_village_EN4_2#7c30c6a8,castle_village_EN4_2#01a086a1	-139.0	1.30	0.70	1940
1214	castle_village_EN4_2	Mistpoint	686.86	630.62	22.9	16	5	coast	castle_village_EN4_2#fa807de8	R	1	1	17.1	-	castle_village_EN4_2#b40c9acf,castle_village_EN4_2#c4960963,castle_village_EN4_2#b0d18da1,castle_village_EN4_2#7c30c6a8	22.9	1.30	0.70	3048
1215	castle_village_EN4_2	Ramstrand	692.21	632.35	80.0	16	7	coast	castle_village_EN4_2#b40c9acf	R	1	1	20.0	castle_village_EN4_2#fa807de8	castle_village_EN4_2#fa807de8,castle_village_EN4_2#c4960963,castle_village_EN4_2#b0d18da1,castle_village_EN4_2#7c30c6a8	-100.0	1.30	0.70	3029
1216	castle_village_EN4_2	Mooncreek	680.00	632.47	103.2	16	9	coast	castle_village_EN4_2#1fd85700	R	1	1	22.0	castle_village_EN4_2#c4960963	castle_village_EN4_2#c4960963,castle_village_EN4_2#b0d18da1,castle_village_EN4_2#7c30c6a8,castle_village_EN4_2#01a086a1	-76.8	1.30	0.70	5970
1217	castle_village_EN5_1	Sow's Croft	409.23	417.60	133.5	16	0	road	castle_village_EN5_1#4a837e4d	R	1	1	5.7	-	castle_village_EN5_1#7f03a0b0,castle_village_EN5_1#a7911fb2,castle_village_EN5_1#6bd3930b,castle_village_EN5_1#7bbcb322	133.5	1.30	0.70	17855
1218	castle_village_EN5_1	Oldwick	402.59	419.21	105.7	16	1	road	castle_village_EN5_1#7f03a0b0	R	-1	1	8.2	castle_village_EN5_1#4a837e4d	castle_village_EN5_1#4a837e4d,castle_village_EN5_1#a7911fb2,castle_village_EN5_1#6bd3930b,castle_village_EN5_1#7bbcb322	-74.3	1.30	0.70	17855
1219	castle_village_EN5_1	Briartree	401.45	423.72	131.2	16	2	road	castle_village_EN5_1#a7911fb2	R	-1	1	10.8	castle_village_EN5_1#7f03a0b0	castle_village_EN5_1#7f03a0b0,castle_village_EN5_1#4a837e4d,castle_village_EN5_1#6bd3930b,castle_village_EN5_1#7bbcb322	-48.8	1.30	0.70	17855
1220	castle_village_EN5_1	Beggar's Field	406.45	436.80	32.0	16	5	road	castle_village_EN5_1#6bd3930b	R	-1	1	22.6	castle_village_EN5_1#a7911fb2	castle_village_EN5_1#a7911fb2,castle_village_EN5_1#7f03a0b0,castle_village_EN5_1#4a837e4d,castle_village_EN5_1#7bbcb322	32.0	1.30	0.70	17857
1221	castle_village_EN5_1	Raventon	410.15	439.36	32.6	16	6	road	castle_village_EN5_1#7bbcb322	R	-1	1	27.2	castle_village_EN5_1#a7911fb2	castle_village_EN5_1#a7911fb2,castle_village_EN5_1#7f03a0b0,castle_village_EN5_1#4a837e4d,castle_village_EN5_1#6bd3930b	32.6	1.30	0.70	17857
1222	castle_village_EN5_1	Aldworth	427.14	397.37	53.9	16	4	river	castle_village_EN5_1#5b739d59	R	1	1	20.0	castle_village_EN5_1#699d27a7	castle_village_EN5_1#699d27a7,castle_village_EN5_1#24d42a8f,castle_village_EN5_1#4a837e4d,castle_village_EN5_1#31b76c86	-126.1	1.30	0.70	3547
1223	castle_village_EN5_1	Seven Mills	427.63	401.94	43.1	16	3	river	castle_village_EN5_1#699d27a7	R	1	1	18.2	-	castle_village_EN5_1#5b739d59,castle_village_EN5_1#24d42a8f,castle_village_EN5_1#4a837e4d,castle_village_EN5_1#31b76c86	-136.9	1.30	0.70	3989
1224	castle_village_EN5_1	Drowned Weir	441.31	402.01	149.4	16	8	river	castle_village_EN5_1#31b76c86	R	1	1	43.3	castle_village_EN5_1#24d42a8f	castle_village_EN5_1#24d42a8f,castle_village_EN5_1#699d27a7,castle_village_EN5_1#5b739d59,castle_village_EN5_1#4a837e4d	149.4	1.30	0.70	3387
1225	castle_village_EN5_1	Willowpool	433.36	402.49	17.6	16	7	river	castle_village_EN5_1#24d42a8f	R	1	1	29.2	castle_village_EN5_1#699d27a7	castle_village_EN5_1#699d27a7,castle_village_EN5_1#5b739d59,castle_village_EN5_1#31b76c86,castle_village_EN5_1#4a837e4d	-162.4	1.30	0.70	3989
1226	castle_village_EN5_2	Bramblecroft	415.08	442.78	38.8	16	5	road	castle_village_EN5_2#313770b9	R	-1	1	15.0	castle_village_EN5_2#075241de	castle_village_EN5_2#0ae0f1f3,castle_village_EN5_2#075241de,castle_village_EN5_2#1dd624c5,castle_village_EN5_2#05591b0d	38.8	1.30	0.70	17858
1227	castle_village_EN5_2	Elmley	433.11	443.50	1.5	16	0	road	castle_village_EN5_2#18eb43e8	R	-1	1	5.1	-	castle_village_EN5_2#05591b0d,castle_village_EN5_2#1dd624c5,castle_village_EN5_2#075241de,castle_village_EN5_2#313770b9	1.5	1.30	0.70	3304
1228	castle_village_EN5_2	Harebrook	427.11	444.00	177.0	16	1	road	castle_village_EN5_2#05591b0d	R	-1	1	7.1	castle_village_EN5_2#18eb43e8	castle_village_EN5_2#18eb43e8,castle_village_EN5_2#1dd624c5,castle_village_EN5_2#075241de,castle_village_EN5_2#313770b9	-3.0	1.30	0.70	3310
1229	castle_village_EN5_2	Septon's Furrow	410.34	444.36	30.9	16	6	road	castle_village_EN5_2#0ae0f1f3	R	1	1	16.6	castle_village_EN5_2#313770b9	castle_village_EN5_2#313770b9,castle_village_EN5_2#075241de,castle_village_EN5_2#1dd624c5,castle_village_EN5_2#05591b0d	-149.1	1.30	0.70	3554
1230	castle_village_EN5_2	Fletcher's Field	417.11	447.50	177.2	16	4	road	castle_village_EN5_2#075241de	R	1	1	13.0	castle_village_EN5_2#1dd624c5	castle_village_EN5_2#313770b9,castle_village_EN5_2#1dd624c5,castle_village_EN5_2#0ae0f1f3,castle_village_EN5_2#05591b0d	177.2	1.30	0.70	3310
1231	castle_village_EN5_2	Crofter's Well	422.61	447.50	1.1	16	2	road	castle_village_EN5_2#1dd624c5	R	1	1	10.6	castle_village_EN5_2#05591b0d	castle_village_EN5_2#075241de,castle_village_EN5_2#05591b0d,castle_village_EN5_2#313770b9,castle_village_EN5_2#18eb43e8	-178.9	1.30	0.70	3310
1232	castle_village_EN5_2	Hag's Elm	455.73	420.06	115.6	16	10	river	castle_village_EN5_2#d3710bab	R	-1	1	53.8	castle_village_EN5_2#e90ef74a	castle_village_EN5_2#e90ef74a,castle_village_EN5_2#e5834e0d,castle_village_EN5_2#d1b8200b,castle_village_EN5_2#632a017d	-64.4	1.30	0.70	3991
1233	castle_village_EN5_2	Little Pool	453.54	424.58	109.1	16	9	river	castle_village_EN5_2#e90ef74a	R	-1	1	44.9	castle_village_EN5_2#e5834e0d	castle_village_EN5_2#d3710bab,castle_village_EN5_2#e5834e0d,castle_village_EN5_2#d1b8200b,castle_village_EN5_2#632a017d	-70.9	1.30	0.70	3278
1234	castle_village_EN5_2	Weirham	453.31	433.84	96.8	16	8	river	castle_village_EN5_2#e5834e0d	R	-1	1	30.4	castle_village_EN5_2#d1b8200b	castle_village_EN5_2#d1b8200b,castle_village_EN5_2#e90ef74a,castle_village_EN5_2#632a017d,castle_village_EN5_2#d3710bab	-83.2	1.30	0.70	3992
1235	castle_village_EN5_2	Heronstone	450.39	439.53	127.9	16	7	river	castle_village_EN5_2#d1b8200b	R	-1	1	20.7	castle_village_EN5_2#632a017d	castle_village_EN5_2#632a017d,castle_village_EN5_2#e5834e0d,castle_village_EN5_2#e90ef74a,castle_village_EN5_2#18eb43e8	-52.1	1.30	0.70	3235
1236	castle_village_EN5_2	Maidenley	446.50	447.15	105.2	16	3	river	castle_village_EN5_2#632a017d	R	-1	1	11.6	-	castle_village_EN5_2#d1b8200b,castle_village_EN5_2#18eb43e8,castle_village_EN5_2#05591b0d,castle_village_EN5_2#e5834e0d	-74.8	1.30	0.70	3995
1237	castle_village_EN6_1	Rockhurst	199.41	484.71	54.9	27	0	crossroad	castle_village_EN6_1#ba7288d8	H	0	2	6.0	-	castle_village_EN6_1#aed74dc3,castle_village_EN6_1#7d0a0e83,castle_village_EN6_1#ba7043b6	-125.1	1.30	0.70	2309
1238	castle_village_EN6_1	Three Crags	199.85	478.23	70.4	16	1	road	castle_village_EN6_1#aed74dc3	R	-1	1	8.1	castle_village_EN6_1#ba7288d8	castle_village_EN6_1#ba7288d8,castle_village_EN6_1#7d0a0e83,castle_village_EN6_1#ba7043b6	70.4	1.30	0.70	9742
1239	castle_village_EN6_1	Grey Cove	197.38	490.89	93.5	16	2	coast	castle_village_EN6_1#7d0a0e83	R	1	1	16.7	castle_village_EN6_1#ba7288d8	castle_village_EN6_1#ba7288d8,castle_village_EN6_1#aed74dc3,castle_village_EN6_1#ba7043b6	93.5	1.30	0.70	2289
1240	castle_village_EN6_1	Sunwood	198.73	497.55	36.9	16	3	coast	castle_village_EN6_1#ba7043b6	R	1	1	23.0	castle_village_EN6_1#ba7288d8	castle_village_EN6_1#ba7288d8,castle_village_EN6_1#aed74dc3,castle_village_EN6_1#7d0a0e83	36.9	1.30	0.70	2289
1241	castle_village_EN6_2	Sealey	186.50	458.50	40.9	27	2	crossroad	castle_village_EN6_2#7a9a0adb	H	0	2	10.3	castle_village_EN6_2#b0361bed	castle_village_EN6_2#b0361bed,castle_village_EN6_2#2fbaab4b,castle_village_EN6_2#c555bff6	40.9	1.30	0.70	2605
1242	castle_village_EN6_2	Ironwick	190.50	463.00	91.4	16	3	road	castle_village_EN6_2#c555bff6	R	-1	1	10.7	castle_village_EN6_2#b0361bed	castle_village_EN6_2#b0361bed,castle_village_EN6_2#2fbaab4b,castle_village_EN6_2#7a9a0adb	-88.6	1.30	0.70	2606
1243	castle_village_EN6_2	Suncombe	184.97	452.98	39.7	16	1	road	castle_village_EN6_2#2fbaab4b	R	1	1	8.7	castle_village_EN6_2#b0361bed	castle_village_EN6_2#b0361bed,castle_village_EN6_2#7a9a0adb,castle_village_EN6_2#c555bff6	-140.3	1.30	0.70	2285
1244	castle_village_EN6_2	Little Cross	191.29	451.51	174.1	16	0	road	castle_village_EN6_2#b0361bed	R	1	1	5.3	-	castle_village_EN6_2#2fbaab4b,castle_village_EN6_2#7a9a0adb,castle_village_EN6_2#c555bff6	-5.9	1.30	0.70	2282
1245	castle_village_EN7_1	Squire's Knoll	303.37	548.00	42.7	27	4	coast	castle_village_EN7_1#0647fbb6	H	0	2	16.4	castle_village_EN7_1#dca19e48	castle_village_EN7_1#dca19e48,castle_village_EN7_1#65ffbbb9,castle_village_EN7_1#cf0fad2a,castle_village_EN7_1#4b8c4621	42.7	1.30	0.70	2261
1246	castle_village_EN7_1	Barleyley	337.68	566.24	36.8	16	3	road	castle_village_EN7_1#56204c00	R	-1	1	13.6	castle_village_EN7_1#4b8c4621	castle_village_EN7_1#4b8c4621,castle_village_EN7_1#cf0fad2a,castle_village_EN7_1#dca19e48,castle_village_EN7_1#0647fbb6	36.8	1.30	0.70	2262
1247	castle_village_EN7_1	Bramblebrook	297.97	543.67	25.9	16	5	coast	castle_village_EN7_1#65ffbbb9	R	1	1	25.7	castle_village_EN7_1#0647fbb6	castle_village_EN7_1#0647fbb6,castle_village_EN7_1#dca19e48,castle_village_EN7_1#cf0fad2a,castle_village_EN7_1#4b8c4621	25.9	1.30	0.70	2337
1248	castle_village_EN7_1	Crabstrand	308.64	552.51	47.4	16	2	coast	castle_village_EN7_1#dca19e48	R	1	1	9.5	-	castle_village_EN7_1#0647fbb6,castle_village_EN7_1#cf0fad2a,castle_village_EN7_1#65ffbbb9,castle_village_EN7_1#4b8c4621	47.4	1.30	0.70	2261
1249	castle_village_EN7_1	Longhythe	324.54	561.98	24.5	16	0	coast	castle_village_EN7_1#cf0fad2a	R	1	1	5.7	-	castle_village_EN7_1#4b8c4621,castle_village_EN7_1#56204c00,castle_village_EN7_1#dca19e48,castle_village_EN7_1#0647fbb6	24.5	1.30	0.70	2262
1250	castle_village_EN7_1	Gallowswold	329.88	564.71	28.2	16	1	coast	castle_village_EN7_1#4b8c4621	R	1	1	8.8	castle_village_EN7_1#cf0fad2a	castle_village_EN7_1#cf0fad2a,castle_village_EN7_1#56204c00,castle_village_EN7_1#dca19e48,castle_village_EN7_1#0647fbb6	28.2	1.30	0.70	2262
1251	castle_village_EN7_2	Briarcross	356.50	574.75	177.8	27	1	crossroad	castle_village_EN7_2#f9251ca9	H	0	2	7.1	castle_village_EN7_2#ac837aad	castle_village_EN7_2#ac837aad,castle_village_EN7_2#5f713b71,castle_village_EN7_2#5dbb858d,castle_village_EN7_2#60dcb246	177.8	1.30	0.70	3590
1252	castle_village_EN7_2	Wendhill	344.48	571.94	44.6	16	10	road	castle_village_EN7_2#bda249e7	R	-1	1	17.8	castle_village_EN7_2#60dcb246	castle_village_EN7_2#60dcb246,castle_village_EN7_2#5f713b71,castle_village_EN7_2#5dbb858d,castle_village_EN7_2#5f7a6b29	44.6	1.30	0.70	2335
1253	castle_village_EN7_2	Lambstone	362.16	573.62	46.3	16	0	road	castle_village_EN7_2#ac837aad	R	-1	1	5.9	-	castle_village_EN7_2#f9251ca9,castle_village_EN7_2#5f713b71,castle_village_EN7_2#5dbb858d,castle_village_EN7_2#60dcb246	46.3	1.30	0.70	3590
1254	castle_village_EN7_2	Carter's Folly	348.91	579.01	113.9	16	4	road	castle_village_EN7_2#5f713b71	R	1	1	13.4	castle_village_EN7_2#f9251ca9	castle_village_EN7_2#5dbb858d,castle_village_EN7_2#60dcb246,castle_village_EN7_2#5f7a6b29,castle_village_EN7_2#bda249e7	-66.1	1.30	0.70	3707
1255	castle_village_EN7_2	Littlewood	346.47	582.84	124.6	16	6	road	castle_village_EN7_2#5dbb858d	R	1	1	15.9	castle_village_EN7_2#5f713b71	castle_village_EN7_2#5f7a6b29,castle_village_EN7_2#5f713b71,castle_village_EN7_2#60dcb246,castle_village_EN7_2#bda249e7	-55.4	1.30	0.70	2263
1256	castle_village_EN7_2	Grey Orchard	348.82	588.47	112.3	16	9	road	castle_village_EN7_2#5f7a6b29	R	-1	1	17.8	castle_village_EN7_2#5dbb858d	castle_village_EN7_2#5dbb858d,castle_village_EN7_2#5f713b71,castle_village_EN7_2#60dcb246,castle_village_EN7_2#bda249e7	112.3	1.30	0.70	3707
1257	castle_village_EN7_2	Fisher's Bend	375.66	562.79	79.0	16	11	river	castle_village_EN7_2#5b20682c	R	-1	1	22.4	-	castle_village_EN7_2#ac837aad,castle_village_EN7_2#f9251ca9,castle_village_EN7_2#ac7b042c,castle_village_EN7_2#3a1ec448	-101.0	1.30	0.70	3456
1258	castle_village_EN7_2	Oakhythe	377.77	569.23	108.6	16	7	river	castle_village_EN7_2#98b7c268	R	-1	1	16.8	castle_village_EN7_2#de9c7a33	castle_village_EN7_2#de9c7a33,castle_village_EN7_2#ac837aad,castle_village_EN7_2#f9251ca9,castle_village_EN7_2#ac7b042c	-71.4	1.30	0.70	3993
1259	castle_village_EN7_2	Shepherd's Mill	376.58	573.80	107.3	16	5	river	castle_village_EN7_2#de9c7a33	R	-1	1	13.9	-	castle_village_EN7_2#98b7c268,castle_village_EN7_2#ac837aad,castle_village_EN7_2#f9251ca9,castle_village_EN7_2#ac7b042c	-72.7	1.30	0.70	3230
1260	castle_village_EN7_2	Plumcroft	373.07	578.61	130.8	16	3	river	castle_village_EN7_2#3a1ec448	R	-1	1	8.7	-	castle_village_EN7_2#ac837aad,castle_village_EN7_2#f9251ca9,castle_village_EN7_2#ac7b042c,castle_village_EN7_2#5f713b71	-49.2	1.30	0.70	3230
1261	castle_village_EN7_2	Pearwater	362.37	586.41	169.2	16	2	river	castle_village_EN7_2#ac7b042c	R	-1	1	7.2	-	castle_village_EN7_2#ac837aad,castle_village_EN7_2#f9251ca9,castle_village_EN7_2#3a1ec448,castle_village_EN7_2#5f713b71	-10.8	1.30	0.70	3811
1262	castle_village_EN7_2	Aldhaven	340.02	570.95	53.5	16	8	coast	castle_village_EN7_2#60dcb246	R	1	1	17.2	castle_village_EN7_2#5f713b71	castle_village_EN7_2#bda249e7,castle_village_EN7_2#5f713b71,castle_village_EN7_2#5dbb858d,castle_village_EN7_2#5f7a6b29	53.5	1.30	0.70	2335
1263	castle_village_EN8_1	Maiden's Wood	359.45	492.96	11.1	27	3	crossroad	castle_village_EN8_1#8af70c7f	H	0	2	16.9	-	castle_village_EN8_1#4ef531ba,castle_village_EN8_1#a75a52a4,castle_village_EN8_1#ac2c4622	11.1	1.30	0.70	5591
1264	castle_village_EN8_1	Fox's Field	362.30	462.73	115.8	16	2	road	castle_village_EN8_1#ac2c4622	R	-1	1	15.6	-	castle_village_EN8_1#4ef531ba,castle_village_EN8_1#a75a52a4,castle_village_EN8_1#8af70c7f	115.8	1.30	0.70	3171
1265	castle_village_EN8_1	Bellwold	355.20	473.70	131.0	16	1	road	castle_village_EN8_1#a75a52a4	R	-1	1	9.6	-	castle_village_EN8_1#4ef531ba,castle_village_EN8_1#ac2c4622,castle_village_EN8_1#8af70c7f	131.0	1.30	0.70	3172
1266	castle_village_EN8_1	Hayfield	369.86	480.33	41.1	16	0	road	castle_village_EN8_1#4ef531ba	R	-1	1	5.0	-	castle_village_EN8_1#a75a52a4,castle_village_EN8_1#ac2c4622,castle_village_EN8_1#8af70c7f	41.1	1.30	0.70	3265
1267	castle_village_EN8_2	Wendbrook	368.77	503.24	15.8	27	0	crossroad	castle_village_EN8_2#8c70f187	H	0	2	8.3	-	castle_village_EN8_2#1287b888,castle_village_EN8_2#aaebdab6,castle_village_EN8_2#b1df7e93,castle_village_EN8_2#f19180ff	-164.2	1.30	0.70	3531
1268	castle_village_EN8_2	Knight's Mill	384.39	508.55	139.6	16	5	river	castle_village_EN8_2#1287b888	R	-1	1	20.0	castle_village_EN8_2#8c70f187	castle_village_EN8_2#8c70f187,castle_village_EN8_2#aaebdab6,castle_village_EN8_2#b1df7e93,castle_village_EN8_2#f19180ff	-40.4	1.30	0.70	3530
1269	castle_village_EN8_2	Seven Willows	380.77	512.09	134.0	16	3	river	castle_village_EN8_2#f19180ff	R	-1	1	15.4	castle_village_EN8_2#b1df7e93	castle_village_EN8_2#b1df7e93,castle_village_EN8_2#8c70f187,castle_village_EN8_2#aaebdab6,castle_village_EN8_2#2646bd04	-46.0	1.30	0.70	3565
1270	castle_village_EN8_2	Crone's Bend	377.49	515.18	139.8	16	2	river	castle_village_EN8_2#b1df7e93	R	-1	1	12.1	-	castle_village_EN8_2#f19180ff,castle_village_EN8_2#8c70f187,castle_village_EN8_2#aaebdab6,castle_village_EN8_2#2646bd04	-40.2	1.30	0.70	3565
1271	castle_village_EN8_2	Twin Oaks	370.05	518.98	150.7	16	1	river	castle_village_EN8_2#aaebdab6	R	-1	1	10.8	-	castle_village_EN8_2#2646bd04,castle_village_EN8_2#8c70f187,castle_village_EN8_2#b1df7e93,castle_village_EN8_2#f19180ff	-29.3	1.30	0.70	3565
1272	castle_village_EN8_2	Reedstead	365.46	519.14	36.8	16	4	river	castle_village_EN8_2#2646bd04	R	-1	1	16.1	castle_village_EN8_2#aaebdab6	castle_village_EN8_2#aaebdab6,castle_village_EN8_2#8c70f187,castle_village_EN8_2#b1df7e93,castle_village_EN8_2#f19180ff	36.8	1.30	0.70	3565
1273	castle_village_EN9_1	Hart's Rest	624.77	352.50	61.1	27	0	crossroad	castle_village_EN9_1#5feb065a	H	0	2	8.2	-	castle_village_EN9_1#f2d9e895,castle_village_EN9_1#4211edc8,castle_village_EN9_1#67e7e258,castle_village_EN9_1#18020984	-118.9	1.30	0.70	3294
1274	castle_village_EN9_1	Knight's Wood	631.85	352.62	66.2	16	2	road	castle_village_EN9_1#f2d9e895	R	-1	1	11.9	castle_village_EN9_1#5feb065a	castle_village_EN9_1#5feb065a,castle_village_EN9_1#4211edc8,castle_village_EN9_1#67e7e258,castle_village_EN9_1#18020984	66.2	1.30	0.70	3296
1275	castle_village_EN9_1	Rainstone	628.95	357.98	66.9	16	1	road	castle_village_EN9_1#4211edc8	R	1	1	10.7	-	castle_village_EN9_1#5feb065a,castle_village_EN9_1#f2d9e895,castle_village_EN9_1#67e7e258,castle_village_EN9_1#18020984	-113.1	1.30	0.70	3160
1276	castle_village_EN9_1	Misty Cove	606.65	376.07	9.5	16	4	coast	castle_village_EN9_1#18020984	R	1	1	29.4	-	castle_village_EN9_1#5feb065a,castle_village_EN9_1#4211edc8,castle_village_EN9_1#f2d9e895,castle_village_EN9_1#67e7e258	9.5	1.30	0.70	3190
1277	castle_village_EN9_1	Hollystrand	612.41	378.10	11.2	16	3	coast	castle_village_EN9_1#67e7e258	R	1	1	22.6	-	castle_village_EN9_1#5feb065a,castle_village_EN9_1#4211edc8,castle_village_EN9_1#f2d9e895,castle_village_EN9_1#18020984	11.2	1.30	0.70	3190
1278	castle_village_EN9_2	Widow's Bridge	618.94	330.05	169.7	27	1	bridge	castle_village_EN9_2#26fc5134	H	0	2	11.1	-	castle_village_EN9_2#91390709,castle_village_EN9_2#612eaf05,castle_village_EN9_2#2b979952,castle_village_EN9_2#07e73c8f	-10.3	1.30	0.70	3930
1279	castle_village_EN9_2	Drowned Wood	638.00	323.10	14.9	27	0	coast	castle_village_EN9_2#91390709	H	0	2	10.0	-	castle_village_EN9_2#26fc5134,castle_village_EN9_2#612eaf05,castle_village_EN9_2#2b979952,castle_village_EN9_2#07e73c8f	-165.1	1.30	0.70	3164
1280	castle_village_EN9_2	Hindbrook	627.07	344.85	73.2	16	2	road	castle_village_EN9_2#612eaf05	R	1	1	13.0	-	castle_village_EN9_2#91390709,castle_village_EN9_2#26fc5134,castle_village_EN9_2#2b979952,castle_village_EN9_2#07e73c8f	73.2	1.30	0.70	4035
1281	castle_village_EN9_2	Bronzehaven	646.85	324.50	7.2	16	3	coast	castle_village_EN9_2#2b979952	R	1	1	18.0	-	castle_village_EN9_2#91390709,castle_village_EN9_2#26fc5134,castle_village_EN9_2#612eaf05,castle_village_EN9_2#07e73c8f	-172.8	1.30	0.70	3164
1282	castle_village_EN9_2	Saltdown	653.68	326.56	31.3	16	4	coast	castle_village_EN9_2#07e73c8f	R	1	1	24.5	-	castle_village_EN9_2#91390709,castle_village_EN9_2#26fc5134,castle_village_EN9_2#612eaf05,castle_village_EN9_2#2b979952	-148.7	1.30	0.70	3193
1283	castle_village_ES1_1	Eskynia	956.08	453.00	48.2	26	6	bridge	castle_village_ES1_1#f0e6d66a	H	0	2	14.1	castle_village_ES1_1#cbd1d881	castle_village_ES1_1#cbd1d881,castle_village_ES1_1#b4b8b55d,castle_village_ES1_1#c9d594c1,castle_village_ES1_1#a136483f	-131.8	1.30	0.70	6555
1284	castle_village_ES1_1	Sotario	957.50	465.23	27.4	26	2	crossroad	castle_village_ES1_1#b4b8b55d	H	0	2	9.1	castle_village_ES1_1#c9d594c1	castle_village_ES1_1#c9d594c1,castle_village_ES1_1#cbd1d881,castle_village_ES1_1#a136483f,castle_village_ES1_1#f0e6d66a	-152.6	1.30	0.70	6558
1285	castle_village_ES1_1	Illytyra	971.77	479.50	62.0	26	10	crossroad	castle_village_ES1_1#110ee744	H	0	2	20.1	castle_village_ES1_1#11235a8f	castle_village_ES1_1#11235a8f,castle_village_ES1_1#11af3d16,castle_village_ES1_1#e1f28f0a,castle_village_ES1_1#b6648d5c	-118.0	1.30	0.70	6562
1286	castle_village_ES1_1	Tiahe	960.35	458.91	73.6	15	3	road	castle_village_ES1_1#cbd1d881	R	1	1	11.8	castle_village_ES1_1#b4b8b55d	castle_village_ES1_1#f0e6d66a,castle_village_ES1_1#b4b8b55d,castle_village_ES1_1#c9d594c1,castle_village_ES1_1#a136483f	73.6	1.30	0.70	6553
1287	castle_village_ES1_1	Henia	952.27	462.88	170.7	15	0	road	castle_village_ES1_1#c9d594c1	R	1	1	6.5	-	castle_village_ES1_1#b4b8b55d,castle_village_ES1_1#cbd1d881,castle_village_ES1_1#a136483f,castle_village_ES1_1#f0e6d66a	-9.3	1.30	0.70	6558
1288	castle_village_ES1_1	Pellosmo	963.45	464.91	43.1	15	4	road	castle_village_ES1_1#a136483f	R	-1	1	12.1	castle_village_ES1_1#b4b8b55d	castle_village_ES1_1#b4b8b55d,castle_village_ES1_1#11af3d16,castle_village_ES1_1#c9d594c1,castle_village_ES1_1#cbd1d881	43.1	1.30	0.70	6538
1289	castle_village_ES1_1	Drorvido	972.29	473.75	40.9	15	9	road	castle_village_ES1_1#11235a8f	R	-1	1	18.7	castle_village_ES1_1#11af3d16	castle_village_ES1_1#110ee744,castle_village_ES1_1#11af3d16,castle_village_ES1_1#e1f28f0a,castle_village_ES1_1#a136483f	40.9	1.30	0.70	6561
1290	castle_village_ES1_1	Vatis	965.57	474.11	41.3	15	7	road	castle_village_ES1_1#11af3d16	R	1	1	17.2	castle_village_ES1_1#a136483f	castle_village_ES1_1#11235a8f,castle_village_ES1_1#110ee744,castle_village_ES1_1#a136483f,castle_village_ES1_1#e1f28f0a	-138.7	1.30	0.70	6559
1291	castle_village_ES1_1	Luviro	968.85	485.98	131.5	15	11	road	castle_village_ES1_1#e1f28f0a	R	1	1	23.9	castle_village_ES1_1#110ee744	castle_village_ES1_1#b6648d5c,castle_village_ES1_1#110ee744,castle_village_ES1_1#11235a8f,castle_village_ES1_1#cbdd4f0e	131.5	1.30	0.70	6560
1292	castle_village_ES1_1	Pesazi	962.13	487.04	135.9	15	12	road	castle_village_ES1_1#b6648d5c	R	-1	1	26.8	castle_village_ES1_1#e1f28f0a	castle_village_ES1_1#cbdd4f0e,castle_village_ES1_1#e1f28f0a,castle_village_ES1_1#110ee744,castle_village_ES1_1#11235a8f	-44.1	1.30	0.70	6560
1293	castle_village_ES1_1	Ponira	960.36	493.76	137.7	15	13	road	castle_village_ES1_1#cbdd4f0e	R	1	1	29.7	castle_village_ES1_1#b6648d5c	castle_village_ES1_1#b6648d5c,castle_village_ES1_1#e1f28f0a,castle_village_ES1_1#110ee744,castle_village_ES1_1#11235a8f	137.7	1.30	0.70	11046
1294	castle_village_ES1_1	Lulina	948.45	452.88	176.4	15	8	river	castle_village_ES1_1#227a3285	R	1	1	17.5	castle_village_ES1_1#00ec5241	castle_village_ES1_1#00ec5241,castle_village_ES1_1#c9d594c1,castle_village_ES1_1#62d335b3,castle_village_ES1_1#b4b8b55d	176.4	1.30	0.70	6539
1295	castle_village_ES1_1	Tiavilo	944.53	455.96	108.3	15	5	river	castle_village_ES1_1#00ec5241	R	1	1	13.8	-	castle_village_ES1_1#227a3285,castle_village_ES1_1#c9d594c1,castle_village_ES1_1#62d335b3,castle_village_ES1_1#b4b8b55d	108.3	1.30	0.70	6539
1296	castle_village_ES1_1	Illyra	940.09	463.79	112.2	15	1	river	castle_village_ES1_1#62d335b3	R	1	1	6.6	-	castle_village_ES1_1#c9d594c1,castle_village_ES1_1#b4b8b55d,castle_village_ES1_1#cbd1d881,castle_village_ES1_1#a136483f	112.2	1.30	0.70	6556
1297	castle_village_ES1_2	Olivebridge	963.86	447.23	56.4	27	8	bridge	castle_village_ES1_2#3b48b763	H	0	2	21.5	castle_village_ES1_2#ac1a7ec9	castle_village_ES1_2#2d908f7d,castle_village_ES1_2#ac1a7ec9,castle_village_ES1_2#655950d5,castle_village_ES1_2#4736b365	56.4	1.30	0.70	6495
1298	castle_village_ES1_2	Luzzo	997.33	440.81	115.8	27	2	river	castle_village_ES1_2#4254185f	H	0	2	11.2	-	castle_village_ES1_2#4736b365,castle_village_ES1_2#ac1a7ec9,castle_village_ES1_2#b98b68b3,castle_village_ES1_2#655950d5	-64.2	1.30	0.70	6483
1299	castle_village_ES1_2	Molitys	973.00	434.50	176.3	16	1	road	castle_village_ES1_2#ac1a7ec9	R	-1	1	9.5	castle_village_ES1_2#4736b365	castle_village_ES1_2#655950d5,castle_village_ES1_2#4736b365,castle_village_ES1_2#3b48b763,castle_village_ES1_2#2d908f7d	-3.7	1.30	0.70	6498
1300	castle_village_ES1_2	Tiatazo	982.00	434.50	178.7	16	0	road	castle_village_ES1_2#4736b365	R	-1	1	5.0	-	castle_village_ES1_2#ac1a7ec9,castle_village_ES1_2#655950d5,castle_village_ES1_2#4254185f,castle_village_ES1_2#3b48b763	-1.3	1.30	0.70	6499
1301	castle_village_ES1_2	Esmatyna	966.00	435.50	2.8	16	4	road	castle_village_ES1_2#655950d5	R	-1	1	12.2	castle_village_ES1_2#ac1a7ec9	castle_village_ES1_2#ac1a7ec9,castle_village_ES1_2#4736b365,castle_village_ES1_2#3b48b763,castle_village_ES1_2#2d908f7d	2.8	1.30	0.70	4923
1302	castle_village_ES1_2	Turtlestone	1003.86	419.75	129.0	16	11	river	castle_village_ES1_2#ed1a7af2	R	-1	1	25.6	castle_village_ES1_2#0a746d53	castle_village_ES1_2#0a746d53,castle_village_ES1_2#4736b365,castle_village_ES1_2#ac1a7ec9,castle_village_ES1_2#4254185f	-51.0	1.30	0.70	6482
1303	castle_village_ES1_2	Merritis	999.16	428.81	110.6	16	6	river	castle_village_ES1_2#0a746d53	R	-1	1	16.3	-	castle_village_ES1_2#ed1a7af2,castle_village_ES1_2#4736b365,castle_village_ES1_2#ac1a7ec9,castle_village_ES1_2#4254185f	-69.4	1.30	0.70	6497
1304	castle_village_ES1_2	Bosmo	994.44	446.01	134.0	16	3	river	castle_village_ES1_2#b98b68b3	R	-1	1	11.8	-	castle_village_ES1_2#cb4d0c5f,castle_village_ES1_2#4736b365,castle_village_ES1_2#ac1a7ec9,castle_village_ES1_2#4254185f	-46.0	1.30	0.70	6483
1305	castle_village_ES1_2	Penitys	991.16	449.73	131.8	16	5	river	castle_village_ES1_2#cb4d0c5f	R	-1	1	13.6	castle_village_ES1_2#b98b68b3	castle_village_ES1_2#b98b68b3,castle_village_ES1_2#4736b365,castle_village_ES1_2#ac1a7ec9,castle_village_ES1_2#4254185f	-48.2	1.30	0.70	6483
1306	castle_village_ES1_2	Figwood	967.71	451.78	59.8	16	10	river	castle_village_ES1_2#2d908f7d	R	-1	1	24.0	castle_village_ES1_2#3b48b763	castle_village_ES1_2#3b48b763,castle_village_ES1_2#ac1a7ec9,castle_village_ES1_2#655950d5,castle_village_ES1_2#4736b365	59.8	1.30	0.70	6484
1307	castle_village_ES1_2	Palossa	986.02	454.24	137.4	16	7	river	castle_village_ES1_2#95b054c7	R	-1	1	17.9	-	castle_village_ES1_2#47484387,castle_village_ES1_2#4736b365,castle_village_ES1_2#ac1a7ec9,castle_village_ES1_2#4254185f	-42.6	1.30	0.70	6496
1308	castle_village_ES1_2	Mezzo	971.08	457.08	62.3	16	12	river	castle_village_ES1_2#38131888	R	-1	1	27.4	-	castle_village_ES1_2#210ab45a,castle_village_ES1_2#4736b365,castle_village_ES1_2#ac1a7ec9,castle_village_ES1_2#4254185f	62.3	1.30	0.70	6484
1309	castle_village_ES1_2	Eskylismo	982.19	457.98	138.4	16	9	river	castle_village_ES1_2#47484387	R	-1	1	22.8	castle_village_ES1_2#95b054c7	castle_village_ES1_2#95b054c7,castle_village_ES1_2#4736b365,castle_village_ES1_2#ac1a7ec9,castle_village_ES1_2#4254185f	-41.6	1.30	0.70	6496
1310	castle_village_ES1_2	Hevizzo	974.67	460.49	168.5	16	13	river	castle_village_ES1_2#210ab45a	R	-1	1	29.2	castle_village_ES1_2#38131888	castle_village_ES1_2#38131888,castle_village_ES1_2#4736b365,castle_village_ES1_2#ac1a7ec9,castle_village_ES1_2#4254185f	-11.5	1.30	0.70	6484
1311	castle_village_ES2_1	Mebuntor	1033.27	391.94	116.4	27	9	river	castle_village_ES2_1#055983c0	H	0	2	39.4	-	castle_village_ES2_1#2e06f8b6,castle_village_ES2_1#2f3bf506,castle_village_ES2_1#e2de5433,castle_village_ES2_1#8e406cf4	-63.6	1.30	0.70	6502
1312	castle_village_ES2_1	Agrilisos	984.00	393.50	179.2	16	6	road	castle_village_ES2_1#3ec31d9c	R	1	1	15.6	castle_village_ES2_1#9d313a4c	castle_village_ES2_1#9d313a4c,castle_village_ES2_1#8e406cf4,castle_village_ES2_1#e2de5433,castle_village_ES2_1#2f3bf506	-0.8	1.30	0.70	6504
1313	castle_village_ES2_1	Thesos	1005.50	393.50	178.3	16	0	road	castle_village_ES2_1#2e06f8b6	R	1	1	5.1	-	castle_village_ES2_1#2f3bf506,castle_village_ES2_1#e2de5433,castle_village_ES2_1#8e406cf4,castle_village_ES2_1#9d313a4c	-1.7	1.30	0.70	6504
1314	castle_village_ES2_1	Rhelisia	996.50	394.00	177.2	16	2	road	castle_village_ES2_1#e2de5433	R	1	1	8.6	castle_village_ES2_1#2f3bf506	castle_village_ES2_1#2f3bf506,castle_village_ES2_1#8e406cf4,castle_village_ES2_1#2e06f8b6,castle_village_ES2_1#9d313a4c	-2.8	1.30	0.70	6504
1315	castle_village_ES2_1	Talentor	993.00	397.50	177.5	16	3	road	castle_village_ES2_1#8e406cf4	R	-1	1	11.0	castle_village_ES2_1#e2de5433	castle_village_ES2_1#e2de5433,castle_village_ES2_1#9d313a4c,castle_village_ES2_1#2f3bf506,castle_village_ES2_1#3ec31d9c	177.5	1.30	0.70	6504
1316	castle_village_ES2_1	Coremos	1002.00	397.50	3.0	16	1	road	castle_village_ES2_1#2f3bf506	R	-1	1	6.5	castle_village_ES2_1#2e06f8b6	castle_village_ES2_1#2e06f8b6,castle_village_ES2_1#e2de5433,castle_village_ES2_1#8e406cf4,castle_village_ES2_1#9d313a4c	-177.0	1.30	0.70	6504
1317	castle_village_ES2_1	Ulesua	987.50	398.50	179.0	16	5	road	castle_village_ES2_1#9d313a4c	R	-1	1	15.1	castle_village_ES2_1#8e406cf4	castle_village_ES2_1#3ec31d9c,castle_village_ES2_1#8e406cf4,castle_village_ES2_1#e2de5433,castle_village_ES2_1#2f3bf506	179.0	1.30	0.70	6500
1318	castle_village_ES2_1	Themis	1031.70	373.24	60.6	16	11	river	castle_village_ES2_1#101b49a6	R	-1	1	50.6	-	castle_village_ES2_1#2e06f8b6,castle_village_ES2_1#2f3bf506,castle_village_ES2_1#e2de5433,castle_village_ES2_1#8e406cf4	-119.4	1.30	0.70	6503
1319	castle_village_ES2_1	Hanelos	1033.65	386.13	96.7	16	10	river	castle_village_ES2_1#faee5794	R	-1	1	41.4	-	castle_village_ES2_1#2e06f8b6,castle_village_ES2_1#2f3bf506,castle_village_ES2_1#e2de5433,castle_village_ES2_1#8e406cf4	-83.3	1.30	0.70	6480
1320	castle_village_ES2_1	Potar	1022.89	403.19	140.2	16	7	river	castle_village_ES2_1#c57f7282	R	-1	1	20.4	-	castle_village_ES2_1#2e06f8b6,castle_village_ES2_1#2f3bf506,castle_village_ES2_1#e2de5433,castle_village_ES2_1#8e406cf4	-39.8	1.30	0.70	6481
1321	castle_village_ES2_1	Meleos	1015.37	408.71	150.7	16	4	river	castle_village_ES2_1#56ae33f5	R	-1	1	15.0	-	castle_village_ES2_1#2e06f8b6,castle_village_ES2_1#2f3bf506,castle_village_ES2_1#e2de5433,castle_village_ES2_1#8e406cf4	-29.3	1.30	0.70	6501
1322	castle_village_ES2_1	Vendos	1007.55	416.41	138.0	16	8	river	castle_village_ES2_1#0a7a9a77	R	-1	1	24.3	-	castle_village_ES2_1#2e06f8b6,castle_village_ES2_1#2f3bf506,castle_village_ES2_1#e2de5433,castle_village_ES2_1#8e406cf4	-42.0	1.30	0.70	6482
1323	castle_village_ES2_2	Erembapyr	1030.17	420.37	135.9	16	4	road	castle_village_ES2_2#2b3e27ea	R	1	1	16.9	castle_village_ES2_2#0135da7e	castle_village_ES2_2#0135da7e,castle_village_ES2_2#f158dff9,castle_village_ES2_2#f155d0a2,castle_village_ES2_2#f14fc80b	135.9	1.30	0.70	6685
1324	castle_village_ES2_2	Saburtea	1019.99	429.68	97.0	16	5	road	castle_village_ES2_2#f14fd08a	R	1	1	17.0	castle_village_ES2_2#f14fc80b	castle_village_ES2_2#f14fc80b,castle_village_ES2_2#75578a23,castle_village_ES2_2#677d2c77,castle_village_ES2_2#83d40030	97.0	1.30	0.70	6689
1325	castle_village_ES2_2	Tanechia	1020.50	437.00	88.1	16	2	road	castle_village_ES2_2#f14fc80b	R	1	1	10.9	-	castle_village_ES2_2#f14fd08a,castle_village_ES2_2#75578a23,castle_village_ES2_2#677d2c77,castle_village_ES2_2#83d40030	88.1	1.30	0.70	6689
1326	castle_village_ES2_2	Membassia	1020.50	443.50	88.1	16	0	road	castle_village_ES2_2#f158dff9	R	1	1	8.0	-	castle_village_ES2_2#cd4c7e64,castle_village_ES2_2#cd4a4374,castle_village_ES2_2#f155d0a2,castle_village_ES2_2#f14fc80b	88.1	1.30	0.70	6690
1327	castle_village_ES2_2	Oliverock	1020.50	452.50	94.3	16	1	road	castle_village_ES2_2#f155d0a2	R	1	1	9.4	-	castle_village_ES2_2#f15e398b,castle_village_ES2_2#46c1942d,castle_village_ES2_2#f158dff9,castle_village_ES2_2#83df5ef3	94.3	1.30	0.70	6646
1328	castle_village_ES2_2	Tambanos	1020.50	464.50	93.0	16	6	road	castle_village_ES2_2#f15e398b	R	1	1	18.6	castle_village_ES2_2#f155d0a2	castle_village_ES2_2#f155d0a2,castle_village_ES2_2#46c1942d,castle_village_ES2_2#f158dff9,castle_village_ES2_2#83df5ef3	93.0	1.30	0.70	6640
1329	castle_village_ES2_2	Kebusos	1031.50	426.00	90.4	16	3	road	castle_village_ES2_2#0135da7e	R	1	1	12.9	-	castle_village_ES2_2#2b3e27ea,castle_village_ES2_2#f158dff9,castle_village_ES2_2#f155d0a2,castle_village_ES2_2#f14fc80b	-89.6	1.30	0.70	6685
1330	castle_village_ES2_2	Pegos	1019.37	418.52	144.3	16	12	river	castle_village_ES2_2#677d2c77	R	1	1	28.3	castle_village_ES2_2#f14fd08a	castle_village_ES2_2#f14fd08a,castle_village_ES2_2#f14fc80b,castle_village_ES2_2#75578a23,castle_village_ES2_2#83d40030	144.3	1.30	0.70	6642
1331	castle_village_ES2_2	Lambagos	1014.51	420.02	144.4	16	11	river	castle_village_ES2_2#75578a23	R	1	1	27.9	castle_village_ES2_2#f14fd08a	castle_village_ES2_2#f14fd08a,castle_village_ES2_2#f14fc80b,castle_village_ES2_2#677d2c77,castle_village_ES2_2#83d40030	144.4	1.30	0.70	6642
1332	castle_village_ES2_2	Kertea	1007.34	427.82	116.4	16	13	river	castle_village_ES2_2#83d40030	R	1	1	29.4	castle_village_ES2_2#f14fc80b	castle_village_ES2_2#f14fc80b,castle_village_ES2_2#f14fd08a,castle_village_ES2_2#75578a23,castle_village_ES2_2#677d2c77	116.4	1.30	0.70	6681
1333	castle_village_ES2_2	Agritar	1005.90	446.54	81.6	16	7	river	castle_village_ES2_2#cd4c7e64	R	1	1	21.9	castle_village_ES2_2#f158dff9	castle_village_ES2_2#f158dff9,castle_village_ES2_2#cd4a4374,castle_village_ES2_2#f155d0a2,castle_village_ES2_2#f14fc80b	81.6	1.30	0.70	6641
1334	castle_village_ES2_2	Thelertea	1006.33	454.38	80.9	16	8	river	castle_village_ES2_2#cd4a4374	R	1	1	24.0	castle_village_ES2_2#f158dff9	castle_village_ES2_2#f158dff9,castle_village_ES2_2#cd4c7e64,castle_village_ES2_2#f155d0a2,castle_village_ES2_2#f14fc80b	80.9	1.30	0.70	6691
1335	castle_village_ES2_2	Nontor	1007.55	459.50	84.1	16	9	river	castle_village_ES2_2#46c1942d	R	1	1	25.1	castle_village_ES2_2#f155d0a2	castle_village_ES2_2#f155d0a2,castle_village_ES2_2#f15e398b,castle_village_ES2_2#f158dff9,castle_village_ES2_2#83df5ef3	84.1	1.30	0.70	6640
1336	castle_village_ES2_2	Taranos	1007.03	464.99	94.3	16	10	river	castle_village_ES2_2#83df5ef3	R	1	1	27.2	castle_village_ES2_2#f155d0a2	castle_village_ES2_2#f155d0a2,castle_village_ES2_2#f15e398b,castle_village_ES2_2#46c1942d,castle_village_ES2_2#f158dff9	94.3	1.30	0.70	6640
1337	castle_village_ES3_1	Noygori	1082.62	301.58	12.5	16	0	road	castle_village_ES3_1#64b140e7	R	1	1	6.4	-	castle_village_ES3_1#84d9264e,castle_village_ES3_1#e0a94f3b,castle_village_ES3_1#155f3d90,castle_village_ES3_1#64b136b5	12.5	1.30	0.70	7423
1338	castle_village_ES3_1	Ulmanna	1088.84	307.21	45.9	16	1	road	castle_village_ES3_1#84d9264e	R	1	1	9.5	castle_village_ES3_1#64b140e7	castle_village_ES3_1#64b140e7,castle_village_ES3_1#e0a94f3b,castle_village_ES3_1#155f3d90,castle_village_ES3_1#64b136b5	45.9	1.30	0.70	7433
1339	castle_village_ES3_1	Gonnis	1082.81	308.15	41.4	16	2	road	castle_village_ES3_1#64b136b5	R	-1	1	9.8	-	castle_village_ES3_1#64b140e7,castle_village_ES3_1#84d9264e,castle_village_ES3_1#e0a94f3b,castle_village_ES3_1#155f3d90	-138.6	1.30	0.70	7432
1340	castle_village_ES3_1	Drassa	1089.76	314.65	47.5	16	3	road	castle_village_ES3_1#e0a94f3b	R	-1	1	14.2	castle_village_ES3_1#84d9264e	castle_village_ES3_1#155f3d90,castle_village_ES3_1#84d9264e,castle_village_ES3_1#64b140e7,castle_village_ES3_1#64b136b5	-132.5	1.30	0.70	7433
1341	castle_village_ES3_1	Ulmahor	1093.93	318.27	49.6	16	4	road	castle_village_ES3_1#155f3d90	R	-1	1	16.0	castle_village_ES3_1#e0a94f3b	castle_village_ES3_1#e0a94f3b,castle_village_ES3_1#84d9264e,castle_village_ES3_1#64b140e7,castle_village_ES3_1#64b136b5	-130.4	1.30	0.70	7436
1342	castle_village_ES3_1	Tygonna	1103.73	295.94	45.7	16	5	road	castle_village_ES3_1#3479061f	R	-1	1	29.9	castle_village_ES3_1#64b140e7	castle_village_ES3_1#64b140e7,castle_village_ES3_1#84d9264e,castle_village_ES3_1#e0a94f3b,castle_village_ES3_1#155f3d90	-134.3	1.30	0.70	7435
1343	castle_village_ES3_2	Vaqos	1129.50	327.50	175.3	16	7	road	castle_village_ES3_2#3698e23d	R	-1	1	26.0	castle_village_ES3_2#5157dd0d	castle_village_ES3_2#5157dd0d,castle_village_ES3_2#213abf3b,castle_village_ES3_2#2a167332,castle_village_ES3_2#3a9321c7	-4.7	1.30	0.70	7533
1344	castle_village_ES3_2	Tyline	1120.50	331.50	0.5	16	4	road	castle_village_ES3_2#3a9321c7	R	1	1	20.5	castle_village_ES3_2#213abf3b	castle_village_ES3_2#213abf3b,castle_village_ES3_2#2a167332,castle_village_ES3_2#49672575,castle_village_ES3_2#5157dd0d	-179.5	1.30	0.70	7618
1345	castle_village_ES3_2	Sponna	1126.00	331.50	177.3	16	5	road	castle_village_ES3_2#5157dd0d	R	1	1	22.8	castle_village_ES3_2#213abf3b	castle_village_ES3_2#3698e23d,castle_village_ES3_2#213abf3b,castle_village_ES3_2#2a167332,castle_village_ES3_2#3a9321c7	177.3	1.30	0.70	7618
1346	castle_village_ES3_2	Massa	1134.34	333.04	23.8	16	6	road	castle_village_ES3_2#c133d829	R	1	1	24.5	castle_village_ES3_2#213abf3b	castle_village_ES3_2#213abf3b,castle_village_ES3_2#2a167332,castle_village_ES3_2#3a9321c7,castle_village_ES3_2#49672575	-156.2	1.30	0.70	7617
1347	castle_village_ES3_2	Vhonna	1140.17	333.50	176.1	16	8	road	castle_village_ES3_2#1e4a086b	R	1	1	28.3	-	castle_village_ES3_2#213abf3b,castle_village_ES3_2#2a167332,castle_village_ES3_2#49672575,castle_village_ES3_2#168a8611	176.1	1.30	0.70	7627
1348	castle_village_ES3_2	Ar Gorarsos	1113.79	344.95	38.9	16	1	river	castle_village_ES3_2#2a167332	R	1	1	6.7	castle_village_ES3_2#213abf3b	castle_village_ES3_2#213abf3b,castle_village_ES3_2#3a9321c7,castle_village_ES3_2#49672575,castle_village_ES3_2#5157dd0d	38.9	1.30	0.70	7439
1349	castle_village_ES3_2	Stonebend	1116.73	348.94	52.4	16	0	river	castle_village_ES3_2#213abf3b	R	1	1	4.9	-	castle_village_ES3_2#2a167332,castle_village_ES3_2#3a9321c7,castle_village_ES3_2#49672575,castle_village_ES3_2#5157dd0d	52.4	1.30	0.70	7439
1350	castle_village_ES3_2	Vhovero	1117.97	361.64	105.9	16	2	river	castle_village_ES3_2#49672575	R	1	1	12.3	-	castle_village_ES3_2#168a8611,castle_village_ES3_2#213abf3b,castle_village_ES3_2#16876e3b,castle_village_ES3_2#2a167332	105.9	1.30	0.70	7493
1351	castle_village_ES3_2	Noydalion	1116.32	367.82	99.2	16	3	river	castle_village_ES3_2#168a8611	R	1	1	19.1	castle_village_ES3_2#49672575	castle_village_ES3_2#49672575,castle_village_ES3_2#16876e3b,castle_village_ES3_2#213abf3b,castle_village_ES3_2#2a167332	99.2	1.30	0.70	7440
1352	castle_village_ES3_2	Mavena	1115.52	378.60	100.5	16	9	river	castle_village_ES3_2#16876e3b	R	1	1	31.2	castle_village_ES3_2#168a8611	castle_village_ES3_2#168a8611,castle_village_ES3_2#49672575,castle_village_ES3_2#213abf3b,castle_village_ES3_2#2a167332	100.5	1.30	0.70	7441
1353	castle_village_ES4_1	Greyhaven	632.38	240.38	12.9	27	0	coast	castle_village_ES4_1#4229ed84	H	0	2	7.7	-	-	12.9	1.30	0.70	3243
1354	castle_village_ES4_2	Knight's Strand	624.46	239.43	7.2	16	0	coast	castle_village_ES4_2#6dd909b2	R	1	1	18.9	-	-	7.2	1.30	0.70	3203
1355	castle_village_ES5_1	Shepherd's Wood	196.69	288.12	57.1	27	1	crossroad	castle_village_ES5_1#a280ed83	H	0	2	9.5	castle_village_ES5_1#5e67c2e9	castle_village_ES5_1#5e67c2e9,castle_village_ES5_1#6df96eea,castle_village_ES5_1#b17f1444,castle_village_ES5_1#a70e09c6	-122.9	1.30	0.70	2673
1356	castle_village_ES5_1	Beggar's Strand	183.50	280.50	154.5	27	5	coast	castle_village_ES5_1#f0c8670b	H	0	2	23.3	castle_village_ES5_1#b17f1444	castle_village_ES5_1#b17f1444,castle_village_ES5_1#a70e09c6,castle_village_ES5_1#f1fb26b8,castle_village_ES5_1#5e67c2e9	154.5	1.30	0.70	2623
1357	castle_village_ES5_1	Oxwick	192.57	283.35	174.0	16	2	road	castle_village_ES5_1#6df96eea	R	1	1	16.1	castle_village_ES5_1#a280ed83	castle_village_ES5_1#a280ed83,castle_village_ES5_1#5e67c2e9,castle_village_ES5_1#b17f1444,castle_village_ES5_1#a70e09c6	-6.0	1.30	0.70	2672
1358	castle_village_ES5_1	Hornrock	181.15	286.09	117.7	16	4	road	castle_village_ES5_1#a70e09c6	R	1	1	20.9	castle_village_ES5_1#b17f1444	castle_village_ES5_1#b17f1444,castle_village_ES5_1#f1fb26b8,castle_village_ES5_1#f0c8670b,castle_village_ES5_1#5e67c2e9	-62.3	1.30	0.70	2589
1359	castle_village_ES5_1	Redmark	187.97	289.19	177.6	16	3	road	castle_village_ES5_1#b17f1444	R	-1	1	18.4	castle_village_ES5_1#5e67c2e9	castle_village_ES5_1#a70e09c6,castle_village_ES5_1#f0c8670b,castle_village_ES5_1#f1fb26b8,castle_village_ES5_1#5e67c2e9	177.6	1.30	0.70	2670
1360	castle_village_ES5_1	Barleywick	180.00	291.52	123.2	16	6	road	castle_village_ES5_1#f1fb26b8	R	1	1	23.4	castle_village_ES5_1#a70e09c6	castle_village_ES5_1#a70e09c6,castle_village_ES5_1#b17f1444,castle_village_ES5_1#f0c8670b,castle_village_ES5_1#5e67c2e9	-56.8	1.30	0.70	2589
1361	castle_village_ES5_1	Boarbrook	202.00	294.00	89.4	16	0	road	castle_village_ES5_1#5e67c2e9	R	-1	1	6.4	-	castle_village_ES5_1#a280ed83,castle_village_ES5_1#6df96eea,castle_village_ES5_1#b17f1444,castle_village_ES5_1#a70e09c6	89.4	1.30	0.70	3800
1362	castle_village_ES5_2	Hornham	243.40	292.25	62.1	27	4	crossroad	castle_village_ES5_2#7673170d	H	0	2	23.1	castle_village_ES5_2#a4e7dbf9	castle_village_ES5_2#a4e7dbf9,castle_village_ES5_2#b099839e,castle_village_ES5_2#39e9614d,castle_village_ES5_2#b99a265f	62.1	1.30	0.70	2697
1363	castle_village_ES5_2	Old Croft	240.60	302.43	48.6	16	2	road	castle_village_ES5_2#a4e7dbf9	R	-1	1	15.1	-	castle_village_ES5_2#b099839e,castle_village_ES5_2#7673170d,castle_village_ES5_2#39e9614d,castle_village_ES5_2#b99a265f	-131.4	1.30	0.70	17583
1364	castle_village_ES5_2	Three Oaks	244.13	305.96	48.9	16	3	road	castle_village_ES5_2#b099839e	R	-1	1	18.1	castle_village_ES5_2#a4e7dbf9	castle_village_ES5_2#a4e7dbf9,castle_village_ES5_2#7673170d,castle_village_ES5_2#39e9614d,castle_village_ES5_2#b99a265f	-131.1	1.30	0.70	17582
1365	castle_village_ES5_2	Deepstone	222.78	300.07	41.7	16	1	road	castle_village_ES5_2#b99a265f	R	-1	1	5.7	castle_village_ES5_2#39e9614d	castle_village_ES5_2#39e9614d,castle_village_ES5_2#a4e7dbf9,castle_village_ES5_2#b099839e,castle_village_ES5_2#7673170d	41.7	1.30	0.70	13920
1366	castle_village_ES5_2	Brightham	223.62	305.00	44.2	16	0	road	castle_village_ES5_2#39e9614d	R	1	1	4.9	-	castle_village_ES5_2#b99a265f,castle_village_ES5_2#a4e7dbf9,castle_village_ES5_2#b099839e,castle_village_ES5_2#7673170d	-135.8	1.30	0.70	3898
1367	castle_village_ES6_1	Memasso	932.50	623.50	90.2	27	2	coast	castle_village_ES6_1#68055001	H	0	2	8.0	castle_village_ES6_1#e3c51abb	castle_village_ES6_1#e3c51abb,castle_village_ES6_1#68084275,castle_village_ES6_1#31839496,castle_village_ES6_1#e3fd636e	-89.8	1.30	0.70	6760
1368	castle_village_ES6_1	Moria	926.46	628.96	150.7	27	1	crossroad	castle_village_ES6_1#e3c51abb	H	0	2	4.9	-	castle_village_ES6_1#68055001,castle_village_ES6_1#68084275,castle_village_ES6_1#e3fd636e,castle_village_ES6_1#31839496	-29.3	1.30	0.70	6714
1369	castle_village_ES6_1	Fornelo	932.14	615.07	131.2	16	3	road	castle_village_ES6_1#68084275	R	1	1	11.4	castle_village_ES6_1#68055001	castle_village_ES6_1#68055001,castle_village_ES6_1#31839496,castle_village_ES6_1#e3c51abb,castle_village_ES6_1#e3fd636e	-48.8	1.30	0.70	6715
1370	castle_village_ES6_1	Tolisos	939.91	616.70	4.3	16	4	road	castle_village_ES6_1#31839496	R	-1	1	15.3	castle_village_ES6_1#68084275	castle_village_ES6_1#68084275,castle_village_ES6_1#68055001,castle_village_ES6_1#e3c51abb,castle_village_ES6_1#e3fd636e	-175.7	1.30	0.70	3839
1371	castle_village_ES6_1	Veava	925.27	635.87	110.6	16	0	road	castle_village_ES6_1#e3fd636e	R	-1	1	4.8	-	castle_village_ES6_1#e3c51abb,castle_village_ES6_1#68055001,castle_village_ES6_1#68084275,castle_village_ES6_1#31839496	-69.4	1.30	0.70	6714
1372	castle_village_ES6_2	Fevos	881.46	647.96	148.3	27	1	crossroad	castle_village_ES6_2#9308e7b3	H	0	2	13.3	castle_village_ES6_2#d6bd06fb	castle_village_ES6_2#b2f5a4a4,castle_village_ES6_2#4d5120ca,castle_village_ES6_2#4d510fcc,castle_village_ES6_2#d6bd06fb	-31.7	1.30	0.70	6621
1373	castle_village_ES6_2	Neria	895.87	648.31	178.8	16	0	road	castle_village_ES6_2#d6bd06fb	R	1	1	5.3	-	castle_village_ES6_2#9308e7b3,castle_village_ES6_2#b2f5a4a4,castle_village_ES6_2#4d5120ca,castle_village_ES6_2#4d510fcc	-1.2	1.30	0.70	6604
1374	castle_village_ES6_2	Iksa Iksalo	890.88	633.29	125.6	16	4	river	castle_village_ES6_2#4d510fcc	R	-1	1	20.5	castle_village_ES6_2#4d5120ca	castle_village_ES6_2#4d5120ca,castle_village_ES6_2#b2f5a4a4,castle_village_ES6_2#9308e7b3,castle_village_ES6_2#d6bd06fb	125.6	1.30	0.70	10986
1375	castle_village_ES6_2	Kerneno	890.87	638.72	114.5	16	3	river	castle_village_ES6_2#4d5120ca	R	-1	1	20.1	castle_village_ES6_2#b2f5a4a4	castle_village_ES6_2#4d510fcc,castle_village_ES6_2#b2f5a4a4,castle_village_ES6_2#9308e7b3,castle_village_ES6_2#d6bd06fb	114.5	1.30	0.70	10985
1376	castle_village_ES6_2	Ketama	887.50	644.50	146.6	8	2	field	castle_village_ES6_2#b2f5a4a4	F	0	1	16.9	castle_village_ES6_2#9308e7b3	castle_village_ES6_2#4d5120ca,castle_village_ES6_2#9308e7b3,castle_village_ES6_2#4d510fcc,castle_village_ES6_2#d6bd06fb	146.6	1.30	0.70	6619
1377	castle_village_ES7_2	Eugar	1034.86	639.39	172.2	16	0	road	castle_village_ES7_2#e989f9f8	R	-1	1	6.0	-	castle_village_ES7_2#d85681df,castle_village_ES7_2#fb5000bd,castle_village_ES7_2#e2e9bd0a,castle_village_ES7_2#59ee5622	-7.8	1.30	0.70	6745
1378	castle_village_ES7_2	Dusirath	1030.20	614.01	6.9	16	4	road	castle_village_ES7_2#59ee5622	R	1	1	21.6	castle_village_ES7_2#e2e9bd0a	castle_village_ES7_2#e2e9bd0a,castle_village_ES7_2#fb5000bd,castle_village_ES7_2#d85681df,castle_village_ES7_2#e989f9f8	6.9	1.30	0.70	12389
1379	castle_village_ES7_2	Aeranton	1040.88	614.14	26.7	16	3	road	castle_village_ES7_2#e2e9bd0a	R	1	1	17.5	castle_village_ES7_2#fb5000bd	castle_village_ES7_2#fb5000bd,castle_village_ES7_2#59ee5622,castle_village_ES7_2#d85681df,castle_village_ES7_2#e989f9f8	26.7	1.30	0.70	9099
1380	castle_village_ES7_2	Avathasia	1044.91	618.80	47.5	16	2	road	castle_village_ES7_2#fb5000bd	R	1	1	14.7	castle_village_ES7_2#d85681df	castle_village_ES7_2#e2e9bd0a,castle_village_ES7_2#d85681df,castle_village_ES7_2#59ee5622,castle_village_ES7_2#e989f9f8	47.5	1.30	0.70	12385
1381	castle_village_ES7_2	Eugathia	1048.32	630.16	80.7	16	1	road	castle_village_ES7_2#d85681df	R	1	1	10.3	-	castle_village_ES7_2#fb5000bd,castle_village_ES7_2#e2e9bd0a,castle_village_ES7_2#59ee5622,castle_village_ES7_2#e989f9f8	80.7	1.30	0.70	9139
1382	castle_village_ES8_1	Summerhollow	199.16	167.93	29.2	16	1	road	castle_village_ES8_1#cc8f74a9	R	1	1	8.1	-	castle_village_ES8_1#37780116,castle_village_ES8_1#baf4ff4e	29.2	1.30	0.70	4681
1383	castle_village_ES8_1	Whitewood	208.56	176.19	19.3	16	0	road	castle_village_ES8_1#37780116	R	-1	1	5.2	-	castle_village_ES8_1#cc8f74a9,castle_village_ES8_1#baf4ff4e	19.3	1.30	0.70	5367
1384	castle_village_ES8_1	Knight's Furrow	207.50	167.50	48.4	8	2	field	castle_village_ES8_1#baf4ff4e	F	0	1	11.1	-	castle_village_ES8_1#37780116,castle_village_ES8_1#cc8f74a9	48.4	1.30	0.70	5368
1385	castle_village_ES8_2	Berrycross	214.88	177.69	154.6	27	0	crossroad	castle_village_ES8_2#44b6ce44	H	0	2	7.0	-	castle_village_ES8_2#4ef0d085,castle_village_ES8_2#2f35414d,castle_village_ES8_2#c84abd2b,castle_village_ES8_2#266e99fd	-25.4	1.30	0.70	5367
1386	castle_village_ES8_2	Winevale	223.44	181.31	17.0	16	1	road	castle_village_ES8_2#4ef0d085	R	1	1	8.5	-	castle_village_ES8_2#2f35414d,castle_village_ES8_2#c84abd2b,castle_village_ES8_2#44b6ce44,castle_village_ES8_2#266e99fd	17.0	1.30	0.70	5369
1387	castle_village_ES8_2	Septon's Croft	228.05	182.15	41.4	16	2	road	castle_village_ES8_2#2f35414d	R	1	1	12.8	castle_village_ES8_2#4ef0d085	castle_village_ES8_2#c84abd2b,castle_village_ES8_2#4ef0d085,castle_village_ES8_2#44b6ce44,castle_village_ES8_2#266e99fd	41.4	1.30	0.70	5370
1388	castle_village_ES8_2	Drover's Well	230.55	186.01	49.7	16	3	road	castle_village_ES8_2#c84abd2b	R	1	1	13.4	castle_village_ES8_2#2f35414d	castle_village_ES8_2#2f35414d,castle_village_ES8_2#4ef0d085,castle_village_ES8_2#44b6ce44,castle_village_ES8_2#266e99fd	49.7	1.30	0.70	5370
1389	castle_village_ES8_2	Oakbrook	213.83	158.90	144.4	16	5	river	castle_village_ES8_2#fc7ade72	R	-1	1	22.6	castle_village_ES8_2#266e99fd	castle_village_ES8_2#266e99fd,castle_village_ES8_2#44b6ce44,castle_village_ES8_2#4ef0d085,castle_village_ES8_2#2f35414d	144.4	1.30	0.70	4682
1390	castle_village_ES8_2	Swan's Mill	211.71	163.10	135.0	16	4	river	castle_village_ES8_2#266e99fd	R	-1	1	18.3	-	castle_village_ES8_2#fc7ade72,castle_village_ES8_2#44b6ce44,castle_village_ES8_2#4ef0d085,castle_village_ES8_2#2f35414d	135.0	1.30	0.70	5392
1391	castle_village_EW1_1	Nether Grove	377.74	343.21	42.5	16	5	road	castle_village_EW1_1#f2dd1b04	R	-1	1	26.3	castle_village_EW1_1#a40f658f	castle_village_EW1_1#a40f658f,castle_village_EW1_1#4ba5eff0,castle_village_EW1_1#8907d4d4,castle_village_EW1_1#56701c5c	42.5	1.30	0.70	3986
1392	castle_village_EW1_1	Fairbrook	379.27	350.10	70.4	16	4	road	castle_village_EW1_1#aaddef8b	R	1	1	26.1	-	castle_village_EW1_1#a40f658f,castle_village_EW1_1#4ba5eff0,castle_village_EW1_1#8907d4d4,castle_village_EW1_1#56701c5c	-109.6	1.30	0.70	3986
1393	castle_village_EW1_1	Thrushgrove	381.89	312.80	72.4	16	3	road	castle_village_EW1_1#56701c5c	R	-1	1	16.0	castle_village_EW1_1#8907d4d4	castle_village_EW1_1#8907d4d4,castle_village_EW1_1#4ba5eff0,castle_village_EW1_1#a40f658f,castle_village_EW1_1#f2dd1b04	72.4	1.30	0.70	3529
1394	castle_village_EW1_1	Septon's Wood	380.84	320.80	63.3	16	2	road	castle_village_EW1_1#8907d4d4	R	1	1	14.5	castle_village_EW1_1#4ba5eff0	castle_village_EW1_1#56701c5c,castle_village_EW1_1#4ba5eff0,castle_village_EW1_1#a40f658f,castle_village_EW1_1#f2dd1b04	-116.7	1.30	0.70	2720
1395	castle_village_EW1_1	Beehurst	388.17	328.41	42.1	16	1	road	castle_village_EW1_1#4ba5eff0	R	1	1	8.7	castle_village_EW1_1#a40f658f	castle_village_EW1_1#a40f658f,castle_village_EW1_1#8907d4d4,castle_village_EW1_1#56701c5c,castle_village_EW1_1#f2dd1b04	-137.9	1.30	0.70	2807
1396	castle_village_EW1_1	Pearholt	392.77	332.30	47.6	16	0	road	castle_village_EW1_1#a40f658f	R	1	1	6.3	-	castle_village_EW1_1#4ba5eff0,castle_village_EW1_1#8907d4d4,castle_village_EW1_1#56701c5c,castle_village_EW1_1#f2dd1b04	-132.4	1.30	0.70	2807
1397	castle_village_EW1_2	Bluecross	373.12	279.31	148.7	27	0	crossroad	castle_village_EW1_2#b77cb61a	H	0	2	5.3	-	castle_village_EW1_2#f4b8a1b4,castle_village_EW1_2#d67f7c20,castle_village_EW1_2#c00bbc02,castle_village_EW1_2#ce5d6d3b	148.7	1.30	0.70	3617
1398	castle_village_EW1_2	Stonehurst	384.50	280.23	30.2	27	2	crossroad	castle_village_EW1_2#d67f7c20	H	0	2	10.5	castle_village_EW1_2#b77cb61a	castle_village_EW1_2#fa140f9f,castle_village_EW1_2#b77cb61a,castle_village_EW1_2#f4b8a1b4,castle_village_EW1_2#6f4feb12	-149.8	1.30	0.70	4901
1399	castle_village_EW1_2	Poppyvale	391.48	275.50	2.2	16	7	road	castle_village_EW1_2#fa140f9f	R	1	1	15.0	castle_village_EW1_2#d67f7c20	castle_village_EW1_2#6f4feb12,castle_village_EW1_2#4cb71c3f,castle_village_EW1_2#d67f7c20,castle_village_EW1_2#b77cb61a	2.2	1.30	0.70	4902
1400	castle_village_EW1_2	Wheatbank	395.98	275.50	4.3	16	9	road	castle_village_EW1_2#6f4feb12	R	1	1	17.0	castle_village_EW1_2#fa140f9f	castle_village_EW1_2#fa140f9f,castle_village_EW1_2#4cb71c3f,castle_village_EW1_2#d67f7c20,castle_village_EW1_2#b77cb61a	4.3	1.30	0.70	4723
1401	castle_village_EW1_2	Sweetstead	365.05	276.00	1.7	16	1	road	castle_village_EW1_2#f4b8a1b4	R	-1	1	6.0	castle_village_EW1_2#b77cb61a	castle_village_EW1_2#b77cb61a,castle_village_EW1_2#c00bbc02,castle_village_EW1_2#d67f7c20,castle_village_EW1_2#ce5d6d3b	1.7	1.30	0.70	4878
1402	castle_village_EW1_2	Upper Grove	360.55	281.00	4.3	16	3	road	castle_village_EW1_2#c00bbc02	R	1	1	10.9	castle_village_EW1_2#f4b8a1b4	castle_village_EW1_2#f4b8a1b4,castle_village_EW1_2#b77cb61a,castle_village_EW1_2#d67f7c20,castle_village_EW1_2#ce5d6d3b	-175.7	1.30	0.70	4879
1403	castle_village_EW1_2	Rosebrook	378.50	284.34	86.4	16	5	road	castle_village_EW1_2#ce5d6d3b	R	1	1	13.0	castle_village_EW1_2#b77cb61a	castle_village_EW1_2#ce5a5a7e,castle_village_EW1_2#ce5a62fd,castle_village_EW1_2#b77cb61a,castle_village_EW1_2#f4b8a1b4	-93.6	1.30	0.70	3617
1404	castle_village_EW1_2	Briarwood	378.44	290.15	116.5	16	10	road	castle_village_EW1_2#ce5a5a7e	R	1	1	17.2	castle_village_EW1_2#ce5d6d3b	castle_village_EW1_2#ce5a62fd,castle_village_EW1_2#ce5d6d3b,castle_village_EW1_2#c9026567,castle_village_EW1_2#b77cb61a	-63.5	1.30	0.70	3519
1405	castle_village_EW1_2	Barleybloom	378.14	295.44	87.4	16	11	road	castle_village_EW1_2#ce5a62fd	R	1	1	18.9	castle_village_EW1_2#ce5a5a7e	castle_village_EW1_2#ce5a5a7e,castle_village_EW1_2#c9026567,castle_village_EW1_2#ce5d6d3b,castle_village_EW1_2#b77cb61a	-92.6	1.30	0.70	3519
1406	castle_village_EW1_2	Fair Elms	377.90	300.96	89.5	16	13	road	castle_village_EW1_2#c9026567	R	1	1	22.3	castle_village_EW1_2#ce5a62fd	castle_village_EW1_2#ce5a62fd,castle_village_EW1_2#ce5a5a7e,castle_village_EW1_2#ce5d6d3b,castle_village_EW1_2#b77cb61a	-90.5	1.30	0.70	3408
1407	castle_village_EW1_2	Swanbank	363.82	263.53	142.0	16	4	river	castle_village_EW1_2#33c83554	R	-1	1	12.5	-	castle_village_EW1_2#b77cb61a,castle_village_EW1_2#f4b8a1b4,castle_village_EW1_2#d67f7c20,castle_village_EW1_2#c00bbc02	142.0	1.30	0.70	4885
1408	castle_village_EW1_2	Greenley	356.67	269.00	149.6	16	8	river	castle_village_EW1_2#f9b025f9	R	-1	1	15.9	-	castle_village_EW1_2#b77cb61a,castle_village_EW1_2#f4b8a1b4,castle_village_EW1_2#d67f7c20,castle_village_EW1_2#c00bbc02	149.6	1.30	0.70	4728
1409	castle_village_EW1_2	Long Mill	386.22	270.65	27.9	16	6	river	castle_village_EW1_2#760f3416	R	-1	1	15.0	castle_village_EW1_2#b77cb61a	castle_village_EW1_2#b77cb61a,castle_village_EW1_2#f4b8a1b4,castle_village_EW1_2#d67f7c20,castle_village_EW1_2#c00bbc02	-152.1	1.30	0.70	4726
1410	castle_village_EW1_2	Cooper's Hill	400.75	275.77	0.2	16	12	river	castle_village_EW1_2#4cb71c3f	R	-1	1	19.5	castle_village_EW1_2#6f4feb12	castle_village_EW1_2#6f4feb12,castle_village_EW1_2#fa140f9f,castle_village_EW1_2#d67f7c20,castle_village_EW1_2#b77cb61a	-179.8	1.30	0.70	4723
1411	castle_village_EW2_1	Littleport	616.67	463.31	176.1	16	1	coast	castle_village_EW2_1#a2d561e6	R	1	1	10.2	-	castle_village_EW2_1#eb22756c,castle_village_EW2_1#349ad870	176.1	1.30	0.70	2941
1412	castle_village_EW2_1	Tideby	609.18	463.86	2.3	16	0	coast	castle_village_EW2_1#eb22756c	R	1	1	8.8	-	castle_village_EW2_1#a2d561e6,castle_village_EW2_1#349ad870	-177.7	1.30	0.70	2941
1413	castle_village_EW2_1	Nether Hook	607.61	483.14	1.5	16	2	coast	castle_village_EW2_1#349ad870	R	1	1	16.8	-	castle_village_EW2_1#eb22756c,castle_village_EW2_1#a2d561e6	1.5	1.30	0.70	2950
1414	castle_village_EW2_2	Barleystrand	588.96	458.05	25.7	16	1	road	castle_village_EW2_2#79bdcfab	R	-1	1	14.6	castle_village_EW2_2#98e39ba8	castle_village_EW2_2#98e39ba8	25.7	1.30	0.70	2992
1415	castle_village_EW2_2	Little Rest	582.63	462.31	22.1	16	0	road	castle_village_EW2_2#98e39ba8	R	1	1	9.3	-	castle_village_EW2_2#79bdcfab	-157.9	1.30	0.70	3133
1416	castle_village_EW3_1	Stony Bridge	564.23	327.76	12.8	27	6	bridge	castle_village_EW3_1#686eeb3e	H	0	2	11.7	castle_village_EW3_1#cf748bd0	castle_village_EW3_1#cf748bd0,castle_village_EW3_1#db263375,castle_village_EW3_1#98053cb3,castle_village_EW3_1#b8ad24b5	12.8	1.30	0.70	5180
1417	castle_village_EW3_1	Drover's Cross	579.77	320.76	161.8	27	0	crossroad	castle_village_EW3_1#98053cb3	H	0	2	4.6	-	castle_village_EW3_1#b8ad24b5,castle_village_EW3_1#d7498ff2,castle_village_EW3_1#95189ece,castle_village_EW3_1#db263375	-18.2	1.30	0.70	5291
1418	castle_village_EW3_1	Septon's Hollow	587.95	316.51	133.9	16	3	road	castle_village_EW3_1#d7498ff2	R	1	1	8.4	castle_village_EW3_1#b8ad24b5	castle_village_EW3_1#b8ad24b5,castle_village_EW3_1#95189ece,castle_village_EW3_1#98053cb3,castle_village_EW3_1#db263375	-46.1	1.30	0.70	4000
1419	castle_village_EW3_1	Raven's Elm	593.96	317.57	131.7	16	5	road	castle_village_EW3_1#95189ece	R	-1	1	10.4	castle_village_EW3_1#d7498ff2	castle_village_EW3_1#d7498ff2,castle_village_EW3_1#b8ad24b5,castle_village_EW3_1#98053cb3,castle_village_EW3_1#db263375	131.7	1.30	0.70	4000
1420	castle_village_EW3_1	Oakstone	588.53	322.28	149.3	16	1	road	castle_village_EW3_1#b8ad24b5	R	-1	1	7.4	castle_village_EW3_1#98053cb3	castle_village_EW3_1#d7498ff2,castle_village_EW3_1#98053cb3,castle_village_EW3_1#95189ece,castle_village_EW3_1#db263375	149.3	1.30	0.70	4000
1421	castle_village_EW3_1	Yewhill	570.75	324.00	174.7	16	4	road	castle_village_EW3_1#cf748bd0	R	-1	1	8.5	castle_village_EW3_1#db263375	castle_village_EW3_1#db263375,castle_village_EW3_1#686eeb3e,castle_village_EW3_1#98053cb3,castle_village_EW3_1#b8ad24b5	-5.3	1.30	0.70	5172
1422	castle_village_EW3_1	Rookley	575.93	328.44	161.8	16	2	road	castle_village_EW3_1#db263375	R	1	1	7.5	-	castle_village_EW3_1#cf748bd0,castle_village_EW3_1#686eeb3e,castle_village_EW3_1#98053cb3,castle_village_EW3_1#b8ad24b5	161.8	1.30	0.70	5291
1423	castle_village_EW3_2	Tanner's Leap	588.88	348.76	176.9	16	1	river	castle_village_EW3_2#17cff75b	R	-1	1	24.0	castle_village_EW3_2#59caa808	castle_village_EW3_2#58f9f994,castle_village_EW3_2#59caa808	-3.1	1.30	0.70	2511
1424	castle_village_EW3_2	Rainbrook	583.81	348.81	3.3	16	2	river	castle_village_EW3_2#58f9f994	R	-1	1	33.6	castle_village_EW3_2#17cff75b	castle_village_EW3_2#17cff75b,castle_village_EW3_2#59caa808	3.3	1.30	0.70	5439
1425	castle_village_EW3_2	Weeping Bend	595.30	349.54	40.8	16	0	river	castle_village_EW3_2#59caa808	R	-1	1	8.1	-	castle_village_EW3_2#17cff75b,castle_village_EW3_2#58f9f994	40.8	1.30	0.70	5438
1426	castle_village_EW4_1	Misthaven	655.25	201.47	129.3	27	0	coast	castle_village_EW4_1#3d1a9d78	H	0	2	5.5	-	castle_village_EW4_1#0fc8d233,castle_village_EW4_1#678d26d6,castle_village_EW4_1#bb9ecc16	-50.7	1.30	0.70	17107
1427	castle_village_EW4_1	Stormshore	643.25	192.06	11.7	16	3	coast	castle_village_EW4_1#bb9ecc16	R	1	1	10.1	-	castle_village_EW4_1#3d1a9d78,castle_village_EW4_1#0fc8d233,castle_village_EW4_1#678d26d6	-168.3	1.30	0.70	3251
1428	castle_village_EW4_1	Boarshore	660.94	198.99	5.2	16	1	coast	castle_village_EW4_1#0fc8d233	R	1	1	5.7	castle_village_EW4_1#3d1a9d78	castle_village_EW4_1#3d1a9d78,castle_village_EW4_1#678d26d6,castle_village_EW4_1#bb9ecc16	-174.8	1.30	0.70	17111
1429	castle_village_EW4_1	Tanner's Well	650.50	205.50	0.8	8	2	field	castle_village_EW4_1#678d26d6	F	0	1	8.5	-	castle_village_EW4_1#3d1a9d78,castle_village_EW4_1#0fc8d233,castle_village_EW4_1#bb9ecc16	-179.2	1.30	0.70	3250
1430	castle_village_EW5_1	Boarden	632.09	366.21	77.5	16	0	road	castle_village_EW5_1#dab342c8	R	1	1	6.8	-	castle_village_EW5_1#47fc8bf7	-102.5	1.30	0.70	3189
1431	castle_village_EW5_1	Clawden	640.82	354.04	22.1	16	1	coast	castle_village_EW5_1#47fc8bf7	R	1	1	21.9	castle_village_EW5_1#dab342c8	castle_village_EW5_1#dab342c8	22.1	1.30	0.70	4051
1432	castle_village_EW5_2	Antlerwood	636.20	382.90	77.7	16	0	road	castle_village_EW5_2#575943d4	R	-1	1	7.0	-	-	-102.3	1.30	0.70	17093
1433	castle_village_EW6_1	Salthaven	584.34	273.85	64.9	27	0	coast	castle_village_EW6_1#a3b37b01	H	0	2	9.8	-	-	-115.1	1.30	0.70	3362
1434	castle_village_EW7_1	Windwood	460.29	261.59	30.6	27	0	crossroad	castle_village_EW7_1#95494cb8	H	0	2	5.1	-	castle_village_EW7_1#4f00786c,castle_village_EW7_1#5d9caa16,castle_village_EW7_1#7411b537,castle_village_EW7_1#d2e59ec5	-149.4	1.30	0.70	4807
1435	castle_village_EW7_1	Crowbrook	455.67	257.55	65.7	16	1	road	castle_village_EW7_1#4f00786c	R	1	1	8.3	castle_village_EW7_1#95494cb8	castle_village_EW7_1#95494cb8,castle_village_EW7_1#5d9caa16,castle_village_EW7_1#7411b537,castle_village_EW7_1#d2e59ec5	-114.3	1.30	0.70	4808
1436	castle_village_EW7_1	Antlerley	463.30	266.71	56.9	16	2	road	castle_village_EW7_1#5d9caa16	R	1	1	8.3	castle_village_EW7_1#95494cb8	castle_village_EW7_1#95494cb8,castle_village_EW7_1#7411b537,castle_village_EW7_1#4f00786c,castle_village_EW7_1#d2e59ec5	-123.1	1.30	0.70	4807
1437	castle_village_EW7_1	Boarfield	466.13	272.46	80.8	16	3	road	castle_village_EW7_1#7411b537	R	1	1	11.9	castle_village_EW7_1#5d9caa16	castle_village_EW7_1#5d9caa16,castle_village_EW7_1#d2e59ec5,castle_village_EW7_1#95494cb8,castle_village_EW7_1#a29a0e83	-99.2	1.30	0.70	2173
1438	castle_village_EW7_1	Green Rest	466.71	278.96	82.7	16	4	road	castle_village_EW7_1#d2e59ec5	R	1	1	16.1	castle_village_EW7_1#7411b537	castle_village_EW7_1#a29a0e83,castle_village_EW7_1#7411b537,castle_village_EW7_1#5d9caa16,castle_village_EW7_1#95494cb8	-97.3	1.30	0.70	4817
1439	castle_village_EW7_1	Hindhollow	473.75	282.44	71.1	16	5	road	castle_village_EW7_1#a29a0e83	R	-1	1	19.1	castle_village_EW7_1#d2e59ec5	castle_village_EW7_1#d2e59ec5,castle_village_EW7_1#7411b537,castle_village_EW7_1#5d9caa16,castle_village_EW7_1#95494cb8	71.1	1.30	0.70	4813
1440	castle_village_EW7_2	Three Yews	405.17	231.14	110.1	16	0	road	castle_village_EW7_2#b1f88b84	R	-1	1	7.4	-	castle_village_EW7_2#87744789,castle_village_EW7_2#efbf0d23,castle_village_EW7_2#6cbc4ab0,castle_village_EW7_2#a4d0a638	-69.9	1.30	0.70	4741
1441	castle_village_EW7_2	Long Rest	419.42	228.76	28.6	16	1	road	castle_village_EW7_2#6cbc4ab0	R	-1	1	8.6	-	castle_village_EW7_2#a4d0a638,castle_village_EW7_2#f7d2cdae,castle_village_EW7_2#e125a0ef,castle_village_EW7_2#b1f88b84	-151.4	1.30	0.70	3432
1442	castle_village_EW7_2	Hunter's Hollow	423.60	232.06	43.3	16	4	road	castle_village_EW7_2#a4d0a638	R	-1	1	13.5	castle_village_EW7_2#6cbc4ab0	castle_village_EW7_2#f7d2cdae,castle_village_EW7_2#6cbc4ab0,castle_village_EW7_2#e125a0ef,castle_village_EW7_2#b1f88b84	-136.7	1.30	0.70	5668
1443	castle_village_EW7_2	Pedlar's Rest	437.25	233.00	1.8	16	6	road	castle_village_EW7_2#e125a0ef	R	1	1	18.5	castle_village_EW7_2#f7d2cdae	castle_village_EW7_2#f7d2cdae,castle_village_EW7_2#a4d0a638,castle_village_EW7_2#6cbc4ab0,castle_village_EW7_2#b1f88b84	1.8	1.30	0.70	3690
1444	castle_village_EW7_2	Crowley	430.72	236.46	24.3	16	5	road	castle_village_EW7_2#f7d2cdae	R	-1	1	17.3	castle_village_EW7_2#a4d0a638	castle_village_EW7_2#e125a0ef,castle_village_EW7_2#a4d0a638,castle_village_EW7_2#6cbc4ab0,castle_village_EW7_2#b1f88b84	-155.7	1.30	0.70	5666
1445	castle_village_EW7_2	Boar's Well	400.34	232.79	127.8	16	2	river	castle_village_EW7_2#87744789	R	-1	1	12.5	castle_village_EW7_2#b1f88b84	castle_village_EW7_2#b1f88b84,castle_village_EW7_2#efbf0d23,castle_village_EW7_2#6cbc4ab0,castle_village_EW7_2#a4d0a638	127.8	1.30	0.70	5062
1446	castle_village_EW7_2	Greywick	411.50	237.50	110.4	8	3	field	castle_village_EW7_2#efbf0d23	F	0	1	13.1	castle_village_EW7_2#b1f88b84	castle_village_EW7_2#b1f88b84,castle_village_EW7_2#87744789,castle_village_EW7_2#6cbc4ab0,castle_village_EW7_2#a4d0a638	110.4	1.30	0.70	5065
1447	castle_village_EW8_2	Brinepoint	622.06	381.62	22.2	16	0	coast	castle_village_EW8_2#8acc080d	R	1	1	7.2	-	-	22.2	1.30	0.70	3157
1448	castle_village_K1_2	Esmerys	1277.00	143.87	88.8	16	0	road	castle_village_K1_2#331f0768	R	1	1	11.0	-	castle_village_K1_2#e0e2fe6f,castle_village_K1_2#350cebf5,castle_village_K1_2#f5ba4c93	88.8	1.30	0.70	8675
1449	castle_village_K1_2	Oryntaros	1282.27	155.84	61.7	16	1	road	castle_village_K1_2#e0e2fe6f	R	1	1	18.2	castle_village_K1_2#331f0768	castle_village_K1_2#331f0768,castle_village_K1_2#350cebf5,castle_village_K1_2#f5ba4c93	61.7	1.30	0.70	8684
1450	castle_village_K1_2	Esmyrion	1288.70	133.03	147.1	16	2	coast	castle_village_K1_2#f5ba4c93	R	1	1	18.5	-	castle_village_K1_2#331f0768,castle_village_K1_2#e0e2fe6f,castle_village_K1_2#350cebf5	-32.9	1.30	0.70	8667
1451	castle_village_K1_2	Rhaesa	1284.63	147.69	74.9	16	3	coast	castle_village_K1_2#350cebf5	R	1	1	21.0	castle_village_K1_2#331f0768	castle_village_K1_2#331f0768,castle_village_K1_2#e0e2fe6f,castle_village_K1_2#f5ba4c93	-105.1	1.30	0.70	8570
1452	castle_village_K2_1	Lhaznak	1510.11	230.60	37.2	16	0	road	castle_village_K2_1#a4aed377	R	1	1	4.7	-	castle_village_K2_1#a4aece5e,castle_village_K2_1#d97891f7,castle_village_K2_1#a4a89eb2,castle_village_K2_1#c4480605	37.2	1.30	0.70	8787
1453	castle_village_K2_1	Bir Gasnar	1510.22	235.92	38.1	16	1	road	castle_village_K2_1#a4aece5e	R	-1	1	5.8	castle_village_K2_1#a4aed377	castle_village_K2_1#a4aed377,castle_village_K2_1#d97891f7,castle_village_K2_1#a4a89eb2,castle_village_K2_1#c4480605	-141.9	1.30	0.70	8741
1454	castle_village_K2_1	Lhubal	1513.73	239.52	43.2	16	2	road	castle_village_K2_1#d97891f7	R	-1	1	9.1	castle_village_K2_1#a4aece5e	castle_village_K2_1#a4aece5e,castle_village_K2_1#a4aed377,castle_village_K2_1#a4a89eb2,castle_village_K2_1#c4480605	-136.8	1.30	0.70	8741
1455	castle_village_K2_1	Galasa	1504.00	249.50	3.6	16	5	road	castle_village_K2_1#e1255e1b	R	-1	1	22.0	castle_village_K2_1#a4aece5e	castle_village_K2_1#3b37944b,castle_village_K2_1#d37f35a5,castle_village_K2_1#a4aece5e,castle_village_K2_1#a4aed377	3.6	1.30	0.70	11480
1456	castle_village_K2_1	Khihhaz	1510.01	249.50	176.4	16	3	road	castle_village_K2_1#a4a89eb2	R	-1	1	20.2	castle_village_K2_1#d97891f7	castle_village_K2_1#d97891f7,castle_village_K2_1#a4aece5e,castle_village_K2_1#a4aed377,castle_village_K2_1#c4480605	-3.6	1.30	0.70	11480
1457	castle_village_K2_1	Tirash	1515.37	249.61	12.7	16	4	road	castle_village_K2_1#c4480605	R	-1	1	20.2	castle_village_K2_1#d97891f7	castle_village_K2_1#d97891f7,castle_village_K2_1#a4aece5e,castle_village_K2_1#a4aed377,castle_village_K2_1#a4a89eb2	12.7	1.30	0.70	8785
1458	castle_village_K2_1	Seifrys	1496.00	253.50	179.9	16	6	road	castle_village_K2_1#3b37944b	R	1	1	29.2	castle_village_K2_1#e1255e1b	castle_village_K2_1#d37f35a5,castle_village_K2_1#e1255e1b,castle_village_K2_1#a4aece5e,castle_village_K2_1#a4aed377	179.9	1.30	0.70	8775
1459	castle_village_K2_1	Gamerash	1491.02	254.86	41.1	16	7	river	castle_village_K2_1#d37f35a5	R	1	1	32.7	castle_village_K2_1#3b37944b	castle_village_K2_1#3b37944b,castle_village_K2_1#e1255e1b,castle_village_K2_1#a4aece5e,castle_village_K2_1#a4aed377	41.1	1.30	0.70	8732
1460	castle_village_K2_2	Brickwood	1532.29	279.76	40.3	16	4	road	castle_village_K2_2#978b3714	R	-1	1	11.8	-	castle_village_K2_2#bfcb1c63,castle_village_K2_2#a7a23a8e,castle_village_K2_2#b21dad83,castle_village_K2_2#fba96f41	40.3	1.30	0.70	8601
1461	castle_village_K2_2	Tyntanzak	1520.93	264.46	27.2	16	1	river	castle_village_K2_2#a7a23a8e	R	-1	1	7.7	castle_village_K2_2#bfcb1c63	castle_village_K2_2#bfcb1c63,castle_village_K2_2#b21dad83,castle_village_K2_2#fba96f41,castle_village_K2_2#978b3714	-152.8	1.30	0.70	8542
1462	castle_village_K2_2	Meeznak	1515.99	264.80	155.5	16	0	river	castle_village_K2_2#bfcb1c63	R	-1	1	6.5	-	castle_village_K2_2#a7a23a8e,castle_village_K2_2#b21dad83,castle_village_K2_2#fba96f41,castle_village_K2_2#978b3714	155.5	1.30	0.70	8602
1463	castle_village_K2_2	Tylezza	1507.69	268.23	140.4	16	2	river	castle_village_K2_2#b21dad83	R	-1	1	10.1	-	castle_village_K2_2#f17b82e0,castle_village_K2_2#1eab3a74,castle_village_K2_2#bfcb1c63,castle_village_K2_2#a7a23a8e	140.4	1.30	0.70	8543
1464	castle_village_K2_2	Lhaznys	1527.59	268.41	29.7	16	3	river	castle_village_K2_2#fba96f41	R	-1	1	11.7	-	castle_village_K2_2#bfcb1c63,castle_village_K2_2#a7a23a8e,castle_village_K2_2#b21dad83,castle_village_K2_2#978b3714	-150.3	1.30	0.70	8542
1465	castle_village_K2_2	Abu Nalazosh	1504.37	271.91	152.1	16	5	river	castle_village_K2_2#f17b82e0	R	-1	1	12.4	castle_village_K2_2#b21dad83	castle_village_K2_2#b21dad83,castle_village_K2_2#1eab3a74,castle_village_K2_2#bfcb1c63,castle_village_K2_2#a7a23a8e	152.1	1.30	0.70	8543
1466	castle_village_K2_2	Hizdar	1532.95	272.08	43.7	16	6	river	castle_village_K2_2#6d0d6a1e	R	-1	1	15.4	-	castle_village_K2_2#bfcb1c63,castle_village_K2_2#a7a23a8e,castle_village_K2_2#b21dad83,castle_village_K2_2#fba96f41	-136.3	1.30	0.70	8601
1467	castle_village_K2_2	Lameser	1497.68	274.48	172.2	16	7	river	castle_village_K2_2#1eab3a74	R	-1	1	22.7	castle_village_K2_2#f17b82e0	castle_village_K2_2#f17b82e0,castle_village_K2_2#b21dad83,castle_village_K2_2#bfcb1c63,castle_village_K2_2#a7a23a8e	172.2	1.30	0.70	8630
1468	castle_village_K4_1	Bhansam	1397.37	543.03	71.6	16	0	river	castle_village_K4_1#0c04ec3a	R	1	1	6.2	-	-	-108.4	1.30	0.70	7887
1469	castle_village_K6_1	Yewshore	671.79	241.22	14.6	27	0	coast	castle_village_K6_1#7407ea40	H	0	2	10.7	-	castle_village_K6_1#7e6a0193,castle_village_K6_1#1b9cf59e,castle_village_K6_1#d5540b3b	14.6	1.30	0.70	16884
1470	castle_village_K6_1	Oakholt	659.60	223.72	103.1	27	2	crossroad	castle_village_K6_1#1b9cf59e	H	0	2	20.6	-	castle_village_K6_1#7407ea40,castle_village_K6_1#7e6a0193,castle_village_K6_1#d5540b3b	-76.9	1.30	0.70	3208
1471	castle_village_K6_1	Salthollow	655.97	218.83	57.6	16	3	coast	castle_village_K6_1#d5540b3b	R	1	1	30.2	-	castle_village_K6_1#7407ea40,castle_village_K6_1#7e6a0193,castle_village_K6_1#1b9cf59e	-122.4	1.30	0.70	3249
1472	castle_village_K6_1	Septon's Horn	679.09	231.96	34.1	16	1	coast	castle_village_K6_1#7e6a0193	R	1	1	17.3	castle_village_K6_1#7407ea40	castle_village_K6_1#7407ea40,castle_village_K6_1#1b9cf59e,castle_village_K6_1#d5540b3b	-145.9	1.30	0.70	3207
1473	castle_village_K8_1	Oakhollow	393.17	769.87	101.6	27	1	crossroad	castle_village_K8_1#008050d7	H	0	2	8.8	castle_village_K8_1#4546e51e	castle_village_K8_1#4546e51e,castle_village_K8_1#f3d76da0,castle_village_K8_1#f35fe440,castle_village_K8_1#abccfb2e	-78.4	1.30	0.70	1485
1474	castle_village_K8_1	Flintgarth	388.93	743.67	77.8	16	8	road	castle_village_K8_1#3a969943	R	-1	1	25.4	castle_village_K8_1#f35dba4e	castle_village_K8_1#f35dba4e,castle_village_K8_1#12172721,castle_village_K8_1#f5c7a492,castle_village_K8_1#f3d76da0	-102.2	1.30	0.70	1439
1475	castle_village_K8_1	Hag's Croft	394.00	749.37	81.7	16	7	road	castle_village_K8_1#f35dba4e	R	1	1	21.7	castle_village_K8_1#12172721	castle_village_K8_1#12172721,castle_village_K8_1#3a969943,castle_village_K8_1#f5c7a492,castle_village_K8_1#f3d76da0	81.7	1.30	0.70	1466
1476	castle_village_K8_1	Longstone	395.41	755.74	60.3	16	6	road	castle_village_K8_1#12172721	R	1	1	18.6	castle_village_K8_1#f5c7a492	castle_village_K8_1#f5c7a492,castle_village_K8_1#f35dba4e,castle_village_K8_1#f3d76da0,castle_village_K8_1#3a969943	60.3	1.30	0.70	1484
1477	castle_village_K8_1	Shepherd's Barrow	391.61	760.66	79.9	16	5	road	castle_village_K8_1#f5c7a492	R	-1	1	17.5	castle_village_K8_1#f3d76da0	castle_village_K8_1#12172721,castle_village_K8_1#f35dba4e,castle_village_K8_1#f3d76da0,castle_village_K8_1#3a969943	-100.1	1.30	0.70	1444
1478	castle_village_K8_1	Windgarth	397.54	765.29	83.7	16	2	road	castle_village_K8_1#f3d76da0	R	1	1	13.2	castle_village_K8_1#008050d7	castle_village_K8_1#f5c7a492,castle_village_K8_1#008050d7,castle_village_K8_1#4546e51e,castle_village_K8_1#12172721	83.7	1.30	0.70	1485
1479	castle_village_K8_1	Crone's Field	387.50	767.50	2.6	16	0	road	castle_village_K8_1#4546e51e	R	1	1	8.1	-	castle_village_K8_1#008050d7,castle_village_K8_1#f3d76da0,castle_village_K8_1#f35fe440,castle_village_K8_1#abccfb2e	2.6	1.30	0.70	1444
1480	castle_village_K8_1	Barrowham	394.28	775.63	82.2	16	3	road	castle_village_K8_1#f35fe440	R	1	1	13.7	castle_village_K8_1#008050d7	castle_village_K8_1#abccfb2e,castle_village_K8_1#008050d7,castle_village_K8_1#4546e51e,castle_village_K8_1#f3d76da0	-97.8	1.30	0.70	1485
1481	castle_village_K8_1	Far Holt	399.00	779.38	86.4	16	4	road	castle_village_K8_1#abccfb2e	R	-1	1	16.0	castle_village_K8_1#f35fe440	castle_village_K8_1#f35fe440,castle_village_K8_1#008050d7,castle_village_K8_1#4546e51e,castle_village_K8_1#f3d76da0	86.4	1.30	0.70	1486
1482	castle_village_K8_2	Rimewood	318.54	769.04	147.5	27	2	crossroad	castle_village_K8_2#ad6c3d4a	H	0	2	31.7	-	castle_village_K8_2#36b0d532,castle_village_K8_2#eebf6959	147.5	1.30	0.70	1503
1483	castle_village_K8_2	Seven Birches	330.86	796.37	48.4	16	0	road	castle_village_K8_2#36b0d532	R	-1	1	4.9	-	castle_village_K8_2#eebf6959,castle_village_K8_2#ad6c3d4a	-131.6	1.30	0.70	1508
1484	castle_village_K8_2	Brackenbrook	341.66	800.83	46.5	16	1	road	castle_village_K8_2#eebf6959	R	1	1	10.0	castle_village_K8_2#36b0d532	castle_village_K8_2#36b0d532,castle_village_K8_2#ad6c3d4a	46.5	1.30	0.70	1427
1485	castle_village_K9_1	Mudbridge	539.38	847.44	153.2	27	4	bridge	castle_village_K9_1#9a39edb9	H	0	2	27.2	castle_village_K9_1#607a7724	castle_village_K9_1#607a7724,castle_village_K9_1#607d89e1,castle_village_K9_1#4ba98bdc,castle_village_K9_1#599ab469	-26.8	1.30	0.70	5947
1486	castle_village_K9_1	Sentinelknoll	543.06	826.32	112.7	16	1	river	castle_village_K9_1#607d89e1	R	-1	1	11.0	castle_village_K9_1#4ba98bdc	castle_village_K9_1#4ba98bdc,castle_village_K9_1#607a7724,castle_village_K9_1#9a39edb9,castle_village_K9_1#599ab469	-67.3	1.30	0.70	297
1487	castle_village_K9_1	Hollyden	543.24	835.55	75.3	16	2	river	castle_village_K9_1#607a7724	R	-1	1	15.3	castle_village_K9_1#607d89e1	castle_village_K9_1#607d89e1,castle_village_K9_1#4ba98bdc,castle_village_K9_1#9a39edb9,castle_village_K9_1#599ab469	-104.7	1.30	0.70	9289
1488	castle_village_K9_1	Whitecrag	529.57	793.49	51.8	16	6	river	castle_village_K9_1#ab96a276	R	1	1	54.0	castle_village_K9_1#599ac04e	castle_village_K9_1#599ac04e,castle_village_K9_1#599ab469,castle_village_K9_1#4ba98bdc,castle_village_K9_1#607d89e1	-128.2	1.30	0.70	6350
1489	castle_village_K9_1	Winterwater	533.48	799.63	86.1	16	5	river	castle_village_K9_1#599ac04e	R	1	1	38.2	castle_village_K9_1#599ab469	castle_village_K9_1#ab96a276,castle_village_K9_1#599ab469,castle_village_K9_1#4ba98bdc,castle_village_K9_1#607d89e1	-93.9	1.30	0.70	1421
1490	castle_village_K9_1	Barrowbrook	533.34	808.52	80.9	16	3	river	castle_village_K9_1#599ab469	R	1	1	20.7	-	castle_village_K9_1#599ac04e,castle_village_K9_1#4ba98bdc,castle_village_K9_1#607d89e1,castle_village_K9_1#ab96a276	-99.1	1.30	0.70	1795
1491	castle_village_K9_1	Rushfell	546.02	819.80	11.4	16	0	river	castle_village_K9_1#4ba98bdc	R	1	1	9.4	-	castle_village_K9_1#607d89e1,castle_village_K9_1#607a7724,castle_village_K9_1#9a39edb9,castle_village_K9_1#599ab469	-168.6	1.30	0.70	1598
1492	castle_village_K9_2	Hollybridge	567.96	817.45	74.1	27	4	bridge	castle_village_K9_2#1652af87	H	0	2	14.3	-	castle_village_K9_2#824b095e,castle_village_K9_2#31ac5cce,castle_village_K9_2#d53acdaa,castle_village_K9_2#67db473a	-105.9	1.30	0.70	430
1493	castle_village_K9_2	Heathercross	565.39	837.39	136.4	27	1	crossroad	castle_village_K9_2#d53acdaa	H	0	2	11.1	-	castle_village_K9_2#67db473a,castle_village_K9_2#46df3d73,castle_village_K9_2#cba4bf9b,castle_village_K9_2#31ac5cce	136.4	1.30	0.70	434
1494	castle_village_K9_2	Frostbrook	552.10	843.08	138.4	16	5	road	castle_village_K9_2#46df3d73	R	-1	1	14.3	castle_village_K9_2#d53acdaa	castle_village_K9_2#d53acdaa,castle_village_K9_2#67db473a,castle_village_K9_2#cba4bf9b,castle_village_K9_2#31ac5cce	-41.6	1.30	0.70	208
1495	castle_village_K9_2	Snowbeck	549.52	848.94	154.1	16	6	road	castle_village_K9_2#cba4bf9b	R	-1	1	19.1	castle_village_K9_2#46df3d73	castle_village_K9_2#46df3d73,castle_village_K9_2#d53acdaa,castle_village_K9_2#67db473a,castle_village_K9_2#31ac5cce	-25.9	1.30	0.70	344
1496	castle_village_K9_2	Ram's Rest	570.16	831.24	123.6	16	2	road	castle_village_K9_2#67db473a	R	-1	1	12.7	castle_village_K9_2#d53acdaa	castle_village_K9_2#d53acdaa,castle_village_K9_2#46df3d73,castle_village_K9_2#cba4bf9b,castle_village_K9_2#31ac5cce	123.6	1.30	0.70	253
1497	castle_village_K9_2	Mudbeck	576.07	814.61	144.0	16	7	river	castle_village_K9_2#824b095e	R	1	1	20.2	castle_village_K9_2#1652af87	castle_village_K9_2#1652af87,castle_village_K9_2#31ac5cce,castle_village_K9_2#d53acdaa,castle_village_K9_2#67db473a	144.0	1.30	0.70	432
1498	castle_village_K9_2	Far Crag	549.46	830.99	82.1	16	0	river	castle_village_K9_2#31ac5cce	R	1	1	9.5	-	castle_village_K9_2#d53acdaa,castle_village_K9_2#67db473a,castle_village_K9_2#a764e759,castle_village_K9_2#1652af87	82.1	1.30	0.70	341
1499	castle_village_K9_2	Raven's Mill	550.60	837.41	67.0	16	3	river	castle_village_K9_2#a764e759	R	1	1	14.2	-	castle_village_K9_2#31ac5cce,castle_village_K9_2#d53acdaa,castle_village_K9_2#67db473a,castle_village_K9_2#1652af87	67.0	1.30	0.70	341
1500	castle_village_N1_1	Brackenfield	418.51	991.49	82.2	16	0	road	castle_village_N1_1#555c4971	R	-1	1	5.4	-	castle_village_N1_1#b5d97142,castle_village_N1_1#ab2d94cf	-97.8	1.30	0.70	9585
1501	castle_village_N1_1	Far Weir	427.41	1007.80	51.4	16	1	river	castle_village_N1_1#b5d97142	R	-1	1	17.8	castle_village_N1_1#555c4971	castle_village_N1_1#555c4971,castle_village_N1_1#ab2d94cf	51.4	1.30	0.70	6067
1502	castle_village_N1_1	Miller's Knoll	432.31	1012.32	38.6	16	2	river	castle_village_N1_1#ab2d94cf	R	-1	1	23.3	castle_village_N1_1#555c4971	castle_village_N1_1#555c4971,castle_village_N1_1#b5d97142	38.6	1.30	0.70	1625
1503	castle_village_N1_2	Stony Hollow	455.17	992.00	136.8	16	0	road	castle_village_N1_2#73fd62c1	R	-1	1	6.5	-	castle_village_N1_2#446c932e,castle_village_N1_2#4aab32df,castle_village_N1_2#b56e81ae,castle_village_N1_2#c9e0de5c	-43.2	1.30	0.70	6054
1504	castle_village_N1_2	Sentinelstone	455.84	998.40	138.0	16	1	road	castle_village_N1_2#446c932e	R	1	1	11.2	castle_village_N1_2#73fd62c1	castle_village_N1_2#4aab32df,castle_village_N1_2#73fd62c1,castle_village_N1_2#b56e81ae,castle_village_N1_2#c9e0de5c	138.0	1.30	0.70	6054
1505	castle_village_N1_2	Stoneham	451.08	1003.15	139.6	16	2	road	castle_village_N1_2#4aab32df	R	1	1	15.1	castle_village_N1_2#446c932e	castle_village_N1_2#446c932e,castle_village_N1_2#b56e81ae,castle_village_N1_2#73fd62c1,castle_village_N1_2#c9e0de5c	139.6	1.30	0.70	2144
1506	castle_village_N1_2	Hollowfold	453.85	1010.03	48.8	16	3	road	castle_village_N1_2#b56e81ae	R	-1	1	20.8	castle_village_N1_2#4aab32df	castle_village_N1_2#4aab32df,castle_village_N1_2#c9e0de5c,castle_village_N1_2#446c932e,castle_village_N1_2#73fd62c1	48.8	1.30	0.70	922
1507	castle_village_N1_2	Cairnstead	460.37	1011.22	28.5	16	4	road	castle_village_N1_2#c9e0de5c	R	-1	1	28.6	castle_village_N1_2#b56e81ae	castle_village_N1_2#b56e81ae,castle_village_N1_2#4aab32df,castle_village_N1_2#446c932e,castle_village_N1_2#73fd62c1	28.5	1.30	0.70	6057
1508	castle_village_N2_1	Three Birches	609.50	815.25	176.0	27	0	crossroad	castle_village_N2_1#1701d5d6	H	0	2	9.6	-	castle_village_N2_1#71b8e582	-4.0	1.30	0.70	1711
1509	castle_village_N2_1	Hunter's Shieling	619.70	821.00	90.5	16	1	lake	castle_village_N2_1#71b8e582	R	1	1	13.8	-	castle_village_N2_1#1701d5d6	-89.5	1.30	0.70	1711
1510	castle_village_N2_2	Hare's Hollow	602.10	856.00	176.1	27	5	coast	castle_village_N2_2#e950ea99	H	0	2	25.3	castle_village_N2_2#bdc370a2	castle_village_N2_2#bdc370a2,castle_village_N2_2#0928e3b2,castle_village_N2_2#bdc05200,castle_village_N2_2#e93d2b6c	-3.9	1.30	0.70	1679
1511	castle_village_N2_2	Barrowbeck	606.91	821.09	43.8	27	1	crossroad	castle_village_N2_2#bdc05200	H	0	2	10.2	-	castle_village_N2_2#e93d2b6c,castle_village_N2_2#fe8888a2,castle_village_N2_2#0928e3b2,castle_village_N2_2#bdc370a2	-136.2	1.30	0.70	1714
1512	castle_village_N2_2	Broken Hollow	593.38	823.23	23.2	16	4	road	castle_village_N2_2#fe8888a2	R	1	1	19.5	castle_village_N2_2#e93d2b6c	castle_village_N2_2#e93d2b6c,castle_village_N2_2#bdc05200,castle_village_N2_2#0928e3b2,castle_village_N2_2#bdc370a2	-156.8	1.30	0.70	1776
1513	castle_village_N2_2	Ramham	601.65	823.78	154.8	16	2	road	castle_village_N2_2#e93d2b6c	R	1	1	14.4	castle_village_N2_2#bdc05200	castle_village_N2_2#bdc05200,castle_village_N2_2#fe8888a2,castle_village_N2_2#0928e3b2,castle_village_N2_2#bdc370a2	154.8	1.30	0.70	1714
1514	castle_village_N2_2	Rimeknoll	617.02	842.44	151.7	16	0	coast	castle_village_N2_2#0928e3b2	R	1	1	9.8	-	castle_village_N2_2#bdc05200,castle_village_N2_2#e93d2b6c,castle_village_N2_2#bdc370a2,castle_village_N2_2#fe8888a2	-28.3	1.30	0.70	1680
1515	castle_village_N2_2	Nether Ness	606.84	851.75	119.7	16	3	coast	castle_village_N2_2#bdc370a2	R	1	1	18.3	-	castle_village_N2_2#e950ea99,castle_village_N2_2#0928e3b2,castle_village_N2_2#bdc05200,castle_village_N2_2#e93d2b6c	-60.3	1.30	0.70	1679
1516	castle_village_N3_1	Mosston	545.55	779.96	168.6	27	1	crossroad	castle_village_N3_1#991b2b40	H	0	2	8.0	castle_village_N3_1#58ce5f52	castle_village_N3_1#58ce5f52,castle_village_N3_1#ff79527f,castle_village_N3_1#ffb16f74,castle_village_N3_1#ffb166f5	-11.4	1.30	0.70	1823
1517	castle_village_N3_1	Peathollow	539.21	775.68	49.5	16	3	road	castle_village_N3_1#ff79527f	R	-1	1	13.0	castle_village_N3_1#58ce5f52	castle_village_N3_1#58ce5f52,castle_village_N3_1#991b2b40,castle_village_N3_1#ffb16f74,castle_village_N3_1#ffb166f5	49.5	1.30	0.70	1820
1518	castle_village_N3_1	Low Fold	546.63	771.56	127.5	16	0	road	castle_village_N3_1#58ce5f52	R	1	1	5.6	-	castle_village_N3_1#991b2b40,castle_village_N3_1#ff79527f,castle_village_N3_1#ffb16f74,castle_village_N3_1#ffb166f5	-52.5	1.30	0.70	1822
1519	castle_village_N3_1	Herringstead	562.85	772.15	60.8	16	2	coast	castle_village_N3_1#ffb16f74	R	1	1	11.4	-	castle_village_N3_1#58ce5f52,castle_village_N3_1#991b2b40,castle_village_N3_1#ff79527f,castle_village_N3_1#ffb166f5	-119.2	1.30	0.70	1688
1520	castle_village_N3_1	Crone's Strand	563.27	778.69	92.0	16	4	coast	castle_village_N3_1#ffb166f5	R	1	1	16.1	-	castle_village_N3_1#58ce5f52,castle_village_N3_1#991b2b40,castle_village_N3_1#ffb16f74,castle_village_N3_1#ff79527f	-88.0	1.30	0.70	1688
1521	castle_village_N3_1	Frostness	539.94	746.41	7.9	16	5	coast	castle_village_N3_1#751de394	R	1	1	44.6	-	castle_village_N3_1#58ce5f52,castle_village_N3_1#991b2b40,castle_village_N3_1#ffb16f74,castle_village_N3_1#ff79527f	-172.1	1.30	0.70	1719
1522	castle_village_N3_2	Misthill	563.79	785.79	81.7	27	4	coast	castle_village_N3_2#e114029b	H	0	2	17.8	-	castle_village_N3_2#8c408b06,castle_village_N3_2#709bc1f9,castle_village_N3_2#73a8d93e,castle_village_N3_2#df7b4aab	-98.3	1.30	0.70	1688
1523	castle_village_N3_2	Windstone	546.43	788.65	64.6	16	0	road	castle_village_N3_2#8c408b06	R	1	1	5.7	-	castle_village_N3_2#e974aa68,castle_village_N3_2#709bc1f9,castle_village_N3_2#73a8d93e,castle_village_N3_2#df7b4aab	-115.4	1.30	0.70	1823
1524	castle_village_N3_2	Crow's Wood	557.02	800.53	21.8	16	1	road	castle_village_N3_2#709bc1f9	R	1	1	6.5	-	castle_village_N3_2#d139379c,castle_village_N3_2#8c408b06,castle_village_N3_2#73a8d93e,castle_village_N3_2#df7b4aab	-158.2	1.30	0.70	1824
1525	castle_village_N3_2	Rowanwater	562.81	809.88	172.4	16	5	river	castle_village_N3_2#d139379c	R	-1	1	17.9	castle_village_N3_2#709bc1f9	castle_village_N3_2#709bc1f9,castle_village_N3_2#8c408b06,castle_village_N3_2#73a8d93e,castle_village_N3_2#df7b4aab	-7.6	1.30	0.70	332
1526	castle_village_N3_2	Ironpool	539.35	803.48	89.8	16	3	river	castle_village_N3_2#df7b4aab	R	-1	1	16.4	-	castle_village_N3_2#8c408b06,castle_village_N3_2#709bc1f9,castle_village_N3_2#73a8d93e,castle_village_N3_2#e114029b	89.8	1.30	0.70	1824
1527	castle_village_N3_2	Alderbrook	550.95	811.47	3.4	16	7	river	castle_village_N3_2#c0c5355a	R	-1	1	19.4	-	castle_village_N3_2#8c408b06,castle_village_N3_2#709bc1f9,castle_village_N3_2#73a8d93e,castle_village_N3_2#df7b4aab	3.4	1.30	0.70	327
1528	castle_village_N3_2	Oatdale	534.50	787.50	70.3	8	6	field	castle_village_N3_2#e974aa68	F	0	1	17.9	castle_village_N3_2#8c408b06	castle_village_N3_2#8c408b06,castle_village_N3_2#709bc1f9,castle_village_N3_2#73a8d93e,castle_village_N3_2#df7b4aab	70.3	1.30	0.70	1823
1529	castle_village_N3_2	Hermit's Hollow	541.50	795.50	75.0	8	2	field	castle_village_N3_2#73a8d93e	F	0	1	10.7	-	castle_village_N3_2#8c408b06,castle_village_N3_2#709bc1f9,castle_village_N3_2#df7b4aab,castle_village_N3_2#e114029b	75.0	1.30	0.70	1824
1530	castle_village_N4_1	Old Mire	296.60	753.29	0.5	16	0	coast	castle_village_N4_1#2d4f1bba	R	1	1	17.9	-	-	0.5	1.30	0.70	1368
1531	castle_village_N7_1	Reeve's Hollow	183.66	896.83	40.8	16	0	road	castle_village_N7_1#7bd06eeb	R	-1	1	6.4	-	castle_village_N7_1#b5b63e68	40.8	1.30	0.70	9379
1532	castle_village_N7_1	Crow's Cove	173.29	915.15	23.8	16	1	coast	castle_village_N7_1#b5b63e68	R	1	1	27.3	-	castle_village_N7_1#7bd06eeb	23.8	1.30	0.70	1038
1533	castle_village_N7_2	Cold Bridge	141.43	824.45	25.0	24	0	bridge	castle_village_N7_2#fa437bd7	H	0	2	7.8	-	castle_village_N7_2#0f772ed8,castle_village_N7_2#311e3c8c,castle_village_N7_2#42008a7e,castle_village_N7_2#b568d87c	-155.0	1.30	0.70	1923
1534	castle_village_N7_2	Wolfwick	111.59	826.38	85.7	24	8	coast	castle_village_N7_2#1d4bc8bd	H	0	2	43.4	castle_village_N7_2#b568d87c	castle_village_N7_2#b568d87c,castle_village_N7_2#311e3c8c,castle_village_N7_2#fa437bd7,castle_village_N7_2#0f772ed8	85.7	1.30	0.70	16681
1535	castle_village_N7_2	Thistleness	148.79	790.79	96.1	24	5	coast	castle_village_N7_2#17f45662	H	0	2	25.9	-	castle_village_N7_2#fa437bd7,castle_village_N7_2#42008a7e,castle_village_N7_2#0f772ed8,castle_village_N7_2#311e3c8c	96.1	1.30	0.70	15670
1536	castle_village_N7_2	Winterwick	135.33	823.65	17.3	14	3	river	castle_village_N7_2#311e3c8c	R	-1	1	15.9	castle_village_N7_2#fa437bd7	castle_village_N7_2#fa437bd7,castle_village_N7_2#0f772ed8,castle_village_N7_2#b568d87c,castle_village_N7_2#42008a7e	-162.7	1.30	0.70	1110
1537	castle_village_N7_2	Oakgarth	147.33	826.99	56.5	14	2	river	castle_village_N7_2#0f772ed8	R	-1	1	10.9	castle_village_N7_2#fa437bd7	castle_village_N7_2#fa437bd7,castle_village_N7_2#311e3c8c,castle_village_N7_2#42008a7e,castle_village_N7_2#b568d87c	-123.5	1.30	0.70	1049
1538	castle_village_N7_2	Crow's Bend	153.72	828.29	64.8	14	6	river	castle_village_N7_2#f1bde431	R	1	1	29.1	-	castle_village_N7_2#fa437bd7,castle_village_N7_2#42008a7e,castle_village_N7_2#0f772ed8,castle_village_N7_2#311e3c8c	64.8	1.30	0.70	2137
1539	castle_village_N7_2	Widow's Oak	142.19	798.48	141.9	14	4	coast	castle_village_N7_2#0a04878c	R	1	1	18.2	-	castle_village_N7_2#fa437bd7,castle_village_N7_2#42008a7e,castle_village_N7_2#0f772ed8,castle_village_N7_2#311e3c8c	141.9	1.30	0.70	1059
1540	castle_village_N7_2	Barrowness	137.39	805.55	89.2	14	1	coast	castle_village_N7_2#42008a7e	R	1	1	9.4	-	castle_village_N7_2#fa437bd7,castle_village_N7_2#0f772ed8,castle_village_N7_2#311e3c8c,castle_village_N7_2#0a04878c	89.2	1.30	0.70	1059
1541	castle_village_N7_2	Lastshore	124.68	823.46	2.5	14	7	coast	castle_village_N7_2#b568d87c	R	1	1	29.6	castle_village_N7_2#311e3c8c	castle_village_N7_2#311e3c8c,castle_village_N7_2#1d4bc8bd,castle_village_N7_2#fa437bd7,castle_village_N7_2#0f772ed8	-177.5	1.30	0.70	1118
1542	castle_village_N8_1	Runebridge	636.67	571.50	85.9	27	4	bridge	castle_village_N8_1#951ac0ab	H	0	2	8.6	castle_village_N8_1#26aebad2	castle_village_N8_1#26aebad2,castle_village_N8_1#3bf0f051,castle_village_N8_1#9517aa88,castle_village_N8_1#bffe052f	-94.1	1.30	0.70	2568
1543	castle_village_N8_1	Ironstrand	637.00	559.50	89.0	27	2	crossroad	castle_village_N8_1#9517aa88	H	0	2	5.6	-	castle_village_N8_1#3bf0f051,castle_village_N8_1#26aebad2,castle_village_N8_1#bffe052f,castle_village_N8_1#951ac0ab	89.0	1.30	0.70	6267
1544	castle_village_N8_1	Shepherd's Pool	620.98	563.96	12.4	16	3	road	castle_village_N8_1#bffe052f	R	-1	1	7.7	-	castle_village_N8_1#3bf0f051,castle_village_N8_1#26aebad2,castle_village_N8_1#9517aa88,castle_village_N8_1#951ac0ab	-167.6	1.30	0.70	2444
1545	castle_village_N8_1	Crone's Well	637.59	565.21	82.7	16	1	road	castle_village_N8_1#26aebad2	R	-1	1	5.5	-	castle_village_N8_1#951ac0ab,castle_village_N8_1#3bf0f051,castle_village_N8_1#9517aa88,castle_village_N8_1#bffe052f	82.7	1.30	0.70	2568
1546	castle_village_N8_1	Ramfell	636.73	544.91	112.8	16	5	coast	castle_village_N8_1#951dd881	R	1	1	8.9	castle_village_N8_1#3bf0f051	castle_village_N8_1#3bf0f051,castle_village_N8_1#26aebad2,castle_village_N8_1#9517aa88,castle_village_N8_1#bffe052f	-67.2	1.30	0.70	3033
1547	castle_village_N8_1	Snakecreek	631.78	552.99	79.5	16	0	coast	castle_village_N8_1#3bf0f051	R	1	1	4.3	-	castle_village_N8_1#951dd881,castle_village_N8_1#26aebad2,castle_village_N8_1#9517aa88,castle_village_N8_1#bffe052f	-100.5	1.30	0.70	3032
1548	castle_village_N8_2	Hawkdown	622.26	590.82	169.2	16	1	road	castle_village_N8_2#c25c5113	R	1	1	13.0	-	castle_village_N8_2#c25f6583,castle_village_N8_2#479ab73f,castle_village_N8_2#1a03fa10	169.2	1.30	0.70	2268
1549	castle_village_N8_2	Fisher's Elm	623.81	574.87	98.7	16	3	river	castle_village_N8_2#479ab73f	R	1	1	24.5	castle_village_N8_2#c25f6583	castle_village_N8_2#c25f6583,castle_village_N8_2#c25c5113,castle_village_N8_2#1a03fa10	98.7	1.30	0.70	2781
1550	castle_village_N8_2	Crofter's Bend	609.86	579.52	52.6	16	0	river	castle_village_N8_2#1a03fa10	R	1	1	9.1	-	castle_village_N8_2#c25c5113,castle_village_N8_2#c25f6583,castle_village_N8_2#479ab73f	-127.4	1.30	0.70	2766
1551	castle_village_N8_2	Green Mill	622.50	582.42	115.0	16	2	river	castle_village_N8_2#c25f6583	R	1	1	15.4	castle_village_N8_2#c25c5113	castle_village_N8_2#c25c5113,castle_village_N8_2#479ab73f,castle_village_N8_2#1a03fa10	115.0	1.30	0.70	2557
1552	castle_village_N9_1	Hag's Bend	349.49	416.80	64.0	16	0	river	castle_village_N9_1#11514320	R	-1	1	8.2	-	castle_village_N9_1#3b86bd9a,castle_village_N9_1#11545af6	64.0	1.30	0.70	3320
1553	castle_village_N9_1	Greendale	348.02	421.11	76.3	16	1	river	castle_village_N9_1#3b86bd9a	R	-1	1	13.0	castle_village_N9_1#11514320	castle_village_N9_1#11514320,castle_village_N9_1#11545af6	76.3	1.30	0.70	3564
1554	castle_village_N9_1	Sow's Pool	349.29	428.42	91.1	16	2	river	castle_village_N9_1#11545af6	R	-1	1	20.7	castle_village_N9_1#3b86bd9a	castle_village_N9_1#3b86bd9a,castle_village_N9_1#11514320	91.1	1.30	0.70	3564
1555	castle_village_N9_2	Hare's Cross	370.57	406.02	75.5	27	0	crossroad	castle_village_N9_2#2ca53c4c	H	0	2	5.1	-	castle_village_N9_2#2ca855d5,castle_village_N9_2#3f53be52,castle_village_N9_2#18de0153,castle_village_N9_2#cabb3006	-104.5	1.30	0.70	3282
1556	castle_village_N9_2	Aldstead	370.92	412.01	70.7	16	2	road	castle_village_N9_2#2ca855d5	R	-1	1	8.9	castle_village_N9_2#2ca53c4c	castle_village_N9_2#3f53be52,castle_village_N9_2#2ca53c4c,castle_village_N9_2#18de0153,castle_village_N9_2#cabb3006	-109.3	1.30	0.70	3282
1557	castle_village_N9_2	Blackwold	377.00	419.34	89.6	16	3	road	castle_village_N9_2#3f53be52	R	1	1	12.6	castle_village_N9_2#2ca855d5	castle_village_N9_2#18de0153,castle_village_N9_2#cabb3006,castle_village_N9_2#2ca855d5,castle_village_N9_2#2a8b2429	89.6	1.30	0.70	17854
1558	castle_village_N9_2	Oakworth	372.02	422.02	99.1	16	4	road	castle_village_N9_2#18de0153	R	-1	1	13.2	castle_village_N9_2#3f53be52	castle_village_N9_2#3f53be52,castle_village_N9_2#cabb3006,castle_village_N9_2#2a8b2429,castle_village_N9_2#2ca855d5	-80.9	1.30	0.70	17859
1559	castle_village_N9_2	Hangman's Field	375.53	425.47	121.8	16	5	road	castle_village_N9_2#cabb3006	R	1	1	14.2	castle_village_N9_2#18de0153	castle_village_N9_2#18de0153,castle_village_N9_2#3f53be52,castle_village_N9_2#2a8b2429,castle_village_N9_2#2ca855d5	121.8	1.30	0.70	17859
1560	castle_village_N9_2	Tinker's Rest	374.40	430.73	104.3	16	7	road	castle_village_N9_2#2a8b2429	R	1	1	17.5	castle_village_N9_2#cabb3006	castle_village_N9_2#cabb3006,castle_village_N9_2#18de0153,castle_village_N9_2#3f53be52,castle_village_N9_2#2ca855d5	104.3	1.30	0.70	12069
1561	castle_village_N9_2	Red Meadow	362.32	387.00	179.9	16	8	road	castle_village_N9_2#b85748f6	R	1	1	18.8	castle_village_N9_2#8389cd1d	castle_village_N9_2#8389cd1d,castle_village_N9_2#cac09217,castle_village_N9_2#2ca53c4c,castle_village_N9_2#2ca855d5	-0.1	1.30	0.70	3295
1562	castle_village_N9_2	Piper's Rest	366.97	387.03	172.8	16	6	road	castle_village_N9_2#8389cd1d	R	1	1	15.7	castle_village_N9_2#cac09217	castle_village_N9_2#b85748f6,castle_village_N9_2#cac09217,castle_village_N9_2#2ca53c4c,castle_village_N9_2#2ca855d5	-7.2	1.30	0.70	3295
1563	castle_village_N9_2	Dunwold	375.66	399.71	112.5	16	1	road	castle_village_N9_2#cac09217	R	-1	1	7.5	-	castle_village_N9_2#8389cd1d,castle_village_N9_2#b85748f6,castle_village_N9_2#2ca53c4c,castle_village_N9_2#2ca855d5	112.5	1.30	0.70	3295
1564	castle_village_S1_1	Oldhill	609.69	672.97	165.4	27	5	bridge	castle_village_S1_1#6f19fc4c	H	0	2	15.6	castle_village_S1_1#d4b38c94	castle_village_S1_1#d4b38c94,castle_village_S1_1#d4de4fc4,castle_village_S1_1#4b10e860,castle_village_S1_1#ed37e878	165.4	1.30	0.70	2754
1565	castle_village_S1_1	Fairley	616.38	684.38	31.2	27	2	coast	castle_village_S1_1#d4de4fc4	H	0	2	10.5	castle_village_S1_1#ed37e878	castle_village_S1_1#d4b38c94,castle_village_S1_1#4b10e860,castle_village_S1_1#6f19fc4c,castle_village_S1_1#ed37e878	31.2	1.30	0.70	2760
1566	castle_village_S1_1	Moonstrand	615.41	676.03	46.7	16	3	coast	castle_village_S1_1#d4b38c94	R	1	1	12.4	castle_village_S1_1#d4de4fc4	castle_village_S1_1#d4de4fc4,castle_village_S1_1#6f19fc4c,castle_village_S1_1#4b10e860,castle_village_S1_1#ed37e878	-133.3	1.30	0.70	2754
1567	castle_village_S1_1	Craghaven	625.18	681.50	33.8	16	0	coast	castle_village_S1_1#ed37e878	R	1	1	4.1	-	castle_village_S1_1#d4de4fc4,castle_village_S1_1#d4b38c94,castle_village_S1_1#c619f291,castle_village_S1_1#4b10e860	-146.2	1.30	0.70	2753
1568	castle_village_S1_1	Shepherd's Leap	609.24	683.81	126.3	16	4	coast	castle_village_S1_1#4b10e860	R	1	1	15.3	castle_village_S1_1#d4de4fc4	castle_village_S1_1#d4de4fc4,castle_village_S1_1#d4b38c94,castle_village_S1_1#6f19fc4c,castle_village_S1_1#58e55a58	-53.7	1.30	0.70	2967
1569	castle_village_S1_1	Runecrag	635.19	691.05	65.1	16	1	coast	castle_village_S1_1#c619f291	R	1	1	7.0	-	castle_village_S1_1#ed37e878,castle_village_S1_1#d4de4fc4,castle_village_S1_1#d4b38c94,castle_village_S1_1#4b10e860	-114.9	1.30	0.70	2752
1570	castle_village_S1_1	Hawk's Cove	604.67	692.56	5.8	16	6	coast	castle_village_S1_1#58e55a58	R	1	1	26.0	castle_village_S1_1#4b10e860	castle_village_S1_1#4b10e860,castle_village_S1_1#d4de4fc4,castle_village_S1_1#d4b38c94,castle_village_S1_1#6f19fc4c	5.8	1.30	0.70	2733
1571	castle_village_S1_1	Ramcreek	611.50	693.96	20.8	16	7	coast	castle_village_S1_1#31bda191	R	1	1	26.9	castle_village_S1_1#4b10e860	castle_village_S1_1#11c3fa9f,castle_village_S1_1#4b10e860,castle_village_S1_1#d4de4fc4,castle_village_S1_1#d4b38c94	20.8	1.30	0.70	3040
1572	castle_village_S1_1	Frostglen	617.81	694.27	26.1	16	8	coast	castle_village_S1_1#11c3fa9f	R	1	1	31.8	castle_village_S1_1#31bda191	castle_village_S1_1#31bda191,castle_village_S1_1#4b10e860,castle_village_S1_1#d4de4fc4,castle_village_S1_1#d4b38c94	-153.9	1.30	0.70	3040
1573	castle_village_S1_2	Pinebridge	535.36	652.05	40.9	27	8	bridge	castle_village_S1_2#b7a9067c	H	0	2	17.1	castle_village_S1_2#392e9814	castle_village_S1_2#392e9814,castle_village_S1_2#ef3b2948,castle_village_S1_2#b529aef3,castle_village_S1_2#397e72b4	-139.1	1.30	0.70	3074
1574	castle_village_S1_2	Broken Cross	556.08	662.95	29.0	27	0	crossroad	castle_village_S1_2#c72692df	H	0	2	4.6	-	castle_village_S1_2#591f465e,castle_village_S1_2#b529aef3,castle_village_S1_2#4cf7ff89,castle_village_S1_2#e2e5ec49	-151.0	1.30	0.70	3082
1575	castle_village_S1_2	Dunfell	539.95	641.01	83.3	16	10	road	castle_village_S1_2#397e72b4	R	-1	1	28.7	castle_village_S1_2#b7a9067c	castle_village_S1_2#eac369e5,castle_village_S1_2#b7a9067c,castle_village_S1_2#392e9814,castle_village_S1_2#2978ee5e	83.3	1.30	0.70	1853
1576	castle_village_S1_2	Stonefell	543.34	654.80	43.5	16	7	road	castle_village_S1_2#392e9814	R	-1	1	14.8	castle_village_S1_2#b529aef3	castle_village_S1_2#b7a9067c,castle_village_S1_2#b529aef3,castle_village_S1_2#ef3b2948,castle_village_S1_2#c72692df	43.5	1.30	0.70	3072
1577	castle_village_S1_2	Falconbrook	549.55	658.42	20.0	16	2	road	castle_village_S1_2#b529aef3	R	-1	1	8.1	castle_village_S1_2#c72692df	castle_village_S1_2#c72692df,castle_village_S1_2#591f465e,castle_village_S1_2#392e9814,castle_village_S1_2#b7a9067c	20.0	1.30	0.70	5416
1578	castle_village_S1_2	Ravenglen	571.37	659.64	25.6	16	6	road	castle_village_S1_2#e2e5ec49	R	1	1	12.7	castle_village_S1_2#4cf7ff89	castle_village_S1_2#4cf7ff89,castle_village_S1_2#591f465e,castle_village_S1_2#c72692df,castle_village_S1_2#b529aef3	25.6	1.30	0.70	10451
1579	castle_village_S1_2	Brackenstone	561.76	665.00	4.0	16	1	road	castle_village_S1_2#591f465e	R	-1	1	7.7	castle_village_S1_2#c72692df	castle_village_S1_2#c72692df,castle_village_S1_2#4cf7ff89,castle_village_S1_2#e2e5ec49,castle_village_S1_2#b529aef3	-176.0	1.30	0.70	2480
1580	castle_village_S1_2	Hawkstead	567.83	666.00	0.1	16	5	road	castle_village_S1_2#4cf7ff89	R	-1	1	12.5	castle_village_S1_2#591f465e	castle_village_S1_2#e2e5ec49,castle_village_S1_2#591f465e,castle_village_S1_2#c72692df,castle_village_S1_2#b529aef3	-179.9	1.30	0.70	3068
1581	castle_village_S1_2	Crone's Pool	547.19	644.73	5.1	16	11	river	castle_village_S1_2#eac369e5	R	-1	1	39.7	castle_village_S1_2#397e72b4	castle_village_S1_2#2978ee5e,castle_village_S1_2#397e72b4,castle_village_S1_2#128f0aeb,castle_village_S1_2#b7a9067c	5.1	1.30	0.70	1104
1582	castle_village_S1_2	Goatherd's Mill	553.44	646.54	2.2	16	12	river	castle_village_S1_2#2978ee5e	R	-1	1	46.9	castle_village_S1_2#eac369e5	castle_village_S1_2#eac369e5,castle_village_S1_2#128f0aeb,castle_village_S1_2#397e72b4,castle_village_S1_2#b7a9067c	2.2	1.30	0.70	2383
1583	castle_village_S1_2	Ironwater	558.32	647.40	1.5	16	13	river	castle_village_S1_2#128f0aeb	R	-1	1	54.1	castle_village_S1_2#2978ee5e	castle_village_S1_2#2978ee5e,castle_village_S1_2#eac369e5,castle_village_S1_2#397e72b4,castle_village_S1_2#b7a9067c	1.5	1.30	0.70	1878
1584	castle_village_S1_2	Hawkstone	529.46	654.91	152.8	16	9	river	castle_village_S1_2#ef3b2948	R	1	1	24.0	castle_village_S1_2#b7a9067c	castle_village_S1_2#b7a9067c,castle_village_S1_2#392e9814,castle_village_S1_2#b529aef3,castle_village_S1_2#397e72b4	152.8	1.30	0.70	3425
1585	castle_village_S1_2	Maiden's Mill	565.53	655.27	31.7	16	4	river	castle_village_S1_2#0ae7dab1	R	1	1	11.6	-	castle_village_S1_2#c72692df,castle_village_S1_2#591f465e,castle_village_S1_2#b529aef3,castle_village_S1_2#1448641f	-148.3	1.30	0.70	2728
1586	castle_village_S1_2	Frostcreek	551.50	652.50	178.9	8	3	field	castle_village_S1_2#1448641f	F	0	1	8.3	-	castle_village_S1_2#c72692df,castle_village_S1_2#591f465e,castle_village_S1_2#b529aef3,castle_village_S1_2#0ae7dab1	178.9	1.30	0.70	3499
1587	castle_village_S2_1	Falconbridge	478.02	597.57	13.6	27	1	bridge	castle_village_S2_1#704d8f27	H	0	2	13.7	castle_village_S2_1#a8361a4e	castle_village_S2_1#a8361a4e,castle_village_S2_1#c0e6183d,castle_village_S2_1#a8385025,castle_village_S2_1#25465165	13.6	1.30	0.70	6262
1588	castle_village_S2_1	Cold Mill	483.62	596.15	2.3	16	0	road	castle_village_S2_1#a8361a4e	R	-1	1	11.4	-	castle_village_S2_1#704d8f27,castle_village_S2_1#c0e6183d,castle_village_S2_1#a8385025,castle_village_S2_1#25465165	2.3	1.30	0.70	2490
1589	castle_village_S2_1	Snowfield	489.28	592.41	23.7	16	2	river	castle_village_S2_1#c0e6183d	R	-1	1	21.9	castle_village_S2_1#a8361a4e	castle_village_S2_1#a8385025,castle_village_S2_1#25465165,castle_village_S2_1#a8361a4e,castle_village_S2_1#704d8f27	23.7	1.30	0.70	2393
1590	castle_village_S2_1	Eagledale	494.19	593.87	8.7	16	4	river	castle_village_S2_1#25465165	R	-1	1	27.7	castle_village_S2_1#c0e6183d	castle_village_S2_1#c0e6183d,castle_village_S2_1#a8385025,castle_village_S2_1#a8361a4e,castle_village_S2_1#704d8f27	8.7	1.30	0.70	2393
1591	castle_village_S2_1	Little Fold	484.50	588.50	15.3	8	3	field	castle_village_S2_1#a8385025	F	0	1	24.4	castle_village_S2_1#c0e6183d	castle_village_S2_1#c0e6183d,castle_village_S2_1#25465165,castle_village_S2_1#a8361a4e,castle_village_S2_1#704d8f27	15.3	1.30	0.70	10533
1592	castle_village_S2_2	Snakewater	478.18	587.73	178.7	16	3	river	castle_village_S2_2#c10b90af	R	-1	1	36.7	-	castle_village_S2_2#7335e717,castle_village_S2_2#1604a0f4,castle_village_S2_2#1461b2f9	-1.3	1.30	0.70	10533
1593	castle_village_S2_2	Clear Fold	461.72	620.91	77.4	16	1	river	castle_village_S2_2#1604a0f4	R	-1	1	13.6	castle_village_S2_2#7335e717	castle_village_S2_2#7335e717,castle_village_S2_2#1461b2f9,castle_village_S2_2#c10b90af	-102.6	1.30	0.70	2768
1594	castle_village_S2_2	Cragcreek	459.09	627.79	128.5	16	2	river	castle_village_S2_2#1461b2f9	R	-1	1	24.6	castle_village_S2_2#1604a0f4	castle_village_S2_2#1604a0f4,castle_village_S2_2#7335e717,castle_village_S2_2#c10b90af	-51.5	1.30	0.70	10531
1595	castle_village_S2_2	Shepherd's Knoll	457.50	615.50	86.4	8	0	field	castle_village_S2_2#7335e717	F	0	1	8.7	-	castle_village_S2_2#1604a0f4,castle_village_S2_2#1461b2f9,castle_village_S2_2#c10b90af	-93.6	1.30	0.70	10542
1596	castle_village_S7_1	Stag's Cove	633.55	471.34	27.6	16	3	coast	castle_village_S7_1#d7e79994	R	1	1	19.3	-	castle_village_S7_1#e7c4aae0,castle_village_S7_1#60e3793c,castle_village_S7_1#2db7f08f	-152.4	1.30	0.70	2995
1597	castle_village_S7_1	Brinewick	638.23	474.23	36.1	16	2	coast	castle_village_S7_1#2db7f08f	R	1	1	16.3	-	castle_village_S7_1#e7c4aae0,castle_village_S7_1#60e3793c,castle_village_S7_1#d7e79994	-143.9	1.30	0.70	2995
1598	castle_village_S7_1	Wrecker's Barrow	627.31	492.90	26.7	16	0	coast	castle_village_S7_1#e7c4aae0	R	1	1	14.9	-	castle_village_S7_1#60e3793c,castle_village_S7_1#2db7f08f,castle_village_S7_1#d7e79994	26.7	1.30	0.70	2949
1599	castle_village_S7_1	Cooper's Wood	631.86	494.76	29.1	16	1	coast	castle_village_S7_1#60e3793c	R	1	1	15.9	-	castle_village_S7_1#e7c4aae0,castle_village_S7_1#2db7f08f,castle_village_S7_1#d7e79994	29.1	1.30	0.70	3005
1600	castle_village_S7_2	Tanner's Horn	665.72	495.58	80.5	16	0	coast	castle_village_S7_2#54d252f1	R	1	1	17.7	-	-	-99.5	1.30	0.70	3000
1601	castle_village_S8_1	Rimewater	248.86	833.77	73.8	16	0	river	castle_village_S8_1#5372f5fe	R	-1	1	38.8	-	-	-106.2	1.30	0.70	1908
1602	castle_village_V1_1	Squire's Cross	253.23	205.50	55.6	27	0	crossroad	castle_village_V1_1#43259c8c	H	0	2	4.7	-	castle_village_V1_1#39df5105,castle_village_V1_1#a4a5c644,castle_village_V1_1#f066e21c,castle_village_V1_1#5f13b126	55.6	1.30	0.70	3661
1603	castle_village_V1_1	Pearham	239.39	194.15	43.5	16	11	road	castle_village_V1_1#3d8202ba	R	-1	1	13.4	castle_village_V1_1#fa492796	castle_village_V1_1#fa492796,castle_village_V1_1#20a0eabb,castle_village_V1_1#f64fca35,castle_village_V1_1#43259c8c	43.5	1.30	0.70	5066
1604	castle_village_V1_1	Beegrove	243.25	196.89	36.6	16	8	road	castle_village_V1_1#fa492796	R	-1	1	11.6	castle_village_V1_1#20a0eabb	castle_village_V1_1#3d8202ba,castle_village_V1_1#20a0eabb,castle_village_V1_1#f64fca35,castle_village_V1_1#43259c8c	36.6	1.30	0.70	3664
1605	castle_village_V1_1	Dunworth	245.50	204.80	31.1	16	1	road	castle_village_V1_1#20a0eabb	R	1	1	6.7	-	castle_village_V1_1#f64fca35,castle_village_V1_1#fa492796,castle_village_V1_1#3d8202ba,castle_village_V1_1#43259c8c	-148.9	1.30	0.70	3664
1606	castle_village_V1_1	Redbloom	258.03	210.82	23.1	16	3	road	castle_village_V1_1#39df5105	R	1	1	8.4	castle_village_V1_1#43259c8c	castle_village_V1_1#f066e21c,castle_village_V1_1#43259c8c,castle_village_V1_1#b22415cc,castle_village_V1_1#c86a0d5f	23.1	1.30	0.70	3661
1607	castle_village_V1_1	Roseley	258.98	216.61	46.4	16	5	road	castle_village_V1_1#f066e21c	R	-1	1	9.6	castle_village_V1_1#39df5105	castle_village_V1_1#39df5105,castle_village_V1_1#b22415cc,castle_village_V1_1#43259c8c,castle_village_V1_1#c86a0d5f	-133.6	1.30	0.70	5067
1608	castle_village_V1_1	Shepherd's Rest	268.94	216.82	21.3	16	13	road	castle_village_V1_1#c86a0d5f	R	1	1	15.5	castle_village_V1_1#b22415cc	castle_village_V1_1#f6df90f6,castle_village_V1_1#b22415cc,castle_village_V1_1#0c1d5d59,castle_village_V1_1#f066e21c	21.3	1.30	0.70	3655
1609	castle_village_V1_1	Bramblewood	276.25	219.46	7.5	16	17	road	castle_village_V1_1#0c1d5d59	R	1	1	19.8	castle_village_V1_1#f6df90f6	castle_village_V1_1#f6df90f6,castle_village_V1_1#c86a0d5f,castle_village_V1_1#b22415cc,castle_village_V1_1#f066e21c	7.5	1.30	0.70	3655
1610	castle_village_V1_1	Cherryhollow	262.93	220.51	29.7	16	10	road	castle_village_V1_1#b22415cc	R	-1	1	13.2	castle_village_V1_1#f066e21c	castle_village_V1_1#c86a0d5f,castle_village_V1_1#f6df90f6,castle_village_V1_1#f066e21c,castle_village_V1_1#39df5105	-150.3	1.30	0.70	5069
1611	castle_village_V1_1	Oldvale	269.90	222.74	30.0	16	14	road	castle_village_V1_1#f6df90f6	R	-1	1	16.1	castle_village_V1_1#c86a0d5f	castle_village_V1_1#c86a0d5f,castle_village_V1_1#b22415cc,castle_village_V1_1#0c1d5d59,castle_village_V1_1#274144ef	-150.0	1.30	0.70	3655
1612	castle_village_V1_1	Poppyham	254.82	190.35	137.3	16	9	road	castle_village_V1_1#b2e72a54	R	-1	1	13.0	castle_village_V1_1#5f13b126	castle_village_V1_1#5f13b126,castle_village_V1_1#a4a5c644,castle_village_V1_1#43259c8c,castle_village_V1_1#39df5105	-42.7	1.30	0.70	3660
1613	castle_village_V1_1	Hollymead	255.63	195.34	100.4	16	6	road	castle_village_V1_1#5f13b126	R	1	1	9.9	castle_village_V1_1#a4a5c644	castle_village_V1_1#a4a5c644,castle_village_V1_1#b2e72a54,castle_village_V1_1#43259c8c,castle_village_V1_1#39df5105	100.4	1.30	0.70	3660
1614	castle_village_V1_1	Meadhollow	255.14	199.84	102.6	16	4	road	castle_village_V1_1#a4a5c644	R	1	1	8.8	castle_village_V1_1#43259c8c	castle_village_V1_1#5f13b126,castle_village_V1_1#43259c8c,castle_village_V1_1#b2e72a54,castle_village_V1_1#39df5105	102.6	1.30	0.70	3660
1615	castle_village_V1_1	Berrymill	240.16	205.47	176.4	16	7	river	castle_village_V1_1#f64fca35	R	1	1	10.1	castle_village_V1_1#20a0eabb	castle_village_V1_1#20a0eabb,castle_village_V1_1#44513eff,castle_village_V1_1#fa492796,castle_village_V1_1#3d8202ba	-3.6	1.30	0.70	3664
1616	castle_village_V1_1	Alderdale	232.91	208.63	148.9	16	15	river	castle_village_V1_1#44513eff	R	1	1	18.1	castle_village_V1_1#f64fca35	castle_village_V1_1#f64fca35,castle_village_V1_1#20a0eabb,castle_village_V1_1#fa492796,castle_village_V1_1#3d8202ba	-31.1	1.30	0.70	5066
1617	castle_village_V1_1	Heronbrook	246.75	217.57	80.3	16	2	river	castle_village_V1_1#345fbe7e	R	1	1	7.9	-	castle_village_V1_1#79184a9a,castle_village_V1_1#43259c8c,castle_village_V1_1#20a0eabb,castle_village_V1_1#39df5105	80.3	1.30	0.70	5067
1618	castle_village_V1_1	Wrendale	249.55	224.71	71.2	16	12	river	castle_village_V1_1#79184a9a	R	1	1	14.7	castle_village_V1_1#345fbe7e	castle_village_V1_1#345fbe7e,castle_village_V1_1#43259c8c,castle_village_V1_1#20a0eabb,castle_village_V1_1#39df5105	71.2	1.30	0.70	5664
1619	castle_village_V1_1	Honeyworth	261.50	226.50	30.9	8	16	field	castle_village_V1_1#2593514a	F	0	1	19.7	castle_village_V1_1#b22415cc	castle_village_V1_1#b22415cc,castle_village_V1_1#c86a0d5f,castle_village_V1_1#f6df90f6,castle_village_V1_1#f066e21c	-149.1	1.30	0.70	5068
1620	castle_village_V1_1	Summerton	267.50	229.50	14.7	8	18	field	castle_village_V1_1#274144ef	F	0	1	22.6	castle_village_V1_1#f6df90f6	castle_village_V1_1#f6df90f6,castle_village_V1_1#c86a0d5f,castle_village_V1_1#b22415cc,castle_village_V1_1#0c1d5d59	14.7	1.30	0.70	16992
1621	castle_village_V1_2	Barleybury	247.49	167.21	88.4	16	0	road	castle_village_V1_2#919ca71c	R	1	1	5.3	-	castle_village_V1_2#31ec6ef5,castle_village_V1_2#8a69a05b,castle_village_V1_2#8a699476	88.4	1.30	0.70	5350
1622	castle_village_V1_2	Applefield	245.43	171.26	46.9	16	1	road	castle_village_V1_2#31ec6ef5	R	-1	1	6.9	castle_village_V1_2#919ca71c	castle_village_V1_2#919ca71c,castle_village_V1_2#8a69a05b,castle_village_V1_2#8a699476	-133.1	1.30	0.70	5350
1623	castle_village_V1_2	Green Furrow	252.15	173.03	41.0	16	2	road	castle_village_V1_2#8a69a05b	R	1	1	9.4	castle_village_V1_2#31ec6ef5	castle_village_V1_2#8a699476,castle_village_V1_2#31ec6ef5,castle_village_V1_2#919ca71c	41.0	1.30	0.70	4497
1624	castle_village_V1_2	Oakham	251.80	177.62	49.2	16	3	road	castle_village_V1_2#8a699476	R	-1	1	11.1	castle_village_V1_2#8a69a05b	castle_village_V1_2#8a69a05b,castle_village_V1_2#31ec6ef5,castle_village_V1_2#919ca71c	-130.8	1.30	0.70	3663
1625	castle_village_V2_1	Ciderwood	145.50	140.23	29.5	27	2	crossroad	castle_village_V2_1#40b7d8dd	H	0	2	6.9	castle_village_V2_1#21ab1757	castle_village_V2_1#21ab1757,castle_village_V2_1#368ab1fb,castle_village_V2_1#f76d8db0,castle_village_V2_1#7b00104c	-150.5	1.30	0.70	3691
1626	castle_village_V2_1	Goldwold	165.92	141.37	14.4	16	3	road	castle_village_V2_1#f76d8db0	R	-1	1	9.0	castle_village_V2_1#368ab1fb	castle_village_V2_1#7b00104c,castle_village_V2_1#368ab1fb,castle_village_V2_1#21ab1757,castle_village_V2_1#40b7d8dd	14.4	1.30	0.70	4493
1627	castle_village_V2_1	Sweetbrook	148.97	145.22	45.8	16	0	road	castle_village_V2_1#21ab1757	R	1	1	5.6	-	castle_village_V2_1#40b7d8dd,castle_village_V2_1#368ab1fb,castle_village_V2_1#f76d8db0,castle_village_V2_1#7b00104c	-134.2	1.30	0.70	4517
1628	castle_village_V2_1	Vinehollow	171.83	145.90	14.1	16	4	road	castle_village_V2_1#7b00104c	R	-1	1	11.3	castle_village_V2_1#f76d8db0	castle_village_V2_1#f76d8db0,castle_village_V2_1#368ab1fb,castle_village_V2_1#21ab1757,castle_village_V2_1#40b7d8dd	14.1	1.30	0.70	4494
1629	castle_village_V2_1	Redbury	161.07	146.66	152.7	16	1	road	castle_village_V2_1#368ab1fb	R	1	1	6.3	-	castle_village_V2_1#f76d8db0,castle_village_V2_1#7b00104c,castle_village_V2_1#21ab1757,castle_village_V2_1#40b7d8dd	152.7	1.30	0.70	4493
1630	castle_village_V2_1	Honeystrand	152.39	129.33	9.6	16	6	coast	castle_village_V2_1#c8ebfe61	R	1	1	18.2	-	castle_village_V2_1#21ab1757,castle_village_V2_1#368ab1fb,castle_village_V2_1#40b7d8dd,castle_village_V2_1#f76d8db0	-170.4	1.30	0.70	3491
1631	castle_village_V2_1	Wrencove	160.44	134.51	28.1	16	5	coast	castle_village_V2_1#2b921889	R	1	1	12.7	-	castle_village_V2_1#21ab1757,castle_village_V2_1#368ab1fb,castle_village_V2_1#40b7d8dd,castle_village_V2_1#f76d8db0	-151.9	1.30	0.70	3461
1632	castle_village_V2_2	Brightport	131.80	134.68	103.8	16	2	coast	castle_village_V2_2#03920ffb	R	1	1	17.5	castle_village_V2_2#e454a216	castle_village_V2_2#e454a216,castle_village_V2_2#c0a76242	103.8	1.30	0.70	3463
1633	castle_village_V2_2	Vinecove	130.71	139.79	52.2	16	1	coast	castle_village_V2_2#e454a216	R	1	1	11.9	-	castle_village_V2_2#03920ffb,castle_village_V2_2#c0a76242	52.2	1.30	0.70	3463
1634	castle_village_V2_2	Plumfield	126.04	152.72	138.7	16	0	coast	castle_village_V2_2#c0a76242	R	1	1	6.9	-	castle_village_V2_2#e454a216,castle_village_V2_2#03920ffb	138.7	1.30	0.70	3060
1635	castle_village_V3_1	Westhaven	151.83	326.77	139.9	16	2	road	castle_village_V3_1#13d55be2	R	-1	1	14.7	-	castle_village_V3_1#b77e0709,castle_village_V3_1#631f03e8,castle_village_V3_1#3e21263c	-40.1	1.30	0.70	2650
1636	castle_village_V3_1	Crakemark	154.29	301.47	127.5	16	3	coast	castle_village_V3_1#3e21263c	R	1	1	21.9	-	castle_village_V3_1#b77e0709,castle_village_V3_1#631f03e8,castle_village_V3_1#13d55be2	127.5	1.30	0.70	2621
1637	castle_village_V3_1	Golden Cove	149.41	306.85	153.4	16	1	coast	castle_village_V3_1#631f03e8	R	1	1	14.6	castle_village_V3_1#b77e0709	castle_village_V3_1#b77e0709,castle_village_V3_1#13d55be2,castle_village_V3_1#3e21263c	153.4	1.30	0.70	2587
1638	castle_village_V3_1	Brightholt	147.93	312.03	33.7	16	0	coast	castle_village_V3_1#b77e0709	R	1	1	10.7	-	castle_village_V3_1#631f03e8,castle_village_V3_1#13d55be2,castle_village_V3_1#3e21263c	33.7	1.30	0.70	2587
1639	castle_village_V3_2	Smith's Cross	175.64	314.34	107.7	27	0	crossroad	castle_village_V3_2#7f952c47	H	0	2	4.6	-	castle_village_V3_2#882a6c17,castle_village_V3_2#4adf739d,castle_village_V3_2#ae68cb03,castle_village_V3_2#882506a0	107.7	1.30	0.70	3908
1640	castle_village_V3_2	Deep Oaks	176.12	294.71	156.4	16	5	road	castle_village_V3_2#837942a3	R	1	1	11.7	castle_village_V3_2#882510d2	castle_village_V3_2#882510d2,castle_village_V3_2#882506a0,castle_village_V3_2#46fb48dd,castle_village_V3_2#7f952c47	-23.6	1.30	0.70	2666
1641	castle_village_V3_2	Ramcrag	176.67	300.95	117.3	16	3	road	castle_village_V3_2#882510d2	R	-1	1	8.5	castle_village_V3_2#882506a0	castle_village_V3_2#882506a0,castle_village_V3_2#837942a3,castle_village_V3_2#7f952c47,castle_village_V3_2#882a6c17	117.3	1.30	0.70	2666
1642	castle_village_V3_2	Highmark	177.43	306.52	91.3	16	1	road	castle_village_V3_2#882506a0	R	-1	1	6.9	-	castle_village_V3_2#882510d2,castle_village_V3_2#837942a3,castle_village_V3_2#7f952c47,castle_village_V3_2#882a6c17	91.3	1.30	0.70	3908
1643	castle_village_V3_2	Blackmark	168.94	319.10	132.8	16	4	road	castle_village_V3_2#fb82174c	R	-1	1	9.7	-	castle_village_V3_2#7f952c47,castle_village_V3_2#882506a0,castle_village_V3_2#882a6c17,castle_village_V3_2#882510d2	132.8	1.30	0.70	2654
1644	castle_village_V3_2	Pedlar's Hill	176.59	320.10	67.1	16	2	road	castle_village_V3_2#882a6c17	R	-1	1	7.8	castle_village_V3_2#7f952c47	castle_village_V3_2#7f952c47,castle_village_V3_2#4adf739d,castle_village_V3_2#ae68cb03,castle_village_V3_2#882506a0	67.1	1.30	0.70	3906
1645	castle_village_V3_2	Sow's Hollow	181.35	326.69	39.0	16	7	road	castle_village_V3_2#ae68cb03	R	-1	1	13.0	castle_village_V3_2#4adf739d	castle_village_V3_2#4adf739d,castle_village_V3_2#882a6c17,castle_village_V3_2#7f952c47,castle_village_V3_2#882506a0	39.0	1.30	0.70	3904
1646	castle_village_V3_2	Redholt	175.37	328.24	31.8	16	6	road	castle_village_V3_2#4adf739d	R	1	1	12.9	castle_village_V3_2#882a6c17	castle_village_V3_2#ae68cb03,castle_village_V3_2#882a6c17,castle_village_V3_2#7f952c47,castle_village_V3_2#882506a0	-148.2	1.30	0.70	3904
1647	castle_village_V3_2	Tanner's Wood	169.56	282.54	1.9	16	10	coast	castle_village_V3_2#90b64276	R	1	1	34.1	castle_village_V3_2#46fb48dd	castle_village_V3_2#46fb48dd,castle_village_V3_2#837942a3,castle_village_V3_2#882510d2,castle_village_V3_2#882506a0	-178.1	1.30	0.70	2622
1648	castle_village_V3_2	Goldport	174.84	283.03	0.2	16	8	coast	castle_village_V3_2#46fb48dd	R	1	1	25.0	castle_village_V3_2#837942a3	castle_village_V3_2#90b64276,castle_village_V3_2#837942a3,castle_village_V3_2#882510d2,castle_village_V3_2#882506a0	-179.8	1.30	0.70	2589
1649	castle_village_V3_2	Pinecliff	159.79	294.22	102.7	16	9	coast	castle_village_V3_2#34eef053	R	1	1	33.7	castle_village_V3_2#882510d2	castle_village_V3_2#882510d2,castle_village_V3_2#882506a0,castle_village_V3_2#837942a3,castle_village_V3_2#7f952c47	102.7	1.30	0.70	2624
1650	castle_village_V4_1	Rockstead	175.76	347.23	73.7	27	4	crossroad	castle_village_V4_1#931098e7	H	0	2	9.2	castle_village_V4_1#15679338	castle_village_V4_1#1f324340,castle_village_V4_1#9da0c7f0,castle_village_V4_1#15679338,castle_village_V4_1#a0787c42	-106.3	1.30	0.70	2638
1651	castle_village_V4_1	Greycrag	197.41	363.29	118.0	27	8	crossroad	castle_village_V4_1#d91ecb64	H	0	2	15.2	castle_village_V4_1#e3d21e17	castle_village_V4_1#59211491,castle_village_V4_1#e3d21e17,castle_village_V4_1#4cfff336,castle_village_V4_1#a5daf7c6	-62.0	1.30	0.70	11788
1652	castle_village_V4_1	Red Vale	202.22	345.66	131.7	16	2	road	castle_village_V4_1#a5daf7c6	R	-1	1	6.5	castle_village_V4_1#4cfff336	castle_village_V4_1#4cfff336,castle_village_V4_1#e3d21e17,castle_village_V4_1#15679338,castle_village_V4_1#d91ecb64	-48.3	1.30	0.70	11837
1653	castle_village_V4_1	Hornley	195.59	352.23	109.6	16	3	road	castle_village_V4_1#e3d21e17	R	-1	1	9.0	castle_village_V4_1#4cfff336	castle_village_V4_1#4cfff336,castle_village_V4_1#d91ecb64,castle_village_V4_1#a5daf7c6,castle_village_V4_1#59211491	-70.4	1.30	0.70	11834
1654	castle_village_V4_1	Elmfield	191.80	364.65	175.3	16	10	road	castle_village_V4_1#59211491	R	1	1	20.9	castle_village_V4_1#d91ecb64	castle_village_V4_1#d91ecb64,castle_village_V4_1#e3d21e17,castle_village_V4_1#4cfff336,castle_village_V4_1#a5daf7c6	-4.7	1.30	0.70	11788
1655	castle_village_V4_1	Cooper's Well	197.73	347.63	1.8	16	0	road	castle_village_V4_1#4cfff336	R	-1	1	4.5	-	castle_village_V4_1#a5daf7c6,castle_village_V4_1#e3d21e17,castle_village_V4_1#15679338,castle_village_V4_1#d91ecb64	-178.2	1.30	0.70	11839
1656	castle_village_V4_1	Oxrock	185.25	348.20	0.2	16	1	road	castle_village_V4_1#15679338	R	-1	1	4.8	-	castle_village_V4_1#931098e7,castle_village_V4_1#a0787c42,castle_village_V4_1#1f324340,castle_village_V4_1#9da0c7f0	-179.8	1.30	0.70	2638
1657	castle_village_V4_1	Deepley	178.73	352.30	116.0	16	6	road	castle_village_V4_1#1f324340	R	1	1	11.3	castle_village_V4_1#931098e7	castle_village_V4_1#9da0c7f0,castle_village_V4_1#931098e7,castle_village_V4_1#15679338,castle_village_V4_1#a0787c42	116.0	1.30	0.70	2638
1658	castle_village_V4_1	Long Croft	175.22	355.93	111.7	16	7	road	castle_village_V4_1#9da0c7f0	R	1	1	12.3	castle_village_V4_1#1f324340	castle_village_V4_1#1f324340,castle_village_V4_1#931098e7,castle_village_V4_1#15679338,castle_village_V4_1#a0787c42	111.7	1.30	0.70	2638
1659	castle_village_V4_1	Drover's Croft	177.50	333.24	94.6	16	9	road	castle_village_V4_1#29dd5c9e	R	1	1	16.4	castle_village_V4_1#a0787c42	castle_village_V4_1#a0787c42,castle_village_V4_1#15679338,castle_village_V4_1#931098e7,castle_village_V4_1#1f324340	-85.4	1.30	0.70	3904
1660	castle_village_V4_1	Hollowcliff	180.99	341.80	96.5	16	5	road	castle_village_V4_1#a0787c42	R	-1	1	10.3	castle_village_V4_1#15679338	castle_village_V4_1#15679338,castle_village_V4_1#29dd5c9e,castle_village_V4_1#931098e7,castle_village_V4_1#1f324340	96.5	1.30	0.70	2658
1661	castle_village_V4_2	Highdelve	230.02	365.57	15.6	27	0	crossroad	castle_village_V4_2#95ef5820	H	0	2	4.0	-	castle_village_V4_2#85e9da96,castle_village_V4_2#ab3cb5e5,castle_village_V4_2#e887aa49	15.6	1.30	0.70	3275
1662	castle_village_V4_2	Miner's Hollow	211.00	362.00	4.5	16	3	road	castle_village_V4_2#e887aa49	R	-1	1	12.8	castle_village_V4_2#ab3cb5e5	castle_village_V4_2#ab3cb5e5,castle_village_V4_2#85e9da96,castle_village_V4_2#95ef5820	4.5	1.30	0.70	3390
1663	castle_village_V4_2	Vinewick	218.30	363.48	11.5	16	2	road	castle_village_V4_2#ab3cb5e5	R	-1	1	9.2	castle_village_V4_2#85e9da96	castle_village_V4_2#85e9da96,castle_village_V4_2#e887aa49,castle_village_V4_2#95ef5820	11.5	1.30	0.70	3805
1664	castle_village_V4_2	Deepcombe	223.26	364.15	10.0	16	1	road	castle_village_V4_2#85e9da96	R	-1	1	6.6	castle_village_V4_2#95ef5820	castle_village_V4_2#95ef5820,castle_village_V4_2#ab3cb5e5,castle_village_V4_2#e887aa49	10.0	1.30	0.70	3275
1665	castle_village_V5_2	Silverley	212.37	415.00	3.6	16	0	road	castle_village_V5_2#22fbb5d4	R	1	1	24.9	-	-	-176.4	1.30	0.70	3653
1666	castle_village_V6_1	Oxholt	253.09	436.91	43.6	27	2	crossroad	castle_village_V6_1#e0ec7c4f	H	0	2	15.9	castle_village_V6_1#e301670e	castle_village_V6_1#e301670e,castle_village_V6_1#27aa92e4	43.6	1.30	0.70	3648
1667	castle_village_V6_1	Pencliff	261.37	425.54	44.7	16	1	road	castle_village_V6_1#27aa92e4	R	1	1	5.9	castle_village_V6_1#e301670e	castle_village_V6_1#e301670e,castle_village_V6_1#e0ec7c4f	44.7	1.30	0.70	3437
1668	castle_village_V6_1	Ramden	255.71	426.25	46.2	16	0	road	castle_village_V6_1#e301670e	R	-1	1	4.9	-	castle_village_V6_1#27aa92e4,castle_village_V6_1#e0ec7c4f	-133.8	1.30	0.70	2799
1669	castle_village_V6_2	Stonecross	271.50	437.92	176.4	27	1	crossroad	castle_village_V6_2#791c084e	H	0	2	5.8	-	castle_village_V6_2#09e5c8b9,castle_village_V6_2#1c705c20,castle_village_V6_2#f51a49b4	176.4	1.30	0.70	3485
1670	castle_village_V6_2	Hermit's Tooth	275.83	421.05	136.7	16	0	road	castle_village_V6_2#1c705c20	R	1	1	5.0	-	castle_village_V6_2#791c084e,castle_village_V6_2#f51a49b4,castle_village_V6_2#09e5c8b9	-43.3	1.30	0.70	11779
1671	castle_village_V6_2	Stony Croft	264.90	429.08	42.6	16	2	road	castle_village_V6_2#f51a49b4	R	1	1	8.0	-	castle_village_V6_2#1c705c20,castle_village_V6_2#791c084e,castle_village_V6_2#09e5c8b9	42.6	1.30	0.70	3486
1672	castle_village_V6_2	Whiteley	265.59	436.50	142.2	16	3	road	castle_village_V6_2#09e5c8b9	R	1	1	8.7	castle_village_V6_2#791c084e	castle_village_V6_2#791c084e,castle_village_V6_2#1c705c20,castle_village_V6_2#f51a49b4	-37.8	1.30	0.70	3486
1673	castle_village_V7_1	Saltley	208.50	74.50	29.7	27	3	coast	castle_village_V7_1#69f9de2d	H	0	2	15.7	castle_village_V7_1#251c378e	castle_village_V7_1#251c378e,castle_village_V7_1#0f0fb938,castle_village_V7_1#c74b45e5,castle_village_V7_1#261d9d63	-150.3	1.30	0.70	3754
1674	castle_village_V7_1	Roseworth	209.97	80.78	130.3	16	0	road	castle_village_V7_1#251c378e	R	-1	1	8.6	-	castle_village_V7_1#0f0fb938,castle_village_V7_1#69f9de2d,castle_village_V7_1#c74b45e5,castle_village_V7_1#261d9d63	-49.7	1.30	0.70	3755
1675	castle_village_V7_1	Dovehollow	217.05	82.20	134.5	16	1	road	castle_village_V7_1#0f0fb938	R	1	1	10.4	castle_village_V7_1#251c378e	castle_village_V7_1#251c378e,castle_village_V7_1#69f9de2d,castle_village_V7_1#c74b45e5,castle_village_V7_1#261d9d63	134.5	1.30	0.70	3759
1676	castle_village_V7_1	Fiddler's Well	225.50	85.00	88.1	16	4	road	castle_village_V7_1#c74b45e5	R	-1	1	19.7	castle_village_V7_1#0f0fb938	castle_village_V7_1#a5232f28,castle_village_V7_1#0f0fb938,castle_village_V7_1#251c378e,castle_village_V7_1#69f9de2d	88.1	1.30	0.70	3758
1677	castle_village_V7_1	Long Mead	225.50	93.00	89.4	16	8	road	castle_village_V7_1#c74e58a2	R	-1	1	21.9	castle_village_V7_1#251c378e	castle_village_V7_1#251c378e,castle_village_V7_1#0f0fb938,castle_village_V7_1#69f9de2d,castle_village_V7_1#c74b45e5	89.4	1.30	0.70	3760
1678	castle_village_V7_1	Oakley	220.50	99.00	89.0	16	6	road	castle_village_V7_1#5fc3e226	R	1	1	21.8	-	castle_village_V7_1#251c378e,castle_village_V7_1#0f0fb938,castle_village_V7_1#3d644b36,castle_village_V7_1#69f9de2d	-91.0	1.30	0.70	3752
1679	castle_village_V7_1	Honeyley	228.50	81.21	89.6	16	5	road	castle_village_V7_1#261d9d63	R	1	1	20.0	castle_village_V7_1#0f0fb938	castle_village_V7_1#a2d29587,castle_village_V7_1#0f0fb938,castle_village_V7_1#251c378e,castle_village_V7_1#69f9de2d	89.6	1.30	0.70	3758
1680	castle_village_V7_1	Pearbury	229.00	89.71	94.5	16	10	road	castle_village_V7_1#a5232f28	R	1	1	23.7	castle_village_V7_1#c74b45e5	castle_village_V7_1#c74b45e5,castle_village_V7_1#0f0fb938,castle_village_V7_1#251c378e,castle_village_V7_1#69f9de2d	94.5	1.30	0.70	3758
1681	castle_village_V7_1	Hollygrove	231.79	77.20	43.8	16	7	coast	castle_village_V7_1#a2d29587	R	1	1	21.9	castle_village_V7_1#261d9d63	castle_village_V7_1#261d9d63,castle_village_V7_1#0f0fb938,castle_village_V7_1#251c378e,castle_village_V7_1#69f9de2d	-136.2	1.30	0.70	3763
1682	castle_village_V7_1	Dunport	193.03	78.24	140.6	16	2	coast	castle_village_V7_1#3d644b36	R	1	1	15.7	-	castle_village_V7_1#251c378e,castle_village_V7_1#0f0fb938,castle_village_V7_1#69f9de2d,castle_village_V7_1#c74b45e5	140.6	1.30	0.70	3448
1683	castle_village_V7_1	Wrenfield	185.00	84.33	141.8	16	9	coast	castle_village_V7_1#7b560d3c	R	1	1	22.2	-	castle_village_V7_1#8bff11f0,castle_village_V7_1#251c378e,castle_village_V7_1#0f0fb938,castle_village_V7_1#3d644b36	141.8	1.30	0.70	3478
1684	castle_village_V7_1	Piper's Elm	180.05	87.03	148.5	16	11	coast	castle_village_V7_1#8bff11f0	R	1	1	26.6	castle_village_V7_1#7b560d3c	castle_village_V7_1#7b560d3c,castle_village_V7_1#251c378e,castle_village_V7_1#0f0fb938,castle_village_V7_1#3d644b36	148.5	1.30	0.70	3478
1685	castle_village_V7_2	Blueton	225.50	103.00	94.5	16	1	road	castle_village_V7_2#92c75b21	R	-1	1	7.9	castle_village_V7_2#2e5796de	castle_village_V7_2#2e5796de,castle_village_V7_2#f1796c37,castle_village_V7_2#b0a4892f,castle_village_V7_2#826e5267	94.5	1.30	0.70	3752
1686	castle_village_V7_2	Vinebloom	223.81	107.31	124.0	16	2	road	castle_village_V7_2#f1796c37	R	-1	1	8.9	castle_village_V7_2#2e5796de	castle_village_V7_2#2e5796de,castle_village_V7_2#92c75b21,castle_village_V7_2#b0a4892f,castle_village_V7_2#826e5267	124.0	1.30	0.70	3750
1687	castle_village_V7_2	Ciderwell	220.69	111.22	124.0	16	3	road	castle_village_V7_2#b0a4892f	R	-1	1	12.2	-	castle_village_V7_2#826e5267,castle_village_V7_2#2e5796de,castle_village_V7_2#92c75b21,castle_village_V7_2#f1796c37	124.0	1.30	0.70	4921
1688	castle_village_V7_2	Wrenham	217.86	114.75	132.8	16	4	road	castle_village_V7_2#826e5267	R	-1	1	14.5	castle_village_V7_2#b0a4892f	castle_village_V7_2#b0a4892f,castle_village_V7_2#2e5796de,castle_village_V7_2#92c75b21,castle_village_V7_2#f1796c37	132.8	1.30	0.70	4921
1689	castle_village_V7_2	Golden Acre	229.81	106.95	56.2	16	0	road	castle_village_V7_2#2e5796de	R	1	1	7.1	-	castle_village_V7_2#92c75b21,castle_village_V7_2#f1796c37,castle_village_V7_2#b0a4892f,castle_village_V7_2#826e5267	56.2	1.30	0.70	3750
1690	castle_village_V8_1	Honeycross	331.17	274.87	108.4	27	3	crossroad	castle_village_V8_1#cf864a0e	H	0	2	7.5	castle_village_V8_1#04716274	castle_village_V8_1#cf94bef4,castle_village_V8_1#04716274,castle_village_V8_1#cf833751,castle_village_V8_1#894b7dc2	-71.6	1.30	0.70	4874
1691	castle_village_V8_1	Three Orchards	335.81	278.24	14.1	16	0	road	castle_village_V8_1#04716274	R	-1	1	5.2	-	castle_village_V8_1#6ca7066e,castle_village_V8_1#cf864a0e,castle_village_V8_1#cf94bef4,castle_village_V8_1#cf833751	-165.9	1.30	0.70	4875
1692	castle_village_V8_1	Hornacre	347.38	278.00	4.7	16	5	road	castle_village_V8_1#aa829928	R	-1	1	8.6	-	castle_village_V8_1#a5bba9c9,castle_village_V8_1#e371f9fa,castle_village_V8_1#04716274,castle_village_V8_1#edafac53	4.7	1.30	0.70	4877
1693	castle_village_V8_1	Knight's Rest	355.91	281.33	162.2	16	10	road	castle_village_V8_1#e371f9fa	R	1	1	13.5	castle_village_V8_1#a5bba9c9	castle_village_V8_1#a5bba9c9,castle_village_V8_1#aa829928,castle_village_V8_1#04716274,castle_village_V8_1#edafac53	162.2	1.30	0.70	4883
1694	castle_village_V8_1	Fair Grove	343.26	282.68	16.6	16	2	road	castle_village_V8_1#6ca7066e	R	1	1	7.5	castle_village_V8_1#04716274	castle_village_V8_1#04716274,castle_village_V8_1#cf864a0e,castle_village_V8_1#cf94bef4,castle_village_V8_1#cf833751	-163.4	1.30	0.70	2801
1695	castle_village_V8_1	Elmvale	351.36	282.83	167.7	16	8	road	castle_village_V8_1#a5bba9c9	R	1	1	11.2	castle_village_V8_1#aa829928	castle_village_V8_1#e371f9fa,castle_village_V8_1#aa829928,castle_village_V8_1#04716274,castle_village_V8_1#edafac53	167.7	1.30	0.70	4883
1696	castle_village_V8_1	Brightwold	331.27	281.97	130.7	16	4	road	castle_village_V8_1#cf94bef4	R	-1	1	8.5	castle_village_V8_1#cf864a0e	castle_village_V8_1#cf864a0e,castle_village_V8_1#894b7dc2,castle_village_V8_1#04716274,castle_village_V8_1#cf833751	130.7	1.30	0.70	2801
1697	castle_village_V8_1	Fox's Rest	330.84	266.69	48.2	16	6	road	castle_village_V8_1#cf833751	R	-1	1	10.6	castle_village_V8_1#cf864a0e	castle_village_V8_1#cf864a0e,castle_village_V8_1#cf94bef4,castle_village_V8_1#04716274,castle_village_V8_1#894b7dc2	48.2	1.30	0.70	4732
1698	castle_village_V8_1	Three Hives	328.21	285.62	135.4	16	9	road	castle_village_V8_1#894b7dc2	R	-1	1	11.6	castle_village_V8_1#cf94bef4	castle_village_V8_1#cf94bef4,castle_village_V8_1#cf864a0e,castle_village_V8_1#04716274,castle_village_V8_1#cf833751	135.4	1.30	0.70	4688
1699	castle_village_V8_1	Oakmill	350.50	270.64	172.3	16	7	river	castle_village_V8_1#ef540e6f	R	-1	1	10.9	-	castle_village_V8_1#04716274,castle_village_V8_1#edafac53,castle_village_V8_1#6ca7066e,castle_village_V8_1#cf864a0e	172.3	1.30	0.70	4876
1700	castle_village_V8_1	Willowdale	318.63	269.62	81.9	16	12	river	castle_village_V8_1#7a612fab	R	1	1	19.5	castle_village_V8_1#cf833751	castle_village_V8_1#cf833751,castle_village_V8_1#cf864a0e,castle_village_V8_1#cf94bef4,castle_village_V8_1#04716274	81.9	1.30	0.70	4863
1701	castle_village_V8_1	Hermit's Mill	314.77	279.86	125.2	16	13	river	castle_village_V8_1#c6392cb8	R	1	1	23.4	castle_village_V8_1#4a3e0328	castle_village_V8_1#4a3e0328,castle_village_V8_1#cf94bef4,castle_village_V8_1#cf864a0e,castle_village_V8_1#894b7dc2	125.2	1.30	0.70	4738
1702	castle_village_V8_1	Little Orchard	337.50	268.50	21.8	8	1	field	castle_village_V8_1#edafac53	F	0	1	6.8	-	castle_village_V8_1#04716274,castle_village_V8_1#6ca7066e,castle_village_V8_1#cf864a0e,castle_village_V8_1#cf94bef4	-158.2	1.30	0.70	4864
1703	castle_village_V8_1	Greenhurst	320.50	279.50	139.0	8	11	field	castle_village_V8_1#4a3e0328	F	0	1	17.1	castle_village_V8_1#cf94bef4	castle_village_V8_1#c6392cb8,castle_village_V8_1#cf94bef4,castle_village_V8_1#cf864a0e,castle_village_V8_1#894b7dc2	-41.0	1.30	0.70	4738
1704	castle_village_V8_2	Shepherd's Field	346.27	327.75	46.4	16	1	road	castle_village_V8_2#6a6a57c0	R	-1	1	19.9	-	castle_village_V8_2#232bb705,castle_village_V8_2#dd6ae726	46.4	1.30	0.70	3949
1705	castle_village_V8_2	Nether Vines	377.71	307.47	85.2	16	2	road	castle_village_V8_2#dd6ae726	R	1	1	30.2	-	castle_village_V8_2#232bb705,castle_village_V8_2#6a6a57c0	-94.8	1.30	0.70	3408
1706	castle_village_V8_2	Beewood	327.93	301.22	35.1	16	0	road	castle_village_V8_2#232bb705	R	-1	1	13.9	-	castle_village_V8_2#6a6a57c0,castle_village_V8_2#dd6ae726	35.1	1.30	0.70	4686
1707	village_A1_1	Snake's Hill	698.86	125.40	43.5	16	0	road	village_A1_1#0f54acb4	R	1	1	5.2	-	village_A1_1#f061dd6d,village_A1_1#0f519baa	-136.5	1.30	0.70	3942
1708	village_A1_1	Hawkcrag	698.91	138.30	65.5	16	2	coast	village_A1_1#0f519baa	R	1	1	27.9	village_A1_1#f061dd6d	village_A1_1#f061dd6d,village_A1_1#0f54acb4	-114.5	1.30	0.70	3940
1709	village_A1_1	Dustwood	695.50	131.50	41.1	8	1	field	village_A1_1#f061dd6d	F	0	1	13.8	village_A1_1#0f54acb4	village_A1_1#0f54acb4,village_A1_1#0f519baa	-138.9	1.30	0.70	3827
1710	village_A1_4	Widow's Horn	660.65	86.49	30.2	27	1	coast	village_A1_4#96894a08	H	0	2	15.2	village_A1_4#7f09015b	village_A1_4#7f09015b	-149.8	1.30	0.70	14707
1711	village_A1_4	Lonely Spring	663.86	93.34	43.5	16	0	road	village_A1_4#7f09015b	R	-1	1	10.4	-	village_A1_4#96894a08	43.5	1.30	0.70	4164
1712	village_A2_1	Abbarios	1390.34	131.15	160.8	27	5	crossroad	village_A2_1#2542735b	H	0	2	16.5	village_A2_1#a59e1849	village_A2_1#a59e1849,village_A2_1#a749dc72,village_A2_1#badbd25d,village_A2_1#c561a8fc	-19.2	1.30	0.70	8721
1713	village_A2_1	Khynos	1401.67	114.01	138.3	16	6	road	village_A2_1#a467f488	R	-1	1	24.0	village_A2_1#c561a8fc	village_A2_1#c561a8fc,village_A2_1#3ee09b35,village_A2_1#ab00061c,village_A2_1#a59e1849	138.3	1.30	0.70	11454
1714	village_A2_1	Chankai	1390.54	115.07	136.5	16	8	road	village_A2_1#a749dc72	R	1	1	29.4	village_A2_1#2542735b	village_A2_1#2542735b,village_A2_1#a59e1849,village_A2_1#badbd25d,village_A2_1#c561a8fc	-43.5	1.30	0.70	11452
1715	village_A2_1	Haqaz	1397.02	116.00	177.1	16	7	road	village_A2_1#0703664d	R	-1	1	26.0	village_A2_1#c561a8fc	village_A2_1#c561a8fc,village_A2_1#3ee09b35,village_A2_1#ab00061c,village_A2_1#a59e1849	177.1	1.30	0.70	11453
1716	village_A2_1	Ghozdan	1423.59	117.50	4.7	16	4	road	village_A2_1#ab00061c	R	1	1	15.0	village_A2_1#3ee09b35	village_A2_1#3ee09b35,village_A2_1#c561a8fc,village_A2_1#a59e1849,village_A2_1#a467f488	4.7	1.30	0.70	11457
1717	village_A2_1	Ghalezdar	1416.03	120.85	133.9	16	3	road	village_A2_1#3ee09b35	R	1	1	11.1	village_A2_1#c561a8fc	village_A2_1#c561a8fc,village_A2_1#ab00061c,village_A2_1#a59e1849,village_A2_1#a467f488	-46.1	1.30	0.70	11455
1718	village_A2_1	Bir Borasmil	1409.26	126.25	142.2	16	1	road	village_A2_1#c561a8fc	R	1	1	7.5	-	village_A2_1#3ee09b35,village_A2_1#ab00061c,village_A2_1#a59e1849,village_A2_1#a467f488	-37.8	1.30	0.70	11454
1719	village_A2_1	Heshlerys	1404.64	128.72	148.9	16	2	road	village_A2_1#badbd25d	R	1	1	9.9	village_A2_1#a59e1849	village_A2_1#a59e1849,village_A2_1#2542735b,village_A2_1#c561a8fc,village_A2_1#3ee09b35	-31.1	1.30	0.70	8757
1720	village_A2_1	Lhazdan	1408.00	137.00	3.2	16	0	road	village_A2_1#a59e1849	R	1	1	5.8	-	village_A2_1#badbd25d,village_A2_1#2542735b,village_A2_1#c561a8fc,village_A2_1#3ee09b35	-176.8	1.30	0.70	8829
1721	village_A2_2	Bir Krazkar	1379.08	109.16	165.4	16	2	coast	village_A2_2#aebdfa1e	R	1	1	33.6	-	village_A2_2#9bd1acb3,village_A2_2#1f974b24,village_A2_2#9177dbca	165.4	1.30	0.70	8861
1722	village_A2_2	Abbazkar	1345.01	128.46	65.0	16	1	coast	village_A2_2#1f974b24	R	1	1	10.7	village_A2_2#9bd1acb3	village_A2_2#9bd1acb3,village_A2_2#aebdfa1e,village_A2_2#9177dbca	65.0	1.30	0.70	8715
1723	village_A2_2	Shibal Karkhaz	1349.76	129.95	8.2	16	0	coast	village_A2_2#9bd1acb3	R	1	1	9.1	-	village_A2_2#1f974b24,village_A2_2#aebdfa1e,village_A2_2#9177dbca	8.2	1.30	0.70	8715
1724	village_A2_2	Lozai	1380.50	130.50	49.7	8	3	field	village_A2_2#9177dbca	F	0	1	42.5	-	village_A2_2#9bd1acb3,village_A2_2#1f974b24,village_A2_2#aebdfa1e	-130.3	1.30	0.70	8819
1725	village_A2_3	Kralelat	1420.04	103.37	164.2	16	1	road	village_A2_3#364bc3aa	R	-1	1	6.0	-	village_A2_3#84979b6f,village_A2_3#212c39ce,village_A2_3#94eb6bf5,village_A2_3#69b4083e	164.2	1.30	0.70	8806
1726	village_A2_3	Tizkar	1405.79	109.63	140.0	16	7	road	village_A2_3#212c39ce	R	-1	1	13.2	village_A2_3#84979b6f	village_A2_3#84979b6f,village_A2_3#364bc3aa,village_A2_3#94eb6bf5,village_A2_3#69b4083e	140.0	1.30	0.70	11454
1727	village_A2_3	Khyhaz	1422.13	90.05	178.2	16	3	coast	village_A2_3#2a15023f	R	1	1	6.6	-	village_A2_3#69b4083e,village_A2_3#364bc3aa,village_A2_3#3118999a,village_A2_3#0765a056	178.2	1.30	0.70	1798
1728	village_A2_3	Nazkar	1427.87	91.18	21.0	16	2	coast	village_A2_3#3118999a	R	1	1	6.5	-	village_A2_3#69b4083e,village_A2_3#364bc3aa,village_A2_3#2a15023f,village_A2_3#0765a056	-159.0	1.30	0.70	1798
1729	village_A2_3	Abu Daemoria	1431.20	97.24	71.6	16	4	coast	village_A2_3#0765a056	R	1	1	8.2	-	village_A2_3#ba509bcd,village_A2_3#69b4083e,village_A2_3#364bc3aa,village_A2_3#3118999a	-108.4	1.30	0.70	8805
1730	village_A2_3	Rhakloz	1403.84	100.38	154.3	16	8	coast	village_A2_3#94eb6bf5	R	1	1	15.7	village_A2_3#84979b6f	village_A2_3#84979b6f,village_A2_3#212c39ce,village_A2_3#364bc3aa,village_A2_3#69b4083e	154.3	1.30	0.70	8808
1731	village_A2_3	Kalaser	1409.77	101.36	160.9	16	5	coast	village_A2_3#84979b6f	R	1	1	10.5	village_A2_3#364bc3aa	village_A2_3#212c39ce,village_A2_3#364bc3aa,village_A2_3#94eb6bf5,village_A2_3#69b4083e	160.9	1.30	0.70	8755
1732	village_A2_3	Skaqaz	1433.21	101.71	94.3	16	6	coast	village_A2_3#ba509bcd	R	1	1	12.2	village_A2_3#0765a056	village_A2_3#0765a056,village_A2_3#69b4083e,village_A2_3#364bc3aa,village_A2_3#3118999a	-85.7	1.30	0.70	8804
1733	village_A2_3	Vymenos	1417.50	96.50	164.7	8	0	field	village_A2_3#69b4083e	F	0	1	5.8	-	village_A2_3#364bc3aa,village_A2_3#3118999a,village_A2_3#2a15023f,village_A2_3#0765a056	-15.3	1.30	0.70	8806
1734	village_A3_1	Qamorios	1415.96	163.16	139.8	16	0	road	village_A3_1#2137bd62	R	-1	1	4.7	-	village_A3_1#22bb58bd	139.8	1.30	0.70	8846
1735	village_A3_1	Drareen	1409.95	164.22	134.3	16	1	road	village_A3_1#22bb58bd	R	1	1	8.2	village_A3_1#2137bd62	village_A3_1#2137bd62	-45.7	1.30	0.70	8827
1736	village_A3_2	Shija	1425.97	201.13	46.9	16	2	road	village_A3_2#20a51a63	R	-1	1	11.3	village_A3_2#5dd6a1bd	village_A3_2#5dd6a1bd,village_A3_2#5e419f77,village_A3_2#14006eef,village_A3_2#321c9fb1	-133.1	1.30	0.70	8835
1737	village_A3_2	Olivewell	1416.63	180.24	44.3	16	3	road	village_A3_2#321c9fb1	R	1	1	12.3	village_A3_2#14006eef	village_A3_2#14006eef,village_A3_2#5dd6a1bd,village_A3_2#20a51a63,village_A3_2#5e419f77	44.3	1.30	0.70	8845
1738	village_A3_2	Abu Lhunzak	1414.11	184.64	77.7	16	1	road	village_A3_2#14006eef	R	-1	1	10.7	-	village_A3_2#321c9fb1,village_A3_2#5dd6a1bd,village_A3_2#20a51a63,village_A3_2#5e419f77	-102.3	1.30	0.70	8833
1739	village_A3_2	Birmezdar	1420.15	201.07	48.0	16	0	coast	village_A3_2#5dd6a1bd	R	1	1	7.4	-	village_A3_2#20a51a63,village_A3_2#5e419f77,village_A3_2#14006eef,village_A3_2#321c9fb1	48.0	1.30	0.70	8726
1740	village_A3_2	Nasmil	1424.28	207.46	66.5	16	4	coast	village_A3_2#5e419f77	R	1	1	15.2	village_A3_2#5dd6a1bd	village_A3_2#5dd6a1bd,village_A3_2#20a51a63,village_A3_2#14006eef,village_A3_2#321c9fb1	66.5	1.30	0.70	8835
1741	village_A3_3	Skasnar	1456.44	194.14	133.9	16	0	road	village_A3_3#1a9e33a6	R	1	1	9.8	-	-	133.9	1.30	0.70	8840
1742	village_A4_1	Sunstrand	858.50	69.50	125.8	8	0	field	village_A4_1#f2b7d1ab	F	0	1	5.0	-	-	-54.2	1.30	0.70	4271
1743	village_A4_4	Dhaenra	865.71	72.13	4.2	16	0	coast	village_A4_4#5eabe957	R	1	1	5.5	-	-	4.2	1.30	0.70	4267
1744	village_A5_1	Tymasos	802.77	201.20	59.7	27	3	coast	village_A5_1#5425a316	H	0	2	10.4	-	village_A5_1#e3153191,village_A5_1#605837b0,village_A5_1#06dd2bab	59.7	1.30	0.70	4274
1745	village_A5_1	Bloodgrove	812.00	204.50	90.7	16	2	road	village_A5_1#06dd2bab	R	-1	1	8.4	-	village_A5_1#e3153191,village_A5_1#605837b0,village_A5_1#5425a316	90.7	1.30	0.70	4221
1746	village_A5_1	Lanahrun	810.04	187.03	134.6	16	0	coast	village_A5_1#e3153191	R	1	1	6.4	-	village_A5_1#605837b0,village_A5_1#06dd2bab,village_A5_1#5425a316	134.6	1.30	0.70	4220
1747	village_A5_1	Narosso	808.94	208.85	50.7	16	1	coast	village_A5_1#605837b0	R	1	1	8.1	-	village_A5_1#e3153191,village_A5_1#06dd2bab,village_A5_1#5425a316	50.7	1.30	0.70	4221
1748	village_A5_2	Lanollo	812.79	213.79	48.8	27	3	coast	village_A5_2#8c931498	H	0	2	10.8	village_A5_2#3aff1aeb	village_A5_2#3aff1aeb,village_A5_2#3aff10b9,village_A5_2#e1241afe,village_A5_2#0646db8f	48.8	1.30	0.70	4219
1749	village_A5_2	Wamasco	827.73	191.37	95.2	16	1	road	village_A5_2#ffafc7a4	R	1	1	6.4	-	village_A5_2#3aff10b9,village_A5_2#3aff1aeb,village_A5_2#8c931498,village_A5_2#e1241afe	-84.8	1.30	0.70	4237
1750	village_A5_2	Daanab	819.62	201.84	135.1	16	0	road	village_A5_2#3aff10b9	R	1	1	6.1	-	village_A5_2#3aff1aeb,village_A5_2#8c931498,village_A5_2#e1241afe,village_A5_2#ffafc7a4	-44.9	1.30	0.70	4221
1751	village_A5_2	Tysco	820.33	207.50	132.7	16	2	road	village_A5_2#3aff1aeb	R	-1	1	7.5	village_A5_2#3aff10b9	village_A5_2#3aff10b9,village_A5_2#8c931498,village_A5_2#e1241afe,village_A5_2#0646db8f	132.7	1.30	0.70	4221
1752	village_A5_2	Hussos	838.62	211.00	160.1	16	7	coast	village_A5_2#2ca99c0b	R	1	1	20.8	-	village_A5_2#3aff10b9,village_A5_2#ffafc7a4,village_A5_2#3aff1aeb,village_A5_2#8c931498	-19.9	1.30	0.70	4205
1753	village_A5_2	Redstrand	828.60	214.17	157.1	16	5	coast	village_A5_2#e692aed5	R	1	1	18.7	-	village_A5_2#3aff10b9,village_A5_2#ffafc7a4,village_A5_2#3aff1aeb,village_A5_2#8c931498	-22.9	1.30	0.70	4222
1754	village_A5_2	Linohloul	824.35	217.07	159.3	16	6	coast	village_A5_2#0646db8f	R	1	1	20.2	village_A5_2#3aff1aeb	village_A5_2#3aff1aeb,village_A5_2#3aff10b9,village_A5_2#8c931498,village_A5_2#e1241afe	-20.7	1.30	0.70	4222
1755	village_A5_2	Naroltas	818.95	217.84	173.6	16	4	coast	village_A5_2#e1241afe	R	1	1	16.6	village_A5_2#8c931498	village_A5_2#8c931498,village_A5_2#3aff1aeb,village_A5_2#3aff10b9,village_A5_2#0646db8f	-6.4	1.30	0.70	4197
1756	village_A6_1	Qosar	565.90	80.33	32.6	16	1	river	village_A6_1#8f8b4824	R	-1	1	12.3	-	village_A6_1#028fa508	32.6	1.30	0.70	4297
1757	village_A6_1	Broken Spring	586.95	85.12	13.9	16	0	river	village_A6_1#028fa508	R	-1	1	8.4	-	village_A6_1#8f8b4824	13.9	1.30	0.70	4337
1758	village_A6_2	Old Dunes	543.26	60.40	15.1	27	3	coast	village_A6_2#73971c32	H	0	2	19.5	-	village_A6_2#fc078884,village_A6_2#5b632e29,village_A6_2#db5923d2	-164.9	1.30	0.70	5837
1759	village_A6_2	Flatdune	551.00	72.50	2.0	16	0	road	village_A6_2#fc078884	R	-1	1	8.9	-	village_A6_2#5b632e29,village_A6_2#db5923d2,village_A6_2#73971c32	2.0	1.30	0.70	4299
1760	village_A6_2	Dolen	560.55	77.48	32.1	16	2	river	village_A6_2#db5923d2	R	-1	1	18.2	village_A6_2#5b632e29	village_A6_2#5b632e29,village_A6_2#fc078884,village_A6_2#73971c32	32.1	1.30	0.70	5540
1761	village_A6_2	Ghost Sands	557.50	72.50	14.4	8	1	field	village_A6_2#5b632e29	F	0	1	11.5	-	village_A6_2#db5923d2,village_A6_2#fc078884,village_A6_2#73971c32	14.4	1.30	0.70	5538
1762	village_A6_3	Starsands	474.25	50.55	0.7	16	0	coast	village_A6_3#85039020	R	1	1	18.8	-	-	-179.3	1.30	0.70	5833
1763	village_A6_4	Seven Dunes	455.50	59.50	152.1	27	1	coast	village_A6_4#d3a610b3	H	0	2	21.5	village_A6_4#113187f3	village_A6_4#113187f3,village_A6_4#bff8d3de,village_A6_4#4afac0cc	152.1	1.30	0.70	1178
1764	village_A6_4	Stonemont	468.88	80.94	153.5	16	2	river	village_A6_4#4afac0cc	R	-1	1	28.0	-	village_A6_4#113187f3,village_A6_4#d3a610b3,village_A6_4#bff8d3de	-26.5	1.30	0.70	5832
1765	village_A6_4	Dolla	442.39	56.56	37.6	16	3	coast	village_A6_4#bff8d3de	R	1	1	44.5	village_A6_4#d3a610b3	village_A6_4#d3a610b3,village_A6_4#113187f3,village_A6_4#4afac0cc	-142.4	1.30	0.70	3843
1766	village_A6_4	Galyne	461.16	56.88	161.7	16	0	coast	village_A6_4#113187f3	R	1	1	13.2	-	village_A6_4#d3a610b3,village_A6_4#bff8d3de,village_A6_4#4afac0cc	161.7	1.30	0.70	1176
1767	village_A7_3	Whitedune	612.67	90.50	2.1	16	1	road	village_A7_3#21144029	R	-1	1	10.9	village_A7_3#acb8be57	village_A7_3#acb8be57	2.1	1.30	0.70	5855
1768	village_A7_3	Noyra	606.32	89.81	150.7	16	0	river	village_A7_3#acb8be57	R	1	1	9.7	-	village_A7_3#21144029	150.7	1.30	0.70	5645
1769	village_A7_4	Garia	616.67	85.37	176.2	16	2	river	village_A7_4#12947e54	R	1	1	15.3	village_A7_4#eadd76df	village_A7_4#eadd76df,village_A7_4#45c2408f	176.2	1.30	0.70	4342
1770	village_A7_4	Bone Mill	620.52	88.89	31.3	16	1	river	village_A7_4#eadd76df	R	1	1	8.9	-	village_A7_4#12947e54,village_A7_4#45c2408f	-148.7	1.30	0.70	5852
1771	village_A7_4	Drorion	635.69	92.20	169.2	16	0	river	village_A7_4#45c2408f	R	1	1	6.0	-	village_A7_4#eadd76df,village_A7_4#12947e54	169.2	1.30	0.70	5854
1772	village_A8_1	Myptasio	954.77	231.50	65.8	27	0	coast	village_A8_1#6524b447	H	0	2	7.5	-	village_A8_1#8df9f09d,village_A8_1#035ca9aa,village_A8_1#1efec8ec,village_A8_1#6a083e5a	65.8	1.30	0.70	4424
1773	village_A8_1	Kamsio	940.66	218.29	29.5	16	8	road	village_A8_1#6a083e5a	R	-1	1	19.6	village_A8_1#1efec8ec	village_A8_1#1efec8ec,village_A8_1#035ca9aa,village_A8_1#8df9f09d,village_A8_1#6524b447	29.5	1.30	0.70	4302
1774	village_A8_1	Nehul	950.05	222.98	23.4	16	4	road	village_A8_1#035ca9aa	R	-1	1	15.4	village_A8_1#8df9f09d	village_A8_1#1efec8ec,village_A8_1#8df9f09d,village_A8_1#6a083e5a,village_A8_1#6524b447	23.4	1.30	0.70	4426
1775	village_A8_1	Glyptasco	943.35	225.22	26.9	16	6	road	village_A8_1#1efec8ec	R	1	1	17.2	village_A8_1#035ca9aa	village_A8_1#035ca9aa,village_A8_1#6a083e5a,village_A8_1#8df9f09d,village_A8_1#6524b447	-153.1	1.30	0.70	4302
1776	village_A8_1	Santariam	954.35	225.64	53.7	16	1	road	village_A8_1#8df9f09d	R	-1	1	11.9	village_A8_1#6524b447	village_A8_1#035ca9aa,village_A8_1#6524b447,village_A8_1#1efec8ec,village_A8_1#6a083e5a	53.7	1.30	0.70	4424
1777	village_A8_1	Odilene	963.45	230.95	27.8	16	3	road	village_A8_1#a19f5c8f	R	-1	1	13.1	-	village_A8_1#9578439b,village_A8_1#6524b447,village_A8_1#8df9f09d,village_A8_1#9471a8fe	27.8	1.30	0.70	4424
1778	village_A8_1	Thone	968.90	233.47	29.5	16	5	road	village_A8_1#9578439b	R	-1	1	16.1	village_A8_1#a19f5c8f	village_A8_1#a19f5c8f,village_A8_1#6524b447,village_A8_1#8df9f09d,village_A8_1#9471a8fe	29.5	1.30	0.70	4423
1779	village_A8_1	Kurivo	973.59	245.24	52.3	16	9	road	village_A8_1#e611c1a0	R	1	1	21.3	-	village_A8_1#6524b447,village_A8_1#8df9f09d,village_A8_1#9471a8fe,village_A8_1#a19f5c8f	-127.7	1.30	0.70	4381
1780	village_A8_1	Odimnuh	944.13	241.80	90.4	16	2	coast	village_A8_1#9471a8fe	R	1	1	12.0	-	village_A8_1#6524b447,village_A8_1#8df9f09d,village_A8_1#a19f5c8f,village_A8_1#035ca9aa	90.4	1.30	0.70	4303
1781	village_A8_1	Saptona	941.03	253.26	136.4	16	7	coast	village_A8_1#6a138553	R	1	1	18.5	-	village_A8_1#6524b447,village_A8_1#8df9f09d,village_A8_1#9471a8fe,village_A8_1#a19f5c8f	136.4	1.30	0.70	4304
1782	village_A8_2	Wheatbridge	896.51	209.26	26.4	25	8	bridge	village_A8_2#c4a50f09	H	0	2	20.3	-	village_A8_2#28cd1777,village_A8_2#c07bfafa,village_A8_2#bdc324c5,village_A8_2#24ada734	26.4	1.30	0.70	6412
1783	village_A8_2	Thohul	910.00	210.63	19.5	25	5	coast	village_A8_2#0bbe3e1e	H	0	2	15.1	village_A8_2#28cd1777	village_A8_2#28cd1777,village_A8_2#24ada734,village_A8_2#eac4d0d2,village_A8_2#c07bfafa	19.5	1.30	0.70	4227
1784	village_A8_2	Odiqara	902.53	199.14	45.5	14	0	road	village_A8_2#28cd1777	R	1	1	5.7	-	village_A8_2#24ada734,village_A8_2#0bbe3e1e,village_A8_2#eac4d0d2,village_A8_2#c07bfafa	-134.5	1.30	0.70	6416
1785	village_A8_2	Odisko	907.60	190.14	71.6	14	2	river	village_A8_2#bdc324c5	R	-1	1	10.1	-	village_A8_2#28cd1777,village_A8_2#c07bfafa,village_A8_2#24ada734,village_A8_2#c5ac904d	-108.4	1.30	0.70	6416
1786	village_A8_2	Myntatha	892.68	194.26	91.1	14	1	river	village_A8_2#c07bfafa	R	-1	1	7.0	-	village_A8_2#c5ac904d,village_A8_2#28cd1777,village_A8_2#bdc324c5,village_A8_2#24ada734	91.1	1.30	0.70	6374
1787	village_A8_2	Ezbetriro	911.18	198.57	61.1	14	3	river	village_A8_2#24ada734	R	-1	1	11.5	village_A8_2#28cd1777	village_A8_2#28cd1777,village_A8_2#0bbe3e1e,village_A8_2#eac4d0d2,village_A8_2#c07bfafa	-118.9	1.30	0.70	4209
1788	village_A8_2	Odirana	892.87	201.07	72.9	14	4	river	village_A8_2#c5ac904d	R	-1	1	12.3	village_A8_2#c07bfafa	village_A8_2#c07bfafa,village_A8_2#28cd1777,village_A8_2#bdc324c5,village_A8_2#24ada734	72.9	1.30	0.70	6413
1789	village_A8_2	Tolena	920.93	202.73	171.3	14	9	river	village_A8_2#c7008d1d	R	-1	1	20.7	village_A8_2#28cd1777	village_A8_2#28cd1777,village_A8_2#24ada734,village_A8_2#0bbe3e1e,village_A8_2#eac4d0d2	171.3	1.30	0.70	4227
1790	village_A8_2	Glyhul	902.77	211.28	1.7	14	7	coast	village_A8_2#1abc4b62	R	1	1	18.9	village_A8_2#28cd1777	village_A8_2#28cd1777,village_A8_2#24ada734,village_A8_2#0bbe3e1e,village_A8_2#eac4d0d2	1.7	1.30	0.70	4209
1791	village_A8_2	Kaqaro	914.93	213.65	27.6	14	6	coast	village_A8_2#eac4d0d2	R	1	1	17.7	village_A8_2#28cd1777	village_A8_2#28cd1777,village_A8_2#24ada734,village_A8_2#0bbe3e1e,village_A8_2#c07bfafa	27.6	1.30	0.70	4227
1792	village_A8_3	Nerrol	887.42	206.63	71.4	27	2	bridge	village_A8_3#325570c5	H	0	2	7.5	village_A8_3#a649a9c2	village_A8_3#a649a9c2,village_A8_3#7bd406db,village_A8_3#e380ed41,village_A8_3#3879b0e8	-108.6	1.30	0.70	6410
1793	village_A8_3	Ezbet Thontali	882.68	210.68	118.0	16	0	road	village_A8_3#a649a9c2	R	1	1	5.6	-	village_A8_3#325570c5,village_A8_3#7bd406db,village_A8_3#e380ed41,village_A8_3#3879b0e8	-62.0	1.30	0.70	6410
1794	village_A8_3	Tavene	891.47	215.53	112.9	16	3	coast	village_A8_3#3879b0e8	R	1	1	8.7	-	village_A8_3#a649a9c2,village_A8_3#e380ed41,village_A8_3#325570c5,village_A8_3#7e8732de	-67.1	1.30	0.70	4208
1795	village_A8_3	Abramnuh	859.21	217.09	27.6	16	7	coast	village_A8_3#506c3e5f	R	1	1	28.7	village_A8_3#f55d81c7	village_A8_3#f55d81c7,village_A8_3#7e8732de,village_A8_3#e380ed41,village_A8_3#a649a9c2	27.6	1.30	0.70	4206
1796	village_A8_3	Abramsio	865.91	219.96	5.6	16	6	coast	village_A8_3#f55d81c7	R	1	1	21.6	village_A8_3#7e8732de	village_A8_3#506c3e5f,village_A8_3#7e8732de,village_A8_3#e380ed41,village_A8_3#a649a9c2	5.6	1.30	0.70	4224
1797	village_A8_3	Odiqasio	872.57	221.02	11.7	16	4	coast	village_A8_3#7e8732de	R	1	1	14.1	village_A8_3#e380ed41	village_A8_3#e380ed41,village_A8_3#f55d81c7,village_A8_3#506c3e5f,village_A8_3#a649a9c2	11.7	1.30	0.70	4207
1798	village_A8_3	Abraptaqa	880.63	223.07	9.5	16	1	coast	village_A8_3#e380ed41	R	1	1	6.8	-	village_A8_3#7e8732de,village_A8_3#a649a9c2,village_A8_3#325570c5,village_A8_3#f55d81c7	9.5	1.30	0.70	4225
1799	village_A8_3	Myrra	885.50	200.50	78.4	8	5	field	village_A8_3#7bd406db	F	0	1	16.3	village_A8_3#325570c5	village_A8_3#325570c5,village_A8_3#a649a9c2,village_A8_3#e380ed41,village_A8_3#3879b0e8	-101.6	1.30	0.70	6408
1800	village_B1_1	Plumholt	392.39	544.78	106.0	16	0	road	village_B1_1#bc4ab55f	R	1	1	5.7	-	village_B1_1#54009fc1,village_B1_1#be512479,village_B1_1#bc4dc9cf,village_B1_1#f9913e14	106.0	1.30	0.70	2788
1801	village_B1_1	Miller's Pool	400.00	544.61	134.2	16	3	river	village_B1_1#54009fc1	R	-1	1	16.0	village_B1_1#bc4ab55f	village_B1_1#bc4ab55f,village_B1_1#be512479,village_B1_1#bc4dc9cf,village_B1_1#f9913e14	-45.8	1.30	0.70	3516
1802	village_B1_1	Alderwick	393.94	551.83	131.4	16	1	river	village_B1_1#be512479	R	-1	1	7.5	-	village_B1_1#bc4ab55f,village_B1_1#bc4dc9cf,village_B1_1#54009fc1,village_B1_1#d8bdde8e	-48.6	1.30	0.70	2788
1803	village_B1_1	Pearstead	391.63	555.86	106.6	16	2	river	village_B1_1#bc4dc9cf	R	-1	1	8.0	-	village_B1_1#bc4ab55f,village_B1_1#be512479,village_B1_1#54009fc1,village_B1_1#d8bdde8e	-73.4	1.30	0.70	3517
1804	village_B1_1	Bluefork Mill	404.10	534.87	132.4	16	7	river	village_B1_1#3b46b31a	R	1	1	27.0	village_B1_1#bc4ab55f	village_B1_1#bc4ab55f,village_B1_1#54009fc1,village_B1_1#be512479,village_B1_1#bc4dc9cf	132.4	1.30	0.70	2712
1805	village_B1_1	Ferrywater	379.47	548.61	111.1	16	5	river	village_B1_1#f9913e14	R	-1	1	20.8	village_B1_1#bc4ab55f	village_B1_1#19a55acc,village_B1_1#bc4ab55f,village_B1_1#54009fc1,village_B1_1#be512479	-68.9	1.30	0.70	4024
1806	village_B1_1	Broken Weir	377.77	552.92	113.3	16	6	river	village_B1_1#19a55acc	R	-1	1	25.9	village_B1_1#f9913e14	village_B1_1#f9913e14,village_B1_1#bc4ab55f,village_B1_1#54009fc1,village_B1_1#be512479	-66.7	1.30	0.70	4024
1807	village_B1_1	Aldholt	383.74	564.78	83.6	16	4	river	village_B1_1#d8bdde8e	R	1	1	16.4	-	village_B1_1#bc4ab55f,village_B1_1#be512479,village_B1_1#bc4dc9cf,village_B1_1#54009fc1	83.6	1.30	0.70	3592
1808	village_B1_2	Fox's Wood	366.45	534.04	161.1	27	1	crossroad	village_B1_2#660158c5	H	0	2	5.8	-	village_B1_2#2ef9e38f,village_B1_2#e57e3cda,village_B1_2#ef738ced,village_B1_2#e57e30f5	161.1	1.30	0.70	3472
1809	village_B1_2	Three Elms	358.22	537.35	102.4	16	3	road	village_B1_2#ef738ced	R	-1	1	8.3	-	village_B1_2#e57e3cda,village_B1_2#660158c5,village_B1_2#2ef9e38f,village_B1_2#e57e30f5	-77.6	1.30	0.70	3472
1810	village_B1_2	Tinker's Oak	358.67	520.93	31.4	16	4	road	village_B1_2#e57e30f5	R	1	1	8.6	village_B1_2#e57e3cda	village_B1_2#e57e3cda,village_B1_2#660158c5,village_B1_2#2ef9e38f,village_B1_2#ef738ced	31.4	1.30	0.70	3459
1811	village_B1_2	Haywold	359.43	527.97	49.2	16	0	road	village_B1_2#e57e3cda	R	-1	1	5.1	-	village_B1_2#e57e30f5,village_B1_2#660158c5,village_B1_2#2ef9e38f,village_B1_2#ef738ced	-130.8	1.30	0.70	2811
1812	village_B1_2	Acornworth	373.91	532.92	2.6	16	2	road	village_B1_2#2ef9e38f	R	-1	1	6.0	village_B1_2#660158c5	village_B1_2#660158c5,village_B1_2#e57e3cda,village_B1_2#ef738ced,village_B1_2#e57e30f5	-177.4	1.30	0.70	3472
1813	village_B1_2	Fletcher's Wood	378.52	521.39	135.1	16	5	river	village_B1_2#e1f963b3	R	1	1	16.1	-	village_B1_2#e57e3cda,village_B1_2#660158c5,village_B1_2#2ef9e38f,village_B1_2#ef738ced	135.1	1.30	0.70	3703
1814	village_B1_3	Stoneydale	400.77	516.01	27.8	16	0	river	village_B1_3#af6b5a50	R	1	1	6.3	-	village_B1_3#157181e2,village_B1_3#908e89b8	-152.2	1.30	0.70	3510
1815	village_B1_3	Swanhythe	405.74	516.99	22.5	16	2	river	village_B1_3#157181e2	R	1	1	15.0	village_B1_3#af6b5a50	village_B1_3#af6b5a50,village_B1_3#908e89b8	-157.5	1.30	0.70	3510
1816	village_B1_3	Aldbrook	388.50	514.50	138.5	8	1	field	village_B1_3#908e89b8	F	0	1	6.4	-	village_B1_3#af6b5a50,village_B1_3#157181e2	138.5	1.30	0.70	3415
1817	village_B1_4	Pennycross	353.12	518.69	25.6	27	0	crossroad	village_B1_4#0ab975ce	H	0	2	6.9	-	village_B1_4#57925c95,village_B1_4#be9f20ba,village_B1_4#b64155d5,village_B1_4#313e125d	25.6	1.30	0.70	3459
1818	village_B1_4	Elmhill	335.34	517.66	25.0	16	4	road	village_B1_4#313e125d	R	-1	1	13.7	village_B1_4#be9f20ba	village_B1_4#be9f20ba,village_B1_4#57925c95,village_B1_4#0ab975ce,village_B1_4#b64155d5	-155.0	1.30	0.70	3666
1819	village_B1_4	Hag's Rest	339.45	519.52	11.2	16	2	road	village_B1_4#be9f20ba	R	-1	1	11.9	village_B1_4#57925c95	village_B1_4#313e125d,village_B1_4#57925c95,village_B1_4#0ab975ce,village_B1_4#b64155d5	-168.8	1.30	0.70	3667
1820	village_B1_4	Brambleley	343.83	520.53	17.3	16	1	road	village_B1_4#57925c95	R	-1	1	9.7	village_B1_4#0ab975ce	village_B1_4#be9f20ba,village_B1_4#0ab975ce,village_B1_4#313e125d,village_B1_4#b64155d5	-162.7	1.30	0.70	2715
1821	village_B1_4	Oxhurst	346.50	512.50	20.7	8	3	field	village_B1_4#b64155d5	F	0	1	13.1	village_B1_4#0ab975ce	village_B1_4#0ab975ce,village_B1_4#57925c95,village_B1_4#be9f20ba,village_B1_4#313e125d	-159.3	1.30	0.70	2831
1822	village_B2_1	Crossbeck	433.09	867.91	45.1	27	4	crossroad	village_B2_1#29e27318	H	0	2	15.8	village_B2_1#19e004e5	village_B2_1#0632bc2b,village_B2_1#19e004e5,village_B2_1#19e63b5d,village_B2_1#1a062a4e	45.1	1.30	0.70	5978
1823	village_B2_1	Ram's Wood	424.36	873.69	132.4	16	3	road	village_B2_1#19e004e5	R	-1	1	10.5	village_B2_1#1a062a4e	village_B2_1#1a062a4e,village_B2_1#29e27318,village_B2_1#0632bc2b,village_B2_1#19e63b5d	-47.6	1.30	0.70	5959
1824	village_B2_1	Crow's Well	416.85	879.61	132.0	16	2	road	village_B2_1#d46e9834	R	-1	1	6.7	village_B2_1#d4aa5897	village_B2_1#d4aa5897,village_B2_1#1a062a4e,village_B2_1#19e004e5,village_B2_1#29e27318	-48.0	1.30	0.70	5977
1825	village_B2_1	Bearhowe	413.25	884.51	133.1	16	1	road	village_B2_1#d4aa5897	R	-1	1	6.0	-	village_B2_1#d46e9834,village_B2_1#1a062a4e,village_B2_1#19e004e5,village_B2_1#29e27318	-46.9	1.30	0.70	5977
1826	village_B2_1	Pinestead	423.79	880.04	136.1	16	0	road	village_B2_1#1a062a4e	R	1	1	5.5	-	village_B2_1#19e004e5,village_B2_1#29e27318,village_B2_1#0632bc2b,village_B2_1#d4aa5897	-43.9	1.30	0.70	5959
1827	village_B2_1	Frostwood	424.08	856.47	86.9	16	6	road	village_B2_1#19e63b5d	R	-1	1	23.9	village_B2_1#0632bc2b	village_B2_1#0632bc2b,village_B2_1#29e27318,village_B2_1#19e004e5,village_B2_1#1a062a4e	-93.1	1.30	0.70	1730
1828	village_B2_1	Stony Holt	426.51	865.59	65.7	16	5	road	village_B2_1#0632bc2b	R	-1	1	16.2	village_B2_1#29e27318	village_B2_1#29e27318,village_B2_1#19e004e5,village_B2_1#19e63b5d,village_B2_1#1a062a4e	-114.3	1.30	0.70	5978
1829	village_B2_2	Alderwood	387.17	823.33	158.0	16	2	river	village_B2_2#95690ece	R	1	1	32.1	-	village_B2_2#782a64f5,village_B2_2#ac0e5b68	158.0	1.30	0.70	1708
1830	village_B2_2	Long Weir	381.24	826.97	135.2	16	1	river	village_B2_2#ac0e5b68	R	1	1	21.3	-	village_B2_2#782a64f5,village_B2_2#95690ece	135.2	1.30	0.70	1708
1831	village_B2_2	Elk's Bend	375.56	843.70	58.5	16	0	river	village_B2_2#782a64f5	R	1	1	8.2	-	village_B2_2#ac0e5b68,village_B2_2#95690ece	58.5	1.30	0.70	336
1832	village_B2_3	Windbridge	418.00	824.51	106.1	26	8	bridge	village_B2_3#6656d976	H	0	2	24.1	village_B2_3#aaafb9c5	village_B2_3#aaa995fe,village_B2_3#75f78135,village_B2_3#aaafb9c5,village_B2_3#080e13a1	106.1	1.30	0.70	1732
1833	village_B2_3	Winterstone	403.64	799.66	72.9	26	1	crossroad	village_B2_3#f72edbd2	H	0	2	9.0	-	village_B2_3#23c3a67e,village_B2_3#b960948e,village_B2_3#233fb876,village_B2_3#080e13a1	72.9	1.30	0.70	1442
1834	village_B2_3	Giant's Cross	414.17	831.87	106.8	26	9	crossroad	village_B2_3#aaa995fe	H	0	2	25.2	village_B2_3#6656d976	village_B2_3#6656d976,village_B2_3#75f78135,village_B2_3#aaafb9c5,village_B2_3#080e13a1	-73.2	1.30	0.70	1614
1835	village_B2_3	Pinethwaite	395.43	790.53	74.6	15	2	road	village_B2_3#b960948e	R	1	1	12.6	-	village_B2_3#23c3a67e,village_B2_3#f72edbd2,village_B2_3#233fb876,village_B2_3#080e13a1	-105.4	1.30	0.70	1487
1836	village_B2_3	Hermit's Field	405.71	814.10	46.5	15	4	road	village_B2_3#080e13a1	R	-1	1	14.9	-	village_B2_3#aaafb9c5,village_B2_3#6656d976,village_B2_3#aaa995fe,village_B2_3#75f78135	-133.5	1.30	0.70	1478
1837	village_B2_3	Low Mill	413.87	818.69	53.2	15	6	road	village_B2_3#aaafb9c5	R	1	1	18.5	village_B2_3#080e13a1	village_B2_3#080e13a1,village_B2_3#6656d976,village_B2_3#aaa995fe,village_B2_3#75f78135	53.2	1.30	0.70	5980
1838	village_B2_3	Ravenwood	386.17	801.48	17.5	15	0	road	village_B2_3#23c3a67e	R	-1	1	8.4	-	village_B2_3#bce0827f,village_B2_3#f72edbd2,village_B2_3#b960948e,village_B2_3#233fb876	17.5	1.30	0.70	1445
1839	village_B2_3	Peatfold	368.90	810.31	129.8	15	5	road	village_B2_3#bce0827f	R	-1	1	17.5	village_B2_3#23c3a67e	village_B2_3#23c3a67e,village_B2_3#f72edbd2,village_B2_3#b960948e,village_B2_3#233fb876	-50.2	1.30	0.70	1436
1840	village_B2_3	Bearton	407.57	790.46	148.4	15	3	road	village_B2_3#233fb876	R	-1	1	14.2	-	village_B2_3#23c3a67e,village_B2_3#f72edbd2,village_B2_3#b960948e,village_B2_3#080e13a1	148.4	1.30	0.70	1487
1841	village_B2_3	Hare's Cairn	414.99	806.70	115.6	15	7	river	village_B2_3#26aa6a05	R	-1	1	22.2	-	village_B2_3#23c3a67e,village_B2_3#f72edbd2,village_B2_3#b960948e,village_B2_3#233fb876	-64.4	1.30	0.70	1478
1842	village_B2_3	Brackenwater	409.56	828.10	25.4	15	10	river	village_B2_3#75f78135	R	1	1	29.4	village_B2_3#6656d976	village_B2_3#6656d976,village_B2_3#aaa995fe,village_B2_3#aaafb9c5,village_B2_3#080e13a1	-154.6	1.30	0.70	5991
1843	village_B2_4	Rushbeck	452.58	816.25	30.5	16	1	river	village_B2_4#41a957f4	R	-1	1	16.6	-	village_B2_4#c5be8430,village_B2_4#68722eb0,village_B2_4#2c7282eb,village_B2_4#41b46013	-149.5	1.30	0.70	1583
1844	village_B2_4	Wolfdale	457.40	821.69	57.7	16	4	river	village_B2_4#41b46013	R	-1	1	27.2	-	village_B2_4#c5be8430,village_B2_4#41a957f4,village_B2_4#68722eb0,village_B2_4#2c7282eb	-122.3	1.30	0.70	1806
1845	village_B2_4	Blackthwaite	454.78	827.93	124.7	16	3	river	village_B2_4#2c7282eb	R	-1	1	26.5	-	village_B2_4#c5be8430,village_B2_4#41a957f4,village_B2_4#68722eb0,village_B2_4#41b46013	-55.3	1.30	0.70	1806
1846	village_B2_4	Winterpool	447.41	837.10	98.7	16	7	river	village_B2_4#da84c9ec	R	-1	1	31.1	-	village_B2_4#c5be8430,village_B2_4#41a957f4,village_B2_4#68722eb0,village_B2_4#2c7282eb	-81.3	1.30	0.70	1806
1847	village_B2_4	Boarthwaite	428.29	807.29	179.1	16	6	river	village_B2_4#8cf5c6c0	R	1	1	30.2	-	village_B2_4#c5be8430,village_B2_4#41a957f4,village_B2_4#68722eb0,village_B2_4#2c7282eb	179.1	1.30	0.70	740
1848	village_B2_4	Shepherd's Bend	433.98	808.33	7.4	16	2	river	village_B2_4#68722eb0	R	1	1	22.8	village_B2_4#c5be8430	village_B2_4#c5be8430,village_B2_4#41a957f4,village_B2_4#2c7282eb,village_B2_4#41b46013	-172.6	1.30	0.70	1583
1849	village_B2_4	Ravendale	439.98	808.90	179.9	16	0	river	village_B2_4#c5be8430	R	1	1	13.9	-	village_B2_4#68722eb0,village_B2_4#41a957f4,village_B2_4#2c7282eb,village_B2_4#41b46013	179.9	1.30	0.70	1583
1850	village_B2_4	Longham	422.93	809.84	136.7	16	8	river	village_B2_4#445a006d	R	1	1	35.7	-	village_B2_4#c5be8430,village_B2_4#41a957f4,village_B2_4#68722eb0,village_B2_4#2c7282eb	136.7	1.30	0.70	732
1851	village_B2_4	Mossbeck	420.59	815.50	96.3	16	5	river	village_B2_4#337de58d	R	1	1	28.4	-	village_B2_4#c5be8430,village_B2_4#41a957f4,village_B2_4#68722eb0,village_B2_4#2c7282eb	96.3	1.30	0.70	5949
1852	village_B3_1	Stonegarth	476.12	774.31	148.8	27	2	crossroad	village_B3_1#8d77253c	H	0	2	12.0	village_B3_1#d8b448c8	village_B3_1#d8b448c8,village_B3_1#e252732a	148.8	1.30	0.70	1814
1853	village_B3_1	Raven's Field	477.50	782.90	50.3	16	1	road	village_B3_1#d8b448c8	R	1	1	8.3	village_B3_1#e252732a	village_B3_1#e252732a,village_B3_1#8d77253c	-129.7	1.30	0.70	1812
1854	village_B3_1	Wolfton	484.17	783.76	56.6	16	0	road	village_B3_1#e252732a	R	-1	1	7.4	-	village_B3_1#d8b448c8,village_B3_1#8d77253c	56.6	1.30	0.70	1754
1855	village_B3_2	Winterdale	450.39	797.71	25.6	27	3	river	village_B3_2#5578106b	H	0	2	13.2	village_B3_2#e64624bb	village_B3_2#e64624bb,village_B3_2#cff7d5e2,village_B3_2#90793357,village_B3_2#cffae1d3	25.6	1.30	0.70	3931
1856	village_B3_2	Thornhollow	460.50	785.50	87.4	16	2	road	village_B3_2#cffae1d3	R	1	1	13.0	village_B3_2#cff7d5e2	village_B3_2#cff7d5e2,village_B3_2#e64624bb,village_B3_2#5578106b,village_B3_2#90793357	87.4	1.30	0.70	1811
1857	village_B3_2	Far Furrow	460.50	792.50	85.1	16	1	road	village_B3_2#cff7d5e2	R	1	1	9.5	village_B3_2#e64624bb	village_B3_2#e64624bb,village_B3_2#cffae1d3,village_B3_2#5578106b,village_B3_2#90793357	85.1	1.30	0.70	1811
1858	village_B3_2	Gorsefield	461.00	800.50	93.2	16	0	road	village_B3_2#e64624bb	R	1	1	6.6	-	village_B3_2#cff7d5e2,village_B3_2#cffae1d3,village_B3_2#5578106b,village_B3_2#90793357	93.2	1.30	0.70	5227
1859	village_B3_2	Wolfbrook	439.34	785.47	61.9	16	6	river	village_B3_2#44989914	R	1	1	30.3	village_B3_2#90793357	village_B3_2#90793357,village_B3_2#5578106b,village_B3_2#e64624bb,village_B3_2#cff7d5e2	61.9	1.30	0.70	1789
1860	village_B3_2	Grey Pines	442.93	790.32	31.7	16	5	river	village_B3_2#90793357	R	1	1	24.9	village_B3_2#5578106b	village_B3_2#44989914,village_B3_2#5578106b,village_B3_2#e64624bb,village_B3_2#cff7d5e2	31.7	1.30	0.70	1685
1861	village_B3_2	Oldthwaite	467.20	820.76	77.4	16	4	river	village_B3_2#0ed6a57c	R	1	1	15.6	-	village_B3_2#e64624bb,village_B3_2#cff7d5e2,village_B3_2#cffae1d3,village_B3_2#5578106b	77.4	1.30	0.70	1753
1862	village_B3_3	Frostfield	471.50	760.78	92.5	16	0	road	village_B3_3#20ed89f0	R	1	1	5.2	-	village_B3_3#20ed993b,village_B3_3#f7cc1521	92.5	1.30	0.70	1724
1863	village_B3_3	Maiden's Fold	471.50	768.50	1.1	16	1	road	village_B3_3#20ed993b	R	-1	1	9.7	village_B3_3#20ed89f0	village_B3_3#20ed89f0,village_B3_3#f7cc1521	1.1	1.30	0.70	1814
1864	village_B3_3	Millpool	448.50	775.50	12.5	8	2	field	village_B3_3#f7cc1521	F	0	1	33.1	village_B3_3#20ed993b	village_B3_3#20ed993b,village_B3_3#20ed89f0	-167.5	1.30	0.70	1791
1865	village_B3_4	Snowholt	435.46	754.04	25.8	25	0	crossroad	village_B3_4#73b13524	H	0	2	5.1	-	village_B3_4#a9722e39,village_B3_4#f3162984,village_B3_4#f5c4fa2d,village_B3_4#73b442c8	-154.2	1.30	0.70	1385
1866	village_B3_4	High Holt	443.54	769.04	150.3	25	4	crossroad	village_B3_4#f3162984	H	0	2	14.4	village_B3_4#a9722e39	village_B3_4#a9722e39,village_B3_4#73b13524,village_B3_4#f5c4fa2d,village_B3_4#46dfcc94	150.3	1.30	0.70	1779
1867	village_B3_4	Barrowstone	416.58	736.21	12.7	15	6	road	village_B3_4#8250cccc	R	1	1	16.7	village_B3_4#ff672cf7	village_B3_4#ff672cf7,village_B3_4#73b442c8,village_B3_4#73b13524,village_B3_4#a9722e39	-167.3	1.30	0.70	1383
1868	village_B3_4	Farhowe	427.12	742.66	49.8	15	3	road	village_B3_4#ff672cf7	R	1	1	9.3	village_B3_4#73b442c8	village_B3_4#73b442c8,village_B3_4#8250cccc,village_B3_4#73b13524,village_B3_4#a9722e39	-130.2	1.30	0.70	1383
1869	village_B3_4	Heatherhollow	435.07	743.22	35.0	15	1	road	village_B3_4#73b442c8	R	-1	1	6.0	-	village_B3_4#ff672cf7,village_B3_4#8250cccc,village_B3_4#73b13524,village_B3_4#a9722e39	35.0	1.30	0.70	16669
1870	village_B3_4	Crofter's Field	419.28	769.82	150.9	15	7	road	village_B3_4#46dfcc94	R	1	1	23.3	village_B3_4#f5c4fa2d	village_B3_4#f5c4fa2d,village_B3_4#a9722e39,village_B3_4#d9788dc1,village_B3_4#73b13524	-29.1	1.30	0.70	1474
1871	village_B3_4	Houndstone	434.01	770.04	157.3	15	5	road	village_B3_4#f5c4fa2d	R	-1	1	16.1	village_B3_4#a9722e39	village_B3_4#a9722e39,village_B3_4#46dfcc94,village_B3_4#d9788dc1,village_B3_4#73b13524	157.3	1.30	0.70	1780
1872	village_B3_4	Cairndale	433.06	776.71	125.2	15	8	river	village_B3_4#d9788dc1	R	-1	1	23.6	village_B3_4#f5c4fa2d	village_B3_4#f5c4fa2d,village_B3_4#a9722e39,village_B3_4#46dfcc94,village_B3_4#73b13524	-54.8	1.30	0.70	5109
1873	village_B3_4	Ironham	442.65	758.43	54.1	15	2	coast	village_B3_4#a9722e39	R	1	1	8.9	village_B3_4#73b13524	village_B3_4#73b13524,village_B3_4#f3162984,village_B3_4#f5c4fa2d,village_B3_4#46dfcc94	-125.9	1.30	0.70	1391
1874	village_B4_1	Sentinelwood	184.50	776.50	3.1	16	3	road	village_B4_1#696bef65	R	-1	1	23.1	-	village_B4_1#7d408ad9,village_B4_1#b66eabe4,village_B4_1#b2aef4b1,village_B4_1#3e027691	-176.9	1.30	0.70	9589
1875	village_B4_1	Rimeholt	177.50	777.00	0.2	16	4	road	village_B4_1#3e027691	R	-1	1	23.3	-	village_B4_1#1cd118e9,village_B4_1#97d410e0,village_B4_1#bd822a70,village_B4_1#7d408ad9	-179.8	1.30	0.70	9589
1876	village_B4_1	Harefold	172.03	779.10	133.7	16	5	road	village_B4_1#1cd118e9	R	-1	1	23.5	village_B4_1#3e027691	village_B4_1#3e027691,village_B4_1#97d410e0,village_B4_1#bd822a70,village_B4_1#7d408ad9	133.7	1.30	0.70	9590
1877	village_B4_1	Ramthwaite	166.01	780.16	131.9	16	6	road	village_B4_1#97d410e0	R	1	1	25.1	village_B4_1#1cd118e9	village_B4_1#1cd118e9,village_B4_1#3e027691,village_B4_1#bd822a70,village_B4_1#7d408ad9	-48.1	1.30	0.70	1095
1878	village_B4_1	Stagholt	161.77	784.40	132.5	16	8	road	village_B4_1#bd822a70	R	1	1	29.0	village_B4_1#97d410e0	village_B4_1#97d410e0,village_B4_1#1cd118e9,village_B4_1#3e027691,village_B4_1#7d408ad9	-47.5	1.30	0.70	1095
1879	village_B4_1	Longstrand	189.39	756.37	155.3	16	1	coast	village_B4_1#b66eabe4	R	1	1	12.2	-	village_B4_1#7d408ad9,village_B4_1#b2aef4b1,village_B4_1#696bef65,village_B4_1#3e027691	155.3	1.30	0.70	1056
1880	village_B4_1	Oakness	162.77	767.82	132.3	16	2	coast	village_B4_1#b2aef4b1	R	1	1	17.7	village_B4_1#7d408ad9	village_B4_1#7d408ad9,village_B4_1#949e1d83,village_B4_1#b66eabe4,village_B4_1#696bef65	132.3	1.30	0.70	1095
1881	village_B4_1	Longwick	157.15	774.21	152.5	16	7	coast	village_B4_1#949e1d83	R	1	1	27.4	village_B4_1#b2aef4b1	village_B4_1#b2aef4b1,village_B4_1#7d408ad9,village_B4_1#b66eabe4,village_B4_1#696bef65	152.5	1.30	0.70	1095
1882	village_B4_1	Hag's Horn	169.50	764.50	24.9	8	0	field	village_B4_1#7d408ad9	F	0	1	9.7	-	village_B4_1#b2aef4b1,village_B4_1#949e1d83,village_B4_1#b66eabe4,village_B4_1#696bef65	-155.1	1.30	0.70	1057
1883	village_B4_2	Bear's Mill	219.73	768.10	38.2	27	5	coast	village_B4_2#23afb6e8	H	0	2	12.0	-	village_B4_2#5c5394c3,village_B4_2#67155c5c,village_B4_2#2385be18,village_B4_2#f7ba063f	-141.8	1.30	0.70	1055
1884	village_B4_2	Whitefold	212.86	775.11	46.3	16	2	road	village_B4_2#2385be18	R	1	1	8.2	-	village_B4_2#f7ba063f,village_B4_2#835ea873,village_B4_2#5c5394c3,village_B4_2#67155c5c	-133.7	1.30	0.70	9595
1885	village_B4_2	Coldgarth	193.83	762.50	3.0	16	7	road	village_B4_2#7a4d47fc	R	-1	1	12.2	village_B4_2#67155c5c	village_B4_2#67155c5c,village_B4_2#1433e1e5,village_B4_2#5c5394c3,village_B4_2#2385be18	-177.0	1.30	0.70	1056
1886	village_B4_2	Seven Cairns	200.68	762.85	43.3	16	1	road	village_B4_2#67155c5c	R	1	1	6.8	-	village_B4_2#1433e1e5,village_B4_2#7a4d47fc,village_B4_2#5c5394c3,village_B4_2#2385be18	43.3	1.30	0.70	1086
1887	village_B4_2	Grey Furrow	201.74	768.86	43.3	16	0	road	village_B4_2#5c5394c3	R	-1	1	6.0	-	village_B4_2#2f4a0e1f,village_B4_2#67155c5c,village_B4_2#2385be18,village_B4_2#f7ba063f	-136.7	1.30	0.70	1086
1888	village_B4_2	Gorseham	196.00	772.50	4.6	16	8	road	village_B4_2#2f4a0e1f	R	1	1	13.1	village_B4_2#5c5394c3	village_B4_2#5c5394c3,village_B4_2#67155c5c,village_B4_2#2385be18,village_B4_2#f7ba063f	4.6	1.30	0.70	9593
1889	village_B4_2	Pinefell	206.50	776.00	175.3	16	4	road	village_B4_2#835ea873	R	-1	1	11.1	village_B4_2#2385be18	village_B4_2#2385be18,village_B4_2#f7ba063f,village_B4_2#5c5394c3,village_B4_2#67155c5c	175.3	1.30	0.70	9595
1890	village_B4_2	Reedknoll	220.90	776.90	49.5	16	3	river	village_B4_2#f7ba063f	R	-1	1	9.9	village_B4_2#2385be18	village_B4_2#2385be18,village_B4_2#835ea873,village_B4_2#5c5394c3,village_B4_2#67155c5c	-130.5	1.30	0.70	947
1891	village_B4_2	Stony Ness	197.99	757.70	18.8	16	6	coast	village_B4_2#1433e1e5	R	1	1	12.2	village_B4_2#67155c5c	village_B4_2#67155c5c,village_B4_2#7a4d47fc,village_B4_2#5c5394c3,village_B4_2#2385be18	-161.2	1.30	0.70	1056
1892	village_B4_3	Wolfbridge	232.76	782.06	31.7	27	3	bridge	village_B4_3#e0fbec47	H	0	2	17.4	village_B4_3#73df459a	village_B4_3#73df459a,village_B4_3#73e1823d,village_B4_3#7e8f822a,village_B4_3#52a74a0d	-148.3	1.30	0.70	1967
1893	village_B4_3	Oakcrag	239.50	793.56	59.9	16	2	river	village_B4_3#73df459a	R	-1	1	9.2	village_B4_3#7e8f822a	village_B4_3#7e8f822a,village_B4_3#e0fbec47,village_B4_3#73e1823d,village_B4_3#52a74a0d	-120.1	1.30	0.70	1907
1894	village_B4_3	Reeve's Cairn	240.65	799.28	103.6	16	0	river	village_B4_3#7e8f822a	R	-1	1	7.7	-	village_B4_3#73df459a,village_B4_3#e0fbec47,village_B4_3#52a74a0d,village_B4_3#73e1823d	-76.4	1.30	0.70	1957
1895	village_B4_3	Flinthowe	241.34	816.90	61.9	16	1	river	village_B4_3#52a74a0d	R	-1	1	8.4	-	village_B4_3#6954cc96,village_B4_3#7e8f822a,village_B4_3#73df459a,village_B4_3#e0fbec47	-118.1	1.30	0.70	1959
1896	village_B4_3	Peathill	246.60	824.92	69.2	16	4	river	village_B4_3#6954cc96	R	-1	1	19.7	village_B4_3#52a74a0d	village_B4_3#52a74a0d,village_B4_3#7e8f822a,village_B4_3#73df459a,village_B4_3#e0fbec47	-110.8	1.30	0.70	1959
1897	village_B4_3	Fogdale	240.50	781.50	56.0	8	5	field	village_B4_3#73e1823d	F	0	1	26.4	village_B4_3#e0fbec47	village_B4_3#e0fbec47,village_B4_3#73df459a,village_B4_3#7e8f822a,village_B4_3#52a74a0d	56.0	1.30	0.70	2042
1898	village_B4_4	Broken Bridge	282.60	787.42	71.9	27	1	bridge	village_B4_4#4282b176	H	0	2	12.1	-	village_B4_4#3db9e349,village_B4_4#8c41fcf7,village_B4_4#4ed287f5,village_B4_4#ca9b7945	71.9	1.30	0.70	2088
1899	village_B4_4	Peatfell	314.77	764.50	121.5	27	7	crossroad	village_B4_4#db9b1fc1	H	0	2	22.5	village_B4_4#ca9e9634	village_B4_4#ca9e9634,village_B4_4#4ed287f5,village_B4_4#4282b176,village_B4_4#ca9b7945	-58.5	1.30	0.70	1503
1900	village_B4_4	Drover's Elm	303.64	768.71	132.0	16	3	road	village_B4_4#ca9e9634	R	-1	1	15.2	-	village_B4_4#db9b1fc1,village_B4_4#4ed287f5,village_B4_4#4282b176,village_B4_4#ca9b7945	-48.0	1.30	0.70	1206
1901	village_B4_4	Wolf's Rest	304.33	774.64	122.4	16	2	road	village_B4_4#ca9b7945	R	1	1	14.8	-	village_B4_4#4ed287f5,village_B4_4#4282b176,village_B4_4#ca9e9634,village_B4_4#b28c60f4	122.4	1.30	0.70	1228
1902	village_B4_4	Ramwater	265.61	784.67	17.1	16	5	road	village_B4_4#3db9e349	R	1	1	22.1	village_B4_4#4282b176	village_B4_4#8c41fcf7,village_B4_4#4282b176,village_B4_4#4ed287f5,village_B4_4#ca9b7945	17.1	1.30	0.70	2081
1903	village_B4_4	Mistpool	263.69	767.21	24.1	16	8	river	village_B4_4#88dd12e3	R	1	1	31.7	village_B4_4#b28c60f4	village_B4_4#b28c60f4,village_B4_4#4ed287f5,village_B4_4#4282b176,village_B4_4#ca9b7945	24.1	1.30	0.70	1189
1904	village_B4_4	Alderbeck	270.27	776.05	77.0	16	4	river	village_B4_4#b28c60f4	R	1	1	20.1	-	village_B4_4#88dd12e3,village_B4_4#4ed287f5,village_B4_4#4282b176,village_B4_4#ca9b7945	77.0	1.30	0.70	1190
1905	village_B4_4	Nine Cairns	273.05	763.03	13.8	16	6	coast	village_B4_4#a9b2ddbb	R	1	1	22.1	-	village_B4_4#4ed287f5,village_B4_4#4282b176,village_B4_4#ca9b7945,village_B4_4#ca9e9634	-166.2	1.30	0.70	1189
1906	village_B4_4	Boar's Cove	284.46	767.32	10.8	16	0	coast	village_B4_4#4ed287f5	R	1	1	8.2	-	village_B4_4#4282b176,village_B4_4#ca9b7945,village_B4_4#ca9e9634,village_B4_4#b28c60f4	-169.2	1.30	0.70	1185
1907	village_B4_4	Sentinelden	262.50	776.50	46.5	8	9	field	village_B4_4#8c41fcf7	F	0	1	32.0	village_B4_4#3db9e349	village_B4_4#3db9e349,village_B4_4#4282b176,village_B4_4#4ed287f5,village_B4_4#ca9b7945	46.5	1.30	0.70	1183
1908	village_EN1_1	Shepherd's Bridge	557.55	566.96	168.4	27	1	bridge	village_EN1_1#e96a94a8	H	0	2	14.3	-	village_EN1_1#6a69f1b0,village_EN1_1#7fa8dab1,village_EN1_1#7836dbbb	-11.6	1.30	0.70	11751
1909	village_EN1_1	Goatherd's Wood	564.07	558.01	168.5	16	3	road	village_EN1_1#7fa8dab1	R	1	1	22.2	village_EN1_1#6a69f1b0	village_EN1_1#6a69f1b0,village_EN1_1#e96a94a8,village_EN1_1#7836dbbb	-11.5	1.30	0.70	9736
1910	village_EN1_1	Coldcreek	562.89	581.61	29.8	16	0	road	village_EN1_1#7836dbbb	R	-1	1	8.0	-	village_EN1_1#e96a94a8,village_EN1_1#6a69f1b0,village_EN1_1#7fa8dab1	-150.2	1.30	0.70	9729
1911	village_EN1_1	Greenglen	565.50	564.50	14.3	8	2	field	village_EN1_1#6a69f1b0	F	0	1	16.8	village_EN1_1#e96a94a8	village_EN1_1#e96a94a8,village_EN1_1#7fa8dab1,village_EN1_1#7836dbbb	14.3	1.30	0.70	11745
1912	village_EN1_2	Hawkfield	515.50	588.50	86.4	16	0	road	village_EN1_2#07923ae0	R	-1	1	13.9	-	village_EN1_2#cc02e9a4	-93.6	1.30	0.70	10349
1913	village_EN1_2	Fairglen	519.59	593.94	43.3	16	1	road	village_EN1_2#cc02e9a4	R	-1	1	15.2	village_EN1_2#07923ae0	village_EN1_2#07923ae0	-136.7	1.30	0.70	2767
1914	village_EN1_3	Mooncrag	559.40	608.17	1.8	16	0	river	village_EN1_3#ab71c4a7	R	-1	1	8.0	-	-	1.8	1.30	0.70	2502
1915	village_EN2_1	Crosswick	652.50	566.50	131.3	27	0	crossroad	village_EN2_1#2182ecbd	H	0	2	4.5	-	village_EN2_1#ef7c397f,village_EN2_1#05336362,village_EN2_1#89352715,village_EN2_1#f12c33c1	131.3	1.30	0.70	3466
1916	village_EN2_1	Redham	643.83	567.46	168.2	16	1	road	village_EN2_1#89352715	R	1	1	7.7	-	village_EN2_1#2182ecbd,village_EN2_1#ef7c397f,village_EN2_1#05336362,village_EN2_1#f12c33c1	-11.8	1.30	0.70	2960
1917	village_EN2_1	Seven Springs	648.22	572.11	164.0	16	2	road	village_EN2_1#ef7c397f	R	-1	1	8.2	village_EN2_1#2182ecbd	village_EN2_1#2182ecbd,village_EN2_1#05336362,village_EN2_1#89352715,village_EN2_1#f12c33c1	164.0	1.30	0.70	2659
1918	village_EN2_1	Gullham	662.53	574.94	15.5	16	4	coast	village_EN2_1#f12c33c1	R	1	1	19.0	village_EN2_1#2182ecbd	village_EN2_1#9438442e,village_EN2_1#2182ecbd,village_EN2_1#ef7c397f,village_EN2_1#05336362	15.5	1.30	0.70	3464
1919	village_EN2_1	Sheepcove	657.24	575.49	15.2	16	3	coast	village_EN2_1#05336362	R	1	1	15.7	village_EN2_1#2182ecbd	village_EN2_1#2182ecbd,village_EN2_1#ef7c397f,village_EN2_1#89352715,village_EN2_1#f12c33c1	15.2	1.30	0.70	1757
1920	village_EN2_1	Faircreek	666.62	577.85	13.8	16	5	coast	village_EN2_1#9438442e	R	1	1	24.3	village_EN2_1#f12c33c1	village_EN2_1#f12c33c1,village_EN2_1#2182ecbd,village_EN2_1#ef7c397f,village_EN2_1#05336362	13.8	1.30	0.70	2099
1921	village_EN2_2	Greencreek	678.37	568.66	38.7	16	1	road	village_EN2_2#b59d30dd	R	-1	1	13.8	-	village_EN2_2#ca6835c0,village_EN2_2#c38923c4,village_EN2_2#8d1db13f	38.7	1.30	0.70	2126
1922	village_EN2_2	Greyfold	673.11	569.44	45.2	16	2	road	village_EN2_2#ca6835c0	R	1	1	16.0	village_EN2_2#b59d30dd	village_EN2_2#b59d30dd,village_EN2_2#c38923c4,village_EN2_2#8d1db13f	-134.8	1.30	0.70	2126
1923	village_EN2_2	Mistcreek	687.37	558.41	17.1	16	0	coast	village_EN2_2#8d1db13f	R	1	1	11.8	-	village_EN2_2#b59d30dd,village_EN2_2#ca6835c0,village_EN2_2#c38923c4	-162.9	1.30	0.70	2104
1924	village_EN2_2	Longhaven	673.82	578.71	174.2	16	3	coast	village_EN2_2#c38923c4	R	1	1	26.0	village_EN2_2#ca6835c0	village_EN2_2#ca6835c0,village_EN2_2#b59d30dd,village_EN2_2#8d1db13f	-5.8	1.30	0.70	2099
1925	village_EN2_3	Hunter's Strand	638.99	538.63	119.8	16	0	coast	village_EN2_3#fa8be9d8	R	1	1	6.5	-	-	-60.2	1.30	0.70	4026
1926	village_EN3_1	Low Bridge	464.40	516.75	118.4	27	2	bridge	village_EN3_1#3dd9c911	H	0	2	6.0	-	village_EN3_1#f21f70a4,village_EN3_1#60cb796c,village_EN3_1#dacea1fc,village_EN3_1#fddf4504	118.4	1.30	0.70	1893
1927	village_EN3_1	Hollycross	469.25	520.40	33.9	27	0	crossroad	village_EN3_1#60cb796c	H	0	2	5.1	-	village_EN3_1#fddf4504,village_EN3_1#3dd9c911,village_EN3_1#72e0cf4a,village_EN3_1#79d53843	-146.1	1.30	0.70	2680
1928	village_EN3_1	Bluedown	455.76	522.01	120.5	16	5	road	village_EN3_1#f21f70a4	R	-1	1	13.7	village_EN3_1#3dd9c911	village_EN3_1#dacea1fc,village_EN3_1#3dd9c911,village_EN3_1#60cb796c,village_EN3_1#fddf4504	120.5	1.30	0.70	10342
1929	village_EN3_1	Smith's Oak	452.24	526.34	126.5	16	6	road	village_EN3_1#dacea1fc	R	-1	1	17.5	village_EN3_1#f21f70a4	village_EN3_1#f21f70a4,village_EN3_1#3dd9c911,village_EN3_1#60cb796c,village_EN3_1#fddf4504	126.5	1.30	0.70	2674
1930	village_EN3_1	Carter's Knoll	481.11	515.00	177.0	16	3	road	village_EN3_1#72e0cf4a	R	1	1	7.8	village_EN3_1#fddf4504	village_EN3_1#79d53843,village_EN3_1#fddf4504,village_EN3_1#60cb796c,village_EN3_1#3dd9c911	-3.0	1.30	0.70	1894
1931	village_EN3_1	Little Stile	485.71	515.42	28.9	16	4	road	village_EN3_1#79d53843	R	1	1	9.7	village_EN3_1#72e0cf4a	village_EN3_1#72e0cf4a,village_EN3_1#fddf4504,village_EN3_1#60cb796c,village_EN3_1#3dd9c911	28.9	1.30	0.70	1894
1932	village_EN3_1	Thornhurst	475.61	520.00	2.9	16	1	road	village_EN3_1#fddf4504	R	-1	1	5.8	-	village_EN3_1#72e0cf4a,village_EN3_1#79d53843,village_EN3_1#60cb796c,village_EN3_1#3dd9c911	-177.1	1.30	0.70	2680
1933	village_EN3_2	Knight's Elm	442.77	524.81	155.9	16	5	road	village_EN3_2#69e58336	R	1	1	12.3	village_EN3_2#b02a3b68	village_EN3_2#a910b82b,village_EN3_2#b02a3b68,village_EN3_2#903a16fa,village_EN3_2#6fcb11bd	-24.1	1.30	0.70	2427
1934	village_EN3_2	Beggar's Well	447.78	528.57	159.7	16	6	road	village_EN3_2#a910b82b	R	-1	1	13.1	village_EN3_2#69e58336	village_EN3_2#69e58336,village_EN3_2#b02a3b68,village_EN3_2#903a16fa,village_EN3_2#6fcb11bd	159.7	1.30	0.70	5256
1935	village_EN3_2	Tanner's Rest	432.35	532.26	118.7	16	0	road	village_EN3_2#903a16fa	R	1	1	5.9	-	village_EN3_2#b02a3b68,village_EN3_2#69e58336,village_EN3_2#a910b82b,village_EN3_2#6fcb11bd	-61.3	1.30	0.70	2434
1936	village_EN3_2	Hartley	438.76	532.74	140.1	16	1	road	village_EN3_2#b02a3b68	R	-1	1	6.7	village_EN3_2#903a16fa	village_EN3_2#903a16fa,village_EN3_2#69e58336,village_EN3_2#a910b82b,village_EN3_2#6fcb11bd	140.1	1.30	0.70	2427
1937	village_EN3_2	Thatcher's Croft	430.98	548.53	123.6	16	2	road	village_EN3_2#70fcafe1	R	-1	1	7.2	-	village_EN3_2#7a508d3c,village_EN3_2#e056ce4b,village_EN3_2#263eaf4d,village_EN3_2#2640e524	123.6	1.30	0.70	5258
1938	village_EN3_2	Highwick	426.02	554.07	145.9	16	4	road	village_EN3_2#e056ce4b	R	-1	1	12.1	village_EN3_2#70fcafe1	village_EN3_2#70fcafe1,village_EN3_2#7a508d3c,village_EN3_2#263eaf4d,village_EN3_2#2640e524	145.9	1.30	0.70	2642
1939	village_EN3_2	Wendley	414.81	554.40	132.2	16	8	road	village_EN3_2#263eaf4d	R	1	1	15.4	village_EN3_2#7a508d3c	village_EN3_2#2640e524,village_EN3_2#7a508d3c,village_EN3_2#70fcafe1,village_EN3_2#44df586b	-47.8	1.30	0.70	5259
1940	village_EN3_2	Redworth	420.89	555.64	137.2	16	3	road	village_EN3_2#7a508d3c	R	-1	1	12.0	village_EN3_2#70fcafe1	village_EN3_2#263eaf4d,village_EN3_2#70fcafe1,village_EN3_2#2640e524,village_EN3_2#e056ce4b	137.2	1.30	0.70	5259
1941	village_EN3_2	Hazelham	415.45	562.15	128.7	16	9	road	village_EN3_2#2640e524	R	-1	1	17.3	village_EN3_2#263eaf4d	village_EN3_2#263eaf4d,village_EN3_2#7a508d3c,village_EN3_2#70fcafe1,village_EN3_2#44df586b	128.7	1.30	0.70	5259
1942	village_EN3_2	Trident Bend	413.43	534.91	118.9	16	10	river	village_EN3_2#5f19815e	R	1	1	21.7	-	village_EN3_2#903a16fa,village_EN3_2#b02a3b68,village_EN3_2#70fcafe1,village_EN3_2#7a508d3c	118.9	1.30	0.70	2977
1943	village_EN3_2	Seven Elms	409.18	542.30	130.1	16	11	river	village_EN3_2#39ef33c7	R	1	1	23.5	-	village_EN3_2#903a16fa,village_EN3_2#b02a3b68,village_EN3_2#70fcafe1,village_EN3_2#7a508d3c	130.1	1.30	0.70	2377
1944	village_EN3_2	Applewater	408.18	546.75	125.9	16	12	river	village_EN3_2#44df586b	R	1	1	25.7	village_EN3_2#263eaf4d	village_EN3_2#263eaf4d,village_EN3_2#2640e524,village_EN3_2#7a508d3c,village_EN3_2#70fcafe1	125.9	1.30	0.70	3611
1945	village_EN3_2	Whitepool	437.50	521.50	156.2	8	7	field	village_EN3_2#6fcb11bd	F	0	1	15.0	village_EN3_2#b02a3b68	village_EN3_2#b02a3b68,village_EN3_2#903a16fa,village_EN3_2#69e58336,village_EN3_2#a910b82b	156.2	1.30	0.70	2427
1946	village_EN3_3	Gallowscross	502.45	518.04	164.5	27	0	crossroad	village_EN3_3#1603cdd1	H	0	2	5.2	-	village_EN3_3#1cfa9c35,village_EN3_3#674353d4,village_EN3_3#0fffccb8,village_EN3_3#2e79f868	164.5	1.30	0.70	2708
1947	village_EN3_3	Briarwick	505.39	508.34	157.1	16	1	road	village_EN3_3#1cfa9c35	R	1	1	6.7	village_EN3_3#1603cdd1	village_EN3_3#0fffccb8,village_EN3_3#1603cdd1,village_EN3_3#674353d4,village_EN3_3#7b0738d7	-22.9	1.30	0.70	1910
1948	village_EN3_3	Claystone	515.06	508.98	35.9	16	6	road	village_EN3_3#7b0738d7	R	1	1	12.2	village_EN3_3#0fffccb8	village_EN3_3#cd93de49,village_EN3_3#0fffccb8,village_EN3_3#98f5cff7,village_EN3_3#1cfa9c35	35.9	1.30	0.70	1910
1949	village_EN3_3	Tanner's Croft	510.36	509.03	11.9	16	3	road	village_EN3_3#0fffccb8	R	1	1	7.3	village_EN3_3#1cfa9c35	village_EN3_3#1cfa9c35,village_EN3_3#1603cdd1,village_EN3_3#674353d4,village_EN3_3#7b0738d7	11.9	1.30	0.70	1910
1950	village_EN3_3	Hare's Oak	520.81	514.88	159.9	16	8	road	village_EN3_3#cd93de49	R	-1	1	14.0	village_EN3_3#7b0738d7	village_EN3_3#7b0738d7,village_EN3_3#0fffccb8,village_EN3_3#98f5cff7,village_EN3_3#1cfa9c35	159.9	1.30	0.70	2631
1951	village_EN3_3	Bramblestead	495.54	519.57	169.2	16	2	road	village_EN3_3#674353d4	R	-1	1	6.8	village_EN3_3#1603cdd1	village_EN3_3#1603cdd1,village_EN3_3#1cfa9c35,village_EN3_3#2e79f868,village_EN3_3#0fffccb8	169.2	1.30	0.70	2705
1952	village_EN3_3	Maiden's Barrow	489.60	521.84	1.2	16	5	road	village_EN3_3#2e79f868	R	-1	1	10.0	village_EN3_3#674353d4	village_EN3_3#674353d4,village_EN3_3#1603cdd1,village_EN3_3#1cfa9c35,village_EN3_3#0fffccb8	-178.8	1.30	0.70	2705
1953	village_EN3_3	Widow's Croft	490.45	510.29	160.9	16	4	river	village_EN3_3#2e76e245	R	1	1	9.8	-	village_EN3_3#1603cdd1,village_EN3_3#1cfa9c35,village_EN3_3#674353d4,village_EN3_3#0fffccb8	160.9	1.30	0.70	1900
1954	village_EN3_3	Hollow Hythe	516.50	502.50	148.0	8	9	field	village_EN3_3#98f5cff7	F	0	1	17.3	village_EN3_3#7b0738d7	village_EN3_3#7b0738d7,village_EN3_3#cd93de49,village_EN3_3#0fffccb8,village_EN3_3#1cfa9c35	-32.0	1.30	0.70	1910
1955	village_EN3_3	Broken Hill	508.50	503.50	4.6	8	7	field	village_EN3_3#3fee9f4a	F	0	1	12.6	village_EN3_3#1cfa9c35	village_EN3_3#1cfa9c35,village_EN3_3#0fffccb8,village_EN3_3#1603cdd1,village_EN3_3#674353d4	4.6	1.30	0.70	1910
1956	village_EN4_1	Tiado	839.92	464.50	87.3	27	2	crossroad	village_EN4_1#099afd73	H	0	2	7.4	village_EN4_1#ccd44267	village_EN4_1#ccd44267,village_EN4_1#de69ac3b,village_EN4_1#de66b9c7,village_EN4_1#0992c5d1	87.3	1.30	0.70	4931
1957	village_EN4_1	Vapazzo	845.33	455.50	93.6	27	7	crossroad	village_EN4_1#a7b41a01	H	0	2	11.1	village_EN4_1#0992c5d1	village_EN4_1#0992c5d1,village_EN4_1#ccd44267,village_EN4_1#099afd73,village_EN4_1#de69ac3b	93.6	1.30	0.70	4947
1958	village_EN4_1	Vassantos	834.57	481.98	107.9	27	9	crossroad	village_EN4_1#de584847	H	0	2	16.4	village_EN4_1#de66b9c7	village_EN4_1#de66b9c7,village_EN4_1#de69ac3b,village_EN4_1#099afd73,village_EN4_1#0998d381	-72.1	1.30	0.70	4938
1959	village_EN4_1	Lulotis	818.72	451.94	40.7	16	6	road	village_EN4_1#3f8de7bc	R	-1	1	10.4	village_EN4_1#62656757	village_EN4_1#62656757,village_EN4_1#ccd44267,village_EN4_1#099afd73,village_EN4_1#37f8cb60	-139.3	1.30	0.70	4946
1960	village_EN4_1	Lulozo	822.41	455.31	41.8	16	1	road	village_EN4_1#62656757	R	-1	1	7.0	-	village_EN4_1#3f8de7bc,village_EN4_1#ccd44267,village_EN4_1#099afd73,village_EN4_1#37f8cb60	-138.2	1.30	0.70	4946
1961	village_EN4_1	Gezzo	828.60	452.72	0.5	16	3	road	village_EN4_1#37f8cb60	R	-1	1	7.5	-	village_EN4_1#ccd44267,village_EN4_1#62656757,village_EN4_1#099afd73,village_EN4_1#0992c5d1	0.5	1.30	0.70	4946
1962	village_EN4_1	Varrivo	832.88	456.97	6.4	16	0	road	village_EN4_1#ccd44267	R	1	1	4.8	-	village_EN4_1#099afd73,village_EN4_1#0992c5d1,village_EN4_1#de69ac3b,village_EN4_1#a7b41a01	-173.6	1.30	0.70	4931
1963	village_EN4_1	Alahe	849.46	480.50	179.4	16	12	road	village_EN4_1#7fd1f95e	R	1	1	23.1	village_EN4_1#d0cba8bb	village_EN4_1#d0cba8bb,village_EN4_1#0998d381,village_EN4_1#de66b9c7,village_EN4_1#de69ac3b	-0.6	1.30	0.70	4939
1964	village_EN4_1	Odryro	845.96	484.50	178.5	16	11	road	village_EN4_1#d0cba8bb	R	-1	1	21.1	village_EN4_1#0998d381	village_EN4_1#7fd1f95e,village_EN4_1#0998d381,village_EN4_1#de66b9c7,village_EN4_1#de69ac3b	178.5	1.30	0.70	4939
1965	village_EN4_1	Totalo	834.81	467.86	94.1	16	5	road	village_EN4_1#de69ac3b	R	1	1	10.3	village_EN4_1#099afd73	village_EN4_1#de66b9c7,village_EN4_1#099afd73,village_EN4_1#ccd44267,village_EN4_1#de584847	-85.9	1.30	0.70	4931
1966	village_EN4_1	Caitaro	834.53	472.85	88.9	16	8	road	village_EN4_1#de66b9c7	R	1	1	12.0	village_EN4_1#de69ac3b	village_EN4_1#de69ac3b,village_EN4_1#de584847,village_EN4_1#099afd73,village_EN4_1#0998d381	-91.1	1.30	0.70	4931
1967	village_EN4_1	Motys	840.22	478.67	97.4	16	10	road	village_EN4_1#0998d381	R	-1	1	17.0	village_EN4_1#de66b9c7	village_EN4_1#d0cba8bb,village_EN4_1#de66b9c7,village_EN4_1#7fd1f95e,village_EN4_1#de69ac3b	97.4	1.30	0.70	4939
1968	village_EN4_1	Illylora	839.50	456.96	131.3	16	4	road	village_EN4_1#0992c5d1	R	-1	1	9.4	village_EN4_1#ccd44267	village_EN4_1#a7b41a01,village_EN4_1#ccd44267,village_EN4_1#099afd73,village_EN4_1#de69ac3b	-48.7	1.30	0.70	4947
1969	village_EN4_2	Borrintos	854.69	427.88	116.6	27	6	crossroad	village_EN4_2#f2f46b90	H	0	2	26.1	-	village_EN4_2#a6c3f5cd,village_EN4_2#9e3f0d6b,village_EN4_2#f251b6f8,village_EN4_2#bd2bb9a2	-63.4	1.30	0.70	4954
1970	village_EN4_2	Caismo	847.59	407.03	175.7	16	0	road	village_EN4_2#a6c3f5cd	R	1	1	4.6	-	village_EN4_2#9e3f0d6b,village_EN4_2#f251b6f8,village_EN4_2#bd2bb9a2,village_EN4_2#7f43b6ce	-4.3	1.30	0.70	4711
1971	village_EN4_2	Vatynos	864.81	416.33	137.0	16	3	road	village_EN4_2#bd2bb9a2	R	-1	1	20.2	village_EN4_2#a6c3f5cd	village_EN4_2#a6c3f5cd,village_EN4_2#9e3f0d6b,village_EN4_2#f251b6f8,village_EN4_2#7f43b6ce	137.0	1.30	0.70	4952
1972	village_EN4_2	Drossario	856.89	420.41	104.4	16	4	road	village_EN4_2#7f43b6ce	R	1	1	20.3	village_EN4_2#a6c3f5cd	village_EN4_2#a6c3f5cd,village_EN4_2#9e3f0d6b,village_EN4_2#f251b6f8,village_EN4_2#bd2bb9a2	-75.6	1.30	0.70	4952
1973	village_EN4_2	Vinestrand	838.27	403.90	5.0	16	1	coast	village_EN4_2#9e3f0d6b	R	1	1	9.5	-	village_EN4_2#a6c3f5cd,village_EN4_2#f251b6f8,village_EN4_2#bd2bb9a2,village_EN4_2#7f43b6ce	-175.0	1.30	0.70	4781
1974	village_EN4_2	Tialo	833.14	406.00	6.0	16	2	coast	village_EN4_2#f251b6f8	R	1	1	10.1	-	village_EN4_2#a6c3f5cd,village_EN4_2#fb199ab0,village_EN4_2#9e3f0d6b,village_EN4_2#bd2bb9a2	-174.0	1.30	0.70	4781
1975	village_EN4_2	Drolozzo	818.32	406.99	173.1	16	5	coast	village_EN4_2#fb199ab0	R	1	1	25.8	village_EN4_2#f251b6f8	village_EN4_2#f251b6f8,village_EN4_2#a6c3f5cd,village_EN4_2#9e3f0d6b,village_EN4_2#bd2bb9a2	173.1	1.30	0.70	4712
1976	village_EN4_3	Borrivo	860.94	425.37	103.2	16	3	road	village_EN4_3#a5ba01ab	R	-1	1	13.8	village_EN4_3#908351f2	village_EN4_3#908351f2,village_EN4_3#b7022379,village_EN4_3#14882862,village_EN4_3#525aaf20	103.2	1.30	0.70	4952
1977	village_EN4_3	Borranos	862.31	436.43	48.7	16	1	road	village_EN4_3#908351f2	R	-1	1	6.7	village_EN4_3#b7022379	village_EN4_3#b7022379,village_EN4_3#14882862,village_EN4_3#a5ba01ab,village_EN4_3#525aaf20	-131.3	1.30	0.70	4955
1978	village_EN4_3	Gerviro	867.26	436.43	40.6	16	0	road	village_EN4_3#b7022379	R	1	1	5.7	-	village_EN4_3#908351f2,village_EN4_3#14882862,village_EN4_3#a5ba01ab,village_EN4_3#525aaf20	40.6	1.30	0.70	4955
1979	village_EN4_3	Sorrihe	857.27	435.77	104.3	16	2	road	village_EN4_3#14882862	R	1	1	11.5	village_EN4_3#908351f2	village_EN4_3#908351f2,village_EN4_3#b7022379,village_EN4_3#a5ba01ab,village_EN4_3#525aaf20	104.3	1.30	0.70	4954
1980	village_EN4_3	Odrylivo	856.43	444.45	110.1	16	4	road	village_EN4_3#525aaf20	R	1	1	15.9	-	village_EN4_3#b7022379,village_EN4_3#908351f2,village_EN4_3#14882862,village_EN4_3#a5ba01ab	110.1	1.30	0.70	4948
1981	village_EN4_3	Drozi	898.10	446.08	138.0	16	6	road	village_EN4_3#6b1737b0	R	1	1	29.6	-	village_EN4_3#b7022379,village_EN4_3#908351f2,village_EN4_3#14882862,village_EN4_3#a5ba01ab	-42.0	1.30	0.70	6590
1982	village_EN4_3	Morrado	895.53	452.18	99.6	16	5	road	village_EN4_3#eafda3ab	R	1	1	29.0	-	village_EN4_3#b7022379,village_EN4_3#908351f2,village_EN4_3#14882862,village_EN4_3#a5ba01ab	-80.4	1.30	0.70	6592
1983	village_EN4_3	Odrysario	895.50	457.43	85.4	16	7	road	village_EN4_3#eafda8c4	R	1	1	31.0	-	village_EN4_3#b7022379,village_EN4_3#908351f2,village_EN4_3#14882862,village_EN4_3#a5ba01ab	-94.6	1.30	0.70	6592
1984	village_EN4_4	Pearlfield	867.50	391.50	120.5	27	5	coast	village_EN4_4#1b15687a	H	0	2	12.9	village_EN4_4#a922db61	village_EN4_4#a922db61,village_EN4_4#377c2743,village_EN4_4#a0c202e3,village_EN4_4#1cbd36a5	120.5	1.30	0.70	14012
1985	village_EN4_4	Tassavo	877.76	360.47	150.2	27	6	coast	village_EN4_4#f89a13da	H	0	2	12.9	village_EN4_4#a0c202e3	village_EN4_4#a0c202e3,village_EN4_4#541dbd4a,village_EN4_4#1cbd36a5,village_EN4_4#377c2743	150.2	1.30	0.70	4777
1986	village_EN4_4	Olivecove	855.00	370.63	22.1	27	7	coast	village_EN4_4#8a342ce9	H	0	2	13.6	-	village_EN4_4#8a116a15,village_EN4_4#a0c202e3,village_EN4_4#1cbd36a5,village_EN4_4#377c2743	22.1	1.30	0.70	4778
1987	village_EN4_4	Vasano	870.29	377.93	93.4	16	2	road	village_EN4_4#377c2743	R	-1	1	7.7	-	village_EN4_4#a922db61,village_EN4_4#1b15687a,village_EN4_4#a0c202e3,village_EN4_4#1cbd36a5	93.4	1.30	0.70	4710
1988	village_EN4_4	Illysmo	882.12	356.08	118.1	16	9	coast	village_EN4_4#541dbd4a	R	1	1	20.1	village_EN4_4#f89a13da	village_EN4_4#f89a13da,village_EN4_4#a0c202e3,village_EN4_4#1cbd36a5,village_EN4_4#377c2743	118.1	1.30	0.70	4707
1989	village_EN4_4	Bosalo	871.21	362.37	167.3	16	0	coast	village_EN4_4#a0c202e3	R	1	1	6.5	-	village_EN4_4#f89a13da,village_EN4_4#1cbd36a5,village_EN4_4#541dbd4a,village_EN4_4#377c2743	167.3	1.30	0.70	4777
1990	village_EN4_4	Bollonia	862.20	363.50	169.1	16	1	coast	village_EN4_4#1cbd36a5	R	1	1	6.8	-	village_EN4_4#a0c202e3,village_EN4_4#377c2743,village_EN4_4#a922db61,village_EN4_4#dc705806	169.1	1.30	0.70	4776
1991	village_EN4_4	Wreckstrand	851.00	366.12	174.4	16	8	coast	village_EN4_4#8a116a15	R	1	1	17.4	village_EN4_4#8a342ce9	village_EN4_4#8a342ce9,village_EN4_4#a0c202e3,village_EN4_4#1cbd36a5,village_EN4_4#377c2743	174.4	1.30	0.70	4776
1992	village_EN4_4	Eskyssa	861.35	374.75	28.4	16	4	coast	village_EN4_4#dc705806	R	1	1	9.1	-	village_EN4_4#a0c202e3,village_EN4_4#1cbd36a5,village_EN4_4#377c2743,village_EN4_4#a922db61	28.4	1.30	0.70	4778
1993	village_EN4_4	Herrasa	866.36	381.70	75.5	16	3	coast	village_EN4_4#a922db61	R	1	1	7.8	village_EN4_4#377c2743	village_EN4_4#377c2743,village_EN4_4#1b15687a,village_EN4_4#a0c202e3,village_EN4_4#1cbd36a5	75.5	1.30	0.70	4710
1994	village_EN5_1	Andatha	898.22	625.31	120.0	16	0	river	village_EN5_1#b3d6b9e4	R	-1	1	7.8	-	village_EN5_1#cfa78c81	120.0	1.30	0.70	6624
1995	village_EN5_1	Amylirio	895.35	630.48	134.6	16	1	river	village_EN5_1#cfa78c81	R	-1	1	12.1	village_EN5_1#b3d6b9e4	village_EN5_1#b3d6b9e4	134.6	1.30	0.70	6799
1996	village_EN5_2	Cassa	873.57	652.98	109.8	27	4	crossroad	village_EN5_2#453f10f2	H	0	2	14.0	village_EN5_2#4536cf1e	village_EN5_2#4536cf1e,village_EN5_2#7cdf09de,village_EN5_2#76a92d83,village_EN5_2#5684a141	-70.2	1.30	0.70	6621
1997	village_EN5_2	Veano	874.50	665.50	22.7	27	2	coast	village_EN5_2#4536cf1e	H	0	2	8.7	village_EN5_2#76a92d83	village_EN5_2#76a92d83,village_EN5_2#453f10f2,village_EN5_2#7cdf09de,village_EN5_2#5684a141	22.7	1.30	0.70	6616
1998	village_EN5_2	Orverralo	879.02	655.20	161.8	16	5	road	village_EN5_2#08349c33	R	1	1	14.8	village_EN5_2#76a92d83	village_EN5_2#76a92d83,village_EN5_2#4536cf1e,village_EN5_2#453f10f2,village_EN5_2#5684a141	161.8	1.30	0.70	6621
1999	village_EN5_2	Othemeva	891.81	658.80	104.6	16	3	coast	village_EN5_2#7edee9f8	R	1	1	12.2	village_EN5_2#5684a141	village_EN5_2#5684a141,village_EN5_2#76a92d83,village_EN5_2#4536cf1e,village_EN5_2#453f10f2	-75.4	1.30	0.70	6620
2000	village_EN5_2	Andaligo	890.86	664.06	83.3	16	1	coast	village_EN5_2#5684a141	R	1	1	5.5	-	village_EN5_2#7edee9f8,village_EN5_2#76a92d83,village_EN5_2#4536cf1e,village_EN5_2#453f10f2	-96.7	1.30	0.70	6620
2001	village_EN5_2	Felego	879.96	667.66	37.4	16	0	coast	village_EN5_2#76a92d83	R	1	1	4.5	-	village_EN5_2#4536cf1e,village_EN5_2#453f10f2,village_EN5_2#5684a141,village_EN5_2#08349c33	37.4	1.30	0.70	6616
2002	village_EN5_2	Iksa Lorel	866.50	651.50	107.3	8	6	field	village_EN5_2#7cdf09de	F	0	1	20.0	village_EN5_2#453f10f2	village_EN5_2#453f10f2,village_EN5_2#4536cf1e,village_EN5_2#76a92d83,village_EN5_2#5684a141	107.3	1.30	0.70	6599
2003	village_EN5_3	Iksa Netasso	865.75	611.40	150.1	27	0	crossroad	village_EN5_3#6fac1554	H	0	2	7.0	-	village_EN5_3#60b0fe88,village_EN5_3#7d0edbd0	150.1	1.30	0.70	4814
2004	village_EN5_3	Theroma	858.99	613.32	101.2	16	1	coast	village_EN5_3#60b0fe88	R	1	1	10.4	village_EN5_3#6fac1554	village_EN5_3#6fac1554,village_EN5_3#7d0edbd0	101.2	1.30	0.70	4814
2005	village_EN5_3	Thema	855.18	616.75	149.5	16	2	coast	village_EN5_3#7d0edbd0	R	1	1	15.1	village_EN5_3#60b0fe88	village_EN5_3#60b0fe88,village_EN5_3#6fac1554	149.5	1.30	0.70	4811
2006	village_EN5_4	Brario	871.63	637.96	2.9	27	2	bridge	village_EN5_4#b00d5995	H	0	2	8.1	village_EN5_4#461750ac	village_EN5_4#93279f62,village_EN5_4#461750ac,village_EN5_4#0cca5dd2,village_EN5_4#340f277a	2.9	1.30	0.70	6609
2007	village_EN5_4	Momavos	862.76	631.23	71.2	27	0	crossroad	village_EN5_4#461750ac	H	0	2	4.6	-	village_EN5_4#340f277a,village_EN5_4#b00d5995,village_EN5_4#93279f62,village_EN5_4#297ea4e4	-108.8	1.30	0.70	4812
2008	village_EN5_4	Braatha	875.96	643.91	83.8	16	6	road	village_EN5_4#0cca5dd2	R	1	1	12.6	village_EN5_4#b00d5995	village_EN5_4#b00d5995,village_EN5_4#93279f62,village_EN5_4#461750ac,village_EN5_4#340f277a	83.8	1.30	0.70	6618
2009	village_EN5_4	Amyrrema	864.69	622.09	97.6	16	1	road	village_EN5_4#340f277a	R	-1	1	7.9	village_EN5_4#461750ac	village_EN5_4#461750ac,village_EN5_4#b00d5995,village_EN5_4#93279f62,village_EN5_4#297ea4e4	97.6	1.30	0.70	4811
2010	village_EN5_4	Prelego	881.27	638.06	138.7	16	7	river	village_EN5_4#e7f2f2e3	R	1	1	17.9	-	village_EN5_4#461750ac,village_EN5_4#340f277a,village_EN5_4#b00d5995,village_EN5_4#93279f62	-41.3	1.30	0.70	6600
2011	village_EN5_4	Veastosio	867.05	641.60	135.8	16	3	river	village_EN5_4#93279f62	R	1	1	9.8	village_EN5_4#b00d5995	village_EN5_4#b00d5995,village_EN5_4#461750ac,village_EN5_4#0cca5dd2,village_EN5_4#340f277a	-44.2	1.30	0.70	6607
2012	village_EN5_4	Fellarys	862.07	647.10	113.2	16	9	river	village_EN5_4#90f2ee7a	R	1	1	19.7	village_EN5_4#93279f62	village_EN5_4#93279f62,village_EN5_4#b00d5995,village_EN5_4#461750ac,village_EN5_4#0cca5dd2	-66.8	1.30	0.70	2170
2013	village_EN5_4	Andalero	856.97	630.76	45.6	16	5	coast	village_EN5_4#d89b09f3	R	1	1	10.9	village_EN5_4#461750ac	village_EN5_4#461750ac,village_EN5_4#340f277a,village_EN5_4#b00d5995,village_EN5_4#93279f62	45.6	1.30	0.70	4811
2014	village_EN5_4	Brassava	858.53	635.61	101.0	16	4	coast	village_EN5_4#297ea4e4	R	1	1	10.7	village_EN5_4#461750ac	village_EN5_4#461750ac,village_EN5_4#340f277a,village_EN5_4#b00d5995,village_EN5_4#93279f62	101.0	1.30	0.70	4794
2015	village_EN5_4	Prelos	890.50	625.50	138.0	8	10	field	village_EN5_4#157b57a6	F	0	1	25.9	village_EN5_4#58ae03f2	village_EN5_4#58ae03f2,village_EN5_4#461750ac,village_EN5_4#340f277a,village_EN5_4#b00d5995	-42.0	1.30	0.70	6610
2016	village_EN5_4	Amylo	884.50	632.50	102.9	8	8	field	village_EN5_4#58ae03f2	F	0	1	18.1	-	village_EN5_4#157b57a6,village_EN5_4#461750ac,village_EN5_4#340f277a,village_EN5_4#b00d5995	-77.1	1.30	0.70	6611
2017	village_EN6_1	Joralis	967.68	677.46	48.3	16	0	road	village_EN6_1#e01044f6	R	1	1	5.5	-	village_EN6_1#c06e0ed9	48.3	1.30	0.70	6786
2018	village_EN6_1	Loksio	960.72	676.54	52.5	16	1	coast	village_EN6_1#c06e0ed9	R	1	1	9.2	village_EN6_1#e01044f6	village_EN6_1#e01044f6	52.5	1.30	0.70	6790
2019	village_EN6_2	Hasina	964.32	668.50	0.9	16	0	coast	village_EN6_2#93ad1bbf	R	1	1	5.1	-	village_EN6_2#377ed5fa	-179.1	1.30	0.70	6791
2020	village_EN6_2	Genaria	976.46	678.55	87.9	16	1	coast	village_EN6_2#377ed5fa	R	1	1	13.8	-	village_EN6_2#93ad1bbf	-92.1	1.30	0.70	6774
2021	village_EN6_3	Pineholm	1008.53	659.40	112.3	16	1	coast	village_EN6_3#a747554d	R	1	1	11.1	-	village_EN6_3#08981352	-67.7	1.30	0.70	6751
2022	village_EN6_3	Tethana	996.69	664.36	39.6	16	0	coast	village_EN6_3#08981352	R	1	1	10.2	-	village_EN6_3#a747554d	39.6	1.30	0.70	6752
2023	village_ES1_2	Nogos	1062.50	515.65	90.1	16	6	road	village_ES1_2#80cddea3	R	-1	1	17.2	village_ES1_2#15c07785	village_ES1_2#15c07785,village_ES1_2#fe6cc401,village_ES1_2#15ba520b,village_ES1_2#df1dd392	-89.9	1.30	0.70	6654
2024	village_ES1_2	Potrartea	1060.15	535.02	138.1	16	0	road	village_ES1_2#df1dd392	R	-1	1	5.7	-	village_ES1_2#1e590817,village_ES1_2#15ba520b,village_ES1_2#fe6cc401,village_ES1_2#15c07785	-41.9	1.30	0.70	6665
2025	village_ES1_2	Kendos	1067.43	519.27	112.1	16	4	river	village_ES1_2#15c07785	R	-1	1	16.2	village_ES1_2#fe6cc401	village_ES1_2#80cddea3,village_ES1_2#fe6cc401,village_ES1_2#15ba520b,village_ES1_2#df1dd392	-67.9	1.30	0.70	6654
2026	village_ES1_2	Nomis	1063.44	523.76	91.0	16	3	river	village_ES1_2#fe6cc401	R	-1	1	12.3	village_ES1_2#15ba520b	village_ES1_2#15ba520b,village_ES1_2#15c07785,village_ES1_2#80cddea3,village_ES1_2#df1dd392	-89.0	1.30	0.70	6654
2027	village_ES1_2	Noyne Bend	1067.11	530.86	67.9	16	2	river	village_ES1_2#15ba520b	R	-1	1	10.8	village_ES1_2#df1dd392	village_ES1_2#fe6cc401,village_ES1_2#df1dd392,village_ES1_2#15c07785,village_ES1_2#80cddea3	-112.1	1.30	0.70	6665
2028	village_ES1_2	Pomis	1067.92	536.11	58.6	16	1	river	village_ES1_2#1e590817	R	-1	1	10.6	village_ES1_2#df1dd392	village_ES1_2#df1dd392,village_ES1_2#50742621,village_ES1_2#15ba520b,village_ES1_2#fe6cc401	-121.4	1.30	0.70	6655
2029	village_ES1_2	Kerania	1072.18	538.82	59.7	16	5	river	village_ES1_2#50742621	R	-1	1	16.8	village_ES1_2#1e590817	village_ES1_2#1e590817,village_ES1_2#df1dd392,village_ES1_2#15ba520b,village_ES1_2#fe6cc401	-120.3	1.30	0.70	6655
2030	village_ES1_2	Turtlebend	1075.43	544.48	58.1	16	7	river	village_ES1_2#49838fe8	R	-1	1	18.1	-	village_ES1_2#df1dd392,village_ES1_2#1e590817,village_ES1_2#15ba520b,village_ES1_2#fe6cc401	-121.9	1.30	0.70	6660
2031	village_ES1_2	Tatramos	1075.84	555.72	96.7	16	8	river	village_ES1_2#67cae596	R	-1	1	27.4	-	village_ES1_2#df1dd392,village_ES1_2#1e590817,village_ES1_2#15ba520b,village_ES1_2#fe6cc401	-83.3	1.30	0.70	6656
2032	village_ES1_2	Areolimia	1071.30	564.24	145.0	16	9	river	village_ES1_2#a67cb55e	R	-1	1	36.9	-	village_ES1_2#df1dd392,village_ES1_2#1e590817,village_ES1_2#15ba520b,village_ES1_2#fe6cc401	-35.0	1.30	0.70	6656
2033	village_ES1_3	Meranos	1019.02	498.57	10.2	27	0	crossroad	village_ES1_3#a3b1e32e	H	0	2	5.5	-	village_ES1_3#cd93ce12,village_ES1_3#0fc4d346,village_ES1_3#a529ccaa,village_ES1_3#d3f185cf	10.2	1.30	0.70	6892
2034	village_ES1_3	Horomos	997.98	501.57	162.9	27	7	crossroad	village_ES1_3#f8ddc26a	H	0	2	18.2	village_ES1_3#e3f62673	village_ES1_3#e3f62673,village_ES1_3#087f2bdb,village_ES1_3#a529ccaa,village_ES1_3#bf5eb9b6	-17.1	1.30	0.70	6883
2035	village_ES1_3	Lamis	1009.78	498.01	175.9	16	3	road	village_ES1_3#a529ccaa	R	1	1	12.1	village_ES1_3#a3b1e32e	village_ES1_3#e3f62673,village_ES1_3#f8ddc26a,village_ES1_3#a3b1e32e,village_ES1_3#cd93ce12	-4.1	1.30	0.70	6891
2036	village_ES1_3	Areomia	1002.92	504.89	162.3	16	6	road	village_ES1_3#e3f62673	R	-1	1	15.7	village_ES1_3#a529ccaa	village_ES1_3#f8ddc26a,village_ES1_3#a529ccaa,village_ES1_3#087f2bdb,village_ES1_3#bf5eb9b6	162.3	1.30	0.70	6889
2037	village_ES1_3	Hamisos	1028.16	499.01	3.9	16	2	road	village_ES1_3#0fc4d346	R	-1	1	7.3	village_ES1_3#cd93ce12	village_ES1_3#cd93ce12,village_ES1_3#a3b1e32e,village_ES1_3#d3f185cf,village_ES1_3#1645b484	3.9	1.30	0.70	6829
2038	village_ES1_3	Polileos	1036.22	500.69	39.2	16	4	road	village_ES1_3#d3f185cf	R	-1	1	12.7	village_ES1_3#0fc4d346	village_ES1_3#1645b484,village_ES1_3#0fc4d346,village_ES1_3#cd93ce12,village_ES1_3#a3b1e32e	39.2	1.30	0.70	6699
2039	village_ES1_3	Eretartea	1024.27	503.17	9.9	16	1	road	village_ES1_3#cd93ce12	R	1	1	6.7	village_ES1_3#a3b1e32e	village_ES1_3#0fc4d346,village_ES1_3#a3b1e32e,village_ES1_3#d3f185cf,village_ES1_3#a529ccaa	-170.1	1.30	0.70	6829
2040	village_ES1_3	Notandos	1049.09	504.02	173.0	16	8	road	village_ES1_3#394e016a	R	-1	1	20.2	village_ES1_3#1645b484	village_ES1_3#1645b484,village_ES1_3#d3f185cf,village_ES1_3#0fc4d346,village_ES1_3#cd93ce12	-7.0	1.30	0.70	6698
2041	village_ES1_3	Nambaleos	1038.25	506.15	18.4	16	5	road	village_ES1_3#1645b484	R	1	1	15.0	village_ES1_3#d3f185cf	village_ES1_3#d3f185cf,village_ES1_3#394e016a,village_ES1_3#0fc4d346,village_ES1_3#cd93ce12	-161.6	1.30	0.70	11214
2042	village_ES1_3	Halissia	993.20	498.17	37.8	16	9	road	village_ES1_3#087f2bdb	R	-1	1	22.2	village_ES1_3#f8ddc26a	village_ES1_3#f8ddc26a,village_ES1_3#e3f62673,village_ES1_3#a529ccaa,village_ES1_3#bf5eb9b6	37.8	1.30	0.70	6695
2043	village_ES1_3	Nogrendos	1007.83	469.99	102.9	16	10	river	village_ES1_3#3be4be05	R	1	1	24.6	-	village_ES1_3#a3b1e32e,village_ES1_3#cd93ce12,village_ES1_3#0fc4d346,village_ES1_3#a529ccaa	102.9	1.30	0.70	6697
2044	village_ES1_3	Areochia	1003.87	477.10	99.8	16	13	river	village_ES1_3#499f338c	R	1	1	26.5	-	village_ES1_3#a3b1e32e,village_ES1_3#cd93ce12,village_ES1_3#0fc4d346,village_ES1_3#a529ccaa	99.8	1.30	0.70	6639
2045	village_ES1_3	Areoremia	1000.79	486.81	113.2	16	12	river	village_ES1_3#47a748b0	R	1	1	26.1	-	village_ES1_3#a3b1e32e,village_ES1_3#cd93ce12,village_ES1_3#0fc4d346,village_ES1_3#a529ccaa	113.2	1.30	0.70	6696
2046	village_ES1_3	Cogos	996.08	492.18	144.3	16	11	river	village_ES1_3#bf5eb9b6	R	1	1	25.4	village_ES1_3#e3f62673	village_ES1_3#e3f62673,village_ES1_3#f8ddc26a,village_ES1_3#a529ccaa,village_ES1_3#087f2bdb	144.3	1.30	0.70	6638
2047	village_ES1_4	Hanepyr	1086.04	516.05	67.3	16	0	road	village_ES1_4#72084c9f	R	-1	1	5.5	-	village_ES1_4#54b2dd24,village_ES1_4#e5f07a5f,village_ES1_4#54b2d2f2,village_ES1_4#9f0f2382	-112.7	1.30	0.70	7241
2048	village_ES1_4	Horertea	1090.50	502.96	85.3	16	5	road	village_ES1_4#54b2d2f2	R	-1	1	13.5	village_ES1_4#54b2dd24	village_ES1_4#54b2dd24,village_ES1_4#5ec962a2,village_ES1_4#73d4a0f8,village_ES1_4#72084c9f	85.3	1.30	0.70	7243
2049	village_ES1_4	Erelitar	1089.50	508.96	93.8	16	1	road	village_ES1_4#54b2dd24	R	-1	1	9.5	village_ES1_4#72084c9f	village_ES1_4#54b2d2f2,village_ES1_4#72084c9f,village_ES1_4#78ff2a4e,village_ES1_4#5ec962a2	93.8	1.30	0.70	7241
2050	village_ES1_4	Labumia	1098.24	520.94	45.6	16	2	road	village_ES1_4#c073e852	R	1	1	9.5	-	village_ES1_4#8ca3e64e,village_ES1_4#5bbc779b,village_ES1_4#72084c9f,village_ES1_4#54b2dd24	45.6	1.30	0.70	7241
2051	village_ES1_4	Karvos	1101.69	525.26	50.7	16	3	road	village_ES1_4#8ca3e64e	R	1	1	10.9	village_ES1_4#c073e852	village_ES1_4#c073e852,village_ES1_4#5bbc779b,village_ES1_4#72084c9f,village_ES1_4#54b2dd24	50.7	1.30	0.70	7241
2052	village_ES1_4	Velonos	1106.55	530.30	44.2	16	6	road	village_ES1_4#5bbc779b	R	1	1	15.4	village_ES1_4#8ca3e64e	village_ES1_4#8ca3e64e,village_ES1_4#c073e852,village_ES1_4#72084c9f,village_ES1_4#54b2dd24	44.2	1.30	0.70	11238
2053	village_ES1_4	Themisos	1081.54	494.29	78.5	16	11	river	village_ES1_4#5ec962a2	R	1	1	17.7	village_ES1_4#54b2d2f2	village_ES1_4#54b2d2f2,village_ES1_4#54b2dd24,village_ES1_4#73d4a0f8,village_ES1_4#72084c9f	78.5	1.30	0.70	7019
2054	village_ES1_4	Nanervos	1080.98	499.49	93.4	16	12	river	village_ES1_4#73d4a0f8	R	1	1	19.7	village_ES1_4#54b2d2f2	village_ES1_4#54b2d2f2,village_ES1_4#54b2dd24,village_ES1_4#5ec962a2,village_ES1_4#72084c9f	93.4	1.30	0.70	6898
2055	village_ES1_4	Ulervos	1080.59	504.70	110.4	16	9	river	village_ES1_4#78ff2a4e	R	1	1	17.2	village_ES1_4#54b2dd24	village_ES1_4#54b2dd24,village_ES1_4#54b2d2f2,village_ES1_4#72084c9f,village_ES1_4#5ec962a2	110.4	1.30	0.70	6898
2056	village_ES1_4	Ny Telintor	1079.10	513.98	118.4	16	4	river	village_ES1_4#e5f07a5f	R	1	1	13.4	village_ES1_4#72084c9f	village_ES1_4#72084c9f,village_ES1_4#54b2dd24,village_ES1_4#54b2d2f2,village_ES1_4#9f0f2382	118.4	1.30	0.70	7021
2057	village_ES1_4	Sarmia	1076.07	518.10	115.2	16	7	river	village_ES1_4#9f0f2382	R	1	1	15.6	village_ES1_4#72084c9f	village_ES1_4#72084c9f,village_ES1_4#54b2dd24,village_ES1_4#e5f07a5f,village_ES1_4#54b2d2f2	115.2	1.30	0.70	6897
2058	village_ES1_4	Tervos	1073.81	524.71	94.5	16	10	river	village_ES1_4#751b58ac	R	1	1	17.5	-	village_ES1_4#72084c9f,village_ES1_4#54b2dd24,village_ES1_4#c073e852,village_ES1_4#8ca3e64e	94.5	1.30	0.70	6897
2059	village_ES1_4	Tasua	1076.37	530.04	55.0	16	8	river	village_ES1_4#9f08fe08	R	1	1	16.9	-	village_ES1_4#72084c9f,village_ES1_4#54b2dd24,village_ES1_4#c073e852,village_ES1_4#8ca3e64e	55.0	1.30	0.70	7022
2060	village_ES2_2	Nyerhoy	1146.50	156.50	87.1	16	1	road	village_ES2_2#15feaa7d	R	1	1	7.6	village_ES2_2#3bb98065	village_ES2_2#3bb98065,village_ES2_2#8b16ea4e,village_ES2_2#5a87b774,village_ES2_2#15f9529e	-92.9	1.30	0.70	4768
2061	village_ES2_2	Alenarion	1150.50	162.50	89.3	16	0	road	village_ES2_2#3bb98065	R	-1	1	4.5	-	village_ES2_2#15feaa7d,village_ES2_2#8b16ea4e,village_ES2_2#5a87b774,village_ES2_2#15f9529e	89.3	1.30	0.70	5865
2062	village_ES2_2	Volaena Bridge	1142.26	174.69	16.6	16	2	river	village_ES2_2#8b16ea4e	R	1	1	8.8	-	village_ES2_2#3bb98065,village_ES2_2#15feaa7d,village_ES2_2#5a87b774,village_ES2_2#15f9529e	16.6	1.30	0.70	2248
2063	village_ES2_2	Gorostea	1145.66	178.51	40.1	16	4	river	village_ES2_2#15f9529e	R	1	1	11.5	-	village_ES2_2#6baf2410,village_ES2_2#35420263,village_ES2_2#3bb98065,village_ES2_2#4abaa8e5	40.1	1.30	0.70	2247
2064	village_ES2_2	Varagyr	1147.59	183.98	104.5	16	6	river	village_ES2_2#6baf2410	R	1	1	16.1	village_ES2_2#15f9529e	village_ES2_2#15f9529e,village_ES2_2#35420263,village_ES2_2#4abaa8e5,village_ES2_2#3bb98065	104.5	1.30	0.70	6134
2065	village_ES2_2	Kryvea	1144.73	188.16	133.4	16	7	river	village_ES2_2#35420263	R	1	1	22.8	village_ES2_2#6baf2410	village_ES2_2#4abaa8e5,village_ES2_2#6baf2410,village_ES2_2#15f9529e,village_ES2_2#3bb98065	133.4	1.30	0.70	2249
2066	village_ES2_2	Sar Alirhoy	1142.57	192.66	92.0	16	8	river	village_ES2_2#4abaa8e5	R	1	1	28.0	village_ES2_2#35420263	village_ES2_2#35420263,village_ES2_2#6baf2410,village_ES2_2#15f9529e,village_ES2_2#3bb98065	92.0	1.30	0.70	6130
2067	village_ES2_2	Nyegomnos	1138.50	162.50	89.9	8	5	field	village_ES2_2#5a89f417	F	0	1	12.8	-	village_ES2_2#3bb98065,village_ES2_2#15feaa7d,village_ES2_2#8b16ea4e,village_ES2_2#5a87b774	-90.1	1.30	0.70	2245
2068	village_ES2_2	Parcorion	1138.50	169.50	80.5	8	3	field	village_ES2_2#5a87b774	F	0	1	10.7	-	village_ES2_2#3bb98065,village_ES2_2#15feaa7d,village_ES2_2#8b16ea4e,village_ES2_2#15f9529e	80.5	1.30	0.70	6135
2069	village_ES2_3	Nyelyka	1130.37	141.27	178.5	27	2	bridge	village_ES2_3#f3a35fa1	H	0	2	15.4	village_ES2_3#0be9d909	village_ES2_3#0be9d909,village_ES2_3#94dd9111	-1.5	1.30	0.70	6443
2070	village_ES2_3	Sentesion	1140.23	148.18	47.8	16	0	road	village_ES2_3#0be9d909	R	1	1	7.0	-	village_ES2_3#f3a35fa1,village_ES2_3#94dd9111	-132.2	1.30	0.70	2244
2071	village_ES2_3	Aligosys	1131.81	158.29	48.5	16	1	river	village_ES2_3#94dd9111	R	1	1	8.8	-	village_ES2_3#0be9d909,village_ES2_3#f3a35fa1	48.5	1.30	0.70	2245
2072	village_ES2_4	Avagalon	1177.50	149.50	41.7	27	0	crossroad	village_ES2_4#e094f61c	H	0	2	6.3	-	village_ES2_4#9f841a3a,village_ES2_4#1f766818,village_ES2_4#4651a42a,village_ES2_4#658701e4	-138.3	1.30	0.70	5013
2073	village_ES2_4	Zephos	1163.91	142.00	176.0	16	6	road	village_ES2_4#4651a42a	R	1	1	13.9	village_ES2_4#1f766818	village_ES2_4#1f766818,village_ES2_4#9f841a3a,village_ES2_4#e094f61c,village_ES2_4#658701e4	-4.0	1.30	0.70	5657
2074	village_ES2_4	Wasion	1174.94	144.25	16.9	16	2	road	village_ES2_4#9f841a3a	R	1	1	7.8	village_ES2_4#e094f61c	village_ES2_4#1f766818,village_ES2_4#e094f61c,village_ES2_4#4651a42a,village_ES2_4#658701e4	16.9	1.30	0.70	2240
2075	village_ES2_4	Ryolaena	1170.16	146.99	6.2	16	3	road	village_ES2_4#1f766818	R	-1	1	9.1	village_ES2_4#9f841a3a	village_ES2_4#9f841a3a,village_ES2_4#e094f61c,village_ES2_4#4651a42a,village_ES2_4#658701e4	-173.8	1.30	0.70	5007
2076	village_ES2_4	Orangefield	1186.78	153.08	8.5	16	4	road	village_ES2_4#eb188837	R	1	1	11.3	-	village_ES2_4#6584c028,village_ES2_4#e597bc91,village_ES2_4#86e02a6f,village_ES2_4#886ff8f4	-171.5	1.30	0.70	5783
2077	village_ES2_4	Dosagyr	1192.49	153.82	13.8	16	5	road	village_ES2_4#6584c028	R	1	1	12.1	village_ES2_4#eb188837	village_ES2_4#eb188837,village_ES2_4#e597bc91,village_ES2_4#86e02a6f,village_ES2_4#886ff8f4	-166.2	1.30	0.70	5781
2078	village_ES2_4	Droquo	1197.10	156.10	22.0	16	8	road	village_ES2_4#e597bc91	R	1	1	15.3	village_ES2_4#6584c028	village_ES2_4#6584c028,village_ES2_4#86e02a6f,village_ES2_4#eb188837,village_ES2_4#886ff8f4	-158.0	1.30	0.70	5779
2079	village_ES2_4	Volon Alinohe	1202.22	159.43	53.5	16	9	road	village_ES2_4#86e02a6f	R	1	1	19.1	village_ES2_4#e597bc91	village_ES2_4#e597bc91,village_ES2_4#6584c028,village_ES2_4#eb188837,village_ES2_4#886ff8f4	-126.5	1.30	0.70	5779
2080	village_ES2_4	Aleni Vonaro	1171.27	137.24	173.4	16	7	coast	village_ES2_4#602c3910	R	1	1	14.9	-	village_ES2_4#e094f61c,village_ES2_4#658701e4,village_ES2_4#9f841a3a,village_ES2_4#1f766818	173.4	1.30	0.70	5657
2081	village_ES2_4	Avarys	1191.94	143.03	23.1	16	1	coast	village_ES2_4#658701e4	R	1	1	7.3	-	village_ES2_4#e094f61c,village_ES2_4#9f841a3a,village_ES2_4#1f766818,village_ES2_4#eb188837	-156.9	1.30	0.70	5658
2082	village_ES2_4	Alintemnos	1204.50	151.50	22.8	8	10	field	village_ES2_4#886ff8f4	F	0	1	20.4	village_ES2_4#e597bc91	village_ES2_4#e597bc91,village_ES2_4#6584c028,village_ES2_4#86e02a6f,village_ES2_4#eb188837	22.8	1.30	0.70	2239
2083	village_ES3_1	Alelys	1080.77	138.50	120.2	27	0	crossroad	village_ES3_1#e377bc89	H	0	2	15.0	-	village_ES3_1#11ef7d3d	-59.8	1.30	0.70	4599
2084	village_ES3_1	Akimnos	1078.59	144.10	109.8	16	1	road	village_ES3_1#11ef7d3d	R	1	1	18.3	-	village_ES3_1#e377bc89	-70.2	1.30	0.70	4599
2085	village_ES3_2	Akynirys	1092.60	126.25	119.6	27	1	crossroad	village_ES3_2#60eb378e	H	0	2	13.7	village_ES3_2#60eb3af4	village_ES3_2#60eb3af4,village_ES3_2#27d3af04,village_ES3_2#4a85b888	-60.4	1.30	0.70	6453
2086	village_ES3_2	Vantis	1092.81	120.28	42.8	16	0	road	village_ES3_2#60eb3af4	R	-1	1	13.3	-	village_ES3_2#60eb378e,village_ES3_2#27d3af04,village_ES3_2#4a85b888	42.8	1.30	0.70	6453
2087	village_ES3_2	Dolhoni	1087.21	130.38	144.2	16	3	road	village_ES3_2#27d3af04	R	-1	1	20.3	village_ES3_2#60eb378e	village_ES3_2#60eb378e,village_ES3_2#60eb3af4,village_ES3_2#4a85b888	-35.8	1.30	0.70	6447
2088	village_ES3_2	Ryogyr	1090.11	108.89	11.8	16	2	coast	village_ES3_2#4a85b888	R	1	1	17.0	-	village_ES3_2#60eb3af4,village_ES3_2#60eb378e,village_ES3_2#27d3af04	-168.2	1.30	0.70	6451
2089	village_ES3_3	Noyrodar	1135.43	134.02	100.5	27	6	bridge	village_ES3_3#0b1d8d33	H	0	2	17.2	village_ES3_3#8dadb900	village_ES3_3#8dadb900,village_ES3_3#6dc3b4f3,village_ES3_3#8db0cd70,village_ES3_3#2965f474	-79.5	1.30	0.70	6445
2090	village_ES3_3	Saphos	1120.77	127.76	169.8	27	3	crossroad	village_ES3_3#6dc3b4f3	H	0	2	10.4	village_ES3_3#8dadb900	village_ES3_3#8db0cd70,village_ES3_3#8dadb900,village_ES3_3#0b1d8d33,village_ES3_3#2965f474	-10.2	1.30	0.70	6458
2091	village_ES3_3	Sarrivea	1126.10	122.37	134.2	16	0	road	village_ES3_3#8dadb900	R	-1	1	5.5	-	village_ES3_3#6dc3b4f3,village_ES3_3#8db0cd70,village_ES3_3#0b1d8d33,village_ES3_3#2965f474	-45.8	1.30	0.70	6456
2092	village_ES3_3	Tesar	1125.97	134.97	24.5	16	5	road	village_ES3_3#8db0cd70	R	1	1	12.5	village_ES3_3#6dc3b4f3	village_ES3_3#6dc3b4f3,village_ES3_3#8dadb900,village_ES3_3#0b1d8d33,village_ES3_3#2965f474	-155.5	1.30	0.70	6457
2093	village_ES3_3	Orangegrove	1123.19	114.25	179.2	16	4	coast	village_ES3_3#f9ff3006	R	1	1	11.7	-	village_ES3_3#8dadb900,village_ES3_3#2965f474,village_ES3_3#2965f2c1,village_ES3_3#6dc3b4f3	179.2	1.30	0.70	6449
2094	village_ES3_3	Panoleo	1136.45	121.42	85.5	16	1	coast	village_ES3_3#2965f474	R	1	1	6.5	-	village_ES3_3#2965f2c1,village_ES3_3#8dadb900,village_ES3_3#6dc3b4f3,village_ES3_3#f9ff3006	-94.5	1.30	0.70	6448
2095	village_ES3_3	Alilhone	1135.65	126.47	84.8	16	2	coast	village_ES3_3#2965f2c1	R	1	1	9.6	village_ES3_3#2965f474	village_ES3_3#2965f474,village_ES3_3#8dadb900,village_ES3_3#6dc3b4f3,village_ES3_3#f9ff3006	-95.2	1.30	0.70	6437
2096	village_ES4_1	Ryorcohal	1071.79	177.11	92.1	27	17	bridge	village_ES4_1#165920a1	H	0	2	27.4	village_ES4_1#23f390c6	village_ES4_1#23f390c6,village_ES4_1#83ac463a,village_ES4_1#9924d6a5,village_ES4_1#5a017deb	-87.9	1.30	0.70	6468
2097	village_ES4_1	Maenogyr	1066.77	170.24	13.8	27	13	crossroad	village_ES4_1#2418e52e	H	0	2	20.9	village_ES4_1#529f6a58	village_ES4_1#529f6a58,village_ES4_1#695c6adb,village_ES4_1#b6191a3f,village_ES4_1#5a017deb	-166.2	1.30	0.70	6471
2098	village_ES4_1	Avantegyr	1046.17	188.87	101.0	27	0	crossroad	village_ES4_1#5a017deb	H	0	2	4.2	-	village_ES4_1#b6191a3f,village_ES4_1#77decfa8,village_ES4_1#695c6adb,village_ES4_1#7d0cdf41	-79.0	1.30	0.70	6464
2099	village_ES4_1	Avarcontis	1051.57	177.02	71.0	27	3	crossroad	village_ES4_1#695c6adb	H	0	2	10.6	village_ES4_1#b6191a3f	village_ES4_1#b6191a3f,village_ES4_1#529f6a58,village_ES4_1#5a017deb,village_ES4_1#2418e52e	-109.0	1.30	0.70	6466
2100	village_ES4_1	Lagaka	1040.60	193.86	132.6	16	2	road	village_ES4_1#77decfa8	R	-1	1	8.7	village_ES4_1#5a017deb	village_ES4_1#7d0cdf41,village_ES4_1#c15adc9e,village_ES4_1#5a017deb,village_ES4_1#a1d84e19	-47.4	1.30	0.70	4359
2101	village_ES4_1	Orangerock	1036.94	198.26	157.1	16	4	road	village_ES4_1#7d0cdf41	R	-1	1	11.2	village_ES4_1#77decfa8	village_ES4_1#c15adc9e,village_ES4_1#77decfa8,village_ES4_1#a1d84e19,village_ES4_1#5a017deb	-22.9	1.30	0.70	4359
2102	village_ES4_1	Basyr	1034.01	202.46	138.1	16	7	road	village_ES4_1#c15adc9e	R	-1	1	12.5	village_ES4_1#7d0cdf41	village_ES4_1#7d0cdf41,village_ES4_1#a1d84e19,village_ES4_1#77decfa8,village_ES4_1#271bbdeb	-41.9	1.30	0.70	4359
2103	village_ES4_1	Rhyonsys	1030.72	206.48	114.3	16	10	road	village_ES4_1#a1d84e19	R	-1	1	16.1	village_ES4_1#c15adc9e	village_ES4_1#271bbdeb,village_ES4_1#c15adc9e,village_ES4_1#7d0cdf41,village_ES4_1#7ecdd075	-65.7	1.30	0.70	4398
2104	village_ES4_1	Teros	1028.01	210.78	118.7	16	12	road	village_ES4_1#271bbdeb	R	-1	1	18.5	village_ES4_1#a1d84e19	village_ES4_1#a1d84e19,village_ES4_1#c15adc9e,village_ES4_1#7d0cdf41,village_ES4_1#7ecdd075	-61.3	1.30	0.70	4398
2105	village_ES4_1	Santene	1053.64	183.69	112.6	16	1	road	village_ES4_1#b6191a3f	R	1	1	7.9	village_ES4_1#5a017deb	village_ES4_1#695c6adb,village_ES4_1#5a017deb,village_ES4_1#529f6a58,village_ES4_1#77decfa8	112.6	1.30	0.70	6466
2106	village_ES4_1	Gogyr	1058.47	177.91	150.8	16	8	road	village_ES4_1#529f6a58	R	1	1	14.1	village_ES4_1#695c6adb	village_ES4_1#695c6adb,village_ES4_1#b6191a3f,village_ES4_1#2418e52e,village_ES4_1#5a017deb	150.8	1.30	0.70	6467
2107	village_ES4_1	Avagyr	1067.11	181.17	119.6	16	14	river	village_ES4_1#23f390c6	R	-1	1	21.5	village_ES4_1#83ac463a	village_ES4_1#83ac463a,village_ES4_1#165920a1,village_ES4_1#9924d6a5,village_ES4_1#5a017deb	-60.4	1.30	0.70	6468
2108	village_ES4_1	Telyhal	1064.91	186.79	110.6	16	11	river	village_ES4_1#83ac463a	R	-1	1	16.2	village_ES4_1#9924d6a5	village_ES4_1#9924d6a5,village_ES4_1#23f390c6,village_ES4_1#165920a1,village_ES4_1#5a017deb	-69.4	1.30	0.70	6461
2109	village_ES4_1	Avarion	1062.55	192.97	111.3	16	5	river	village_ES4_1#9924d6a5	R	-1	1	11.6	-	village_ES4_1#83ac463a,village_ES4_1#23f390c6,village_ES4_1#165920a1,village_ES4_1#5a017deb	-68.7	1.30	0.70	6465
2110	village_ES4_1	Malyntis	1061.57	198.35	90.5	16	6	river	village_ES4_1#a3d5f01b	R	-1	1	12.1	-	village_ES4_1#89a03b20,village_ES4_1#5a017deb,village_ES4_1#b6191a3f,village_ES4_1#77decfa8	-89.5	1.30	0.70	6465
2111	village_ES4_1	Lasyr	1062.69	203.71	79.9	16	9	river	village_ES4_1#89a03b20	R	-1	1	15.2	village_ES4_1#a3d5f01b	village_ES4_1#a3d5f01b,village_ES4_1#5a017deb,village_ES4_1#b6191a3f,village_ES4_1#77decfa8	-100.1	1.30	0.70	6465
2112	village_ES4_1	Noylyps	1047.54	214.12	13.7	16	15	river	village_ES4_1#7438ea4a	R	-1	1	22.9	-	village_ES4_1#5a017deb,village_ES4_1#b6191a3f,village_ES4_1#77decfa8,village_ES4_1#695c6adb	13.7	1.30	0.70	6463
2113	village_ES4_1	Rhyonsar	1039.95	214.66	152.5	16	16	river	village_ES4_1#7ecdd075	R	-1	1	23.4	village_ES4_1#a1d84e19	village_ES4_1#a1d84e19,village_ES4_1#271bbdeb,village_ES4_1#c15adc9e,village_ES4_1#7d0cdf41	-27.5	1.30	0.70	4311
2114	village_ES4_2	Akyleo	1039.41	176.75	8.1	16	0	road	village_ES4_2#063e6caf	R	1	1	3.9	-	village_ES4_2#a1ed9f9d	-171.9	1.30	0.70	4312
2115	village_ES4_2	Aleni Calasar	1045.36	177.50	4.6	16	1	road	village_ES4_2#a1ed9f9d	R	1	1	7.2	village_ES4_2#063e6caf	village_ES4_2#063e6caf	-175.4	1.30	0.70	6466
2116	village_ES4_3	Narastea	1057.77	170.50	116.1	27	3	crossroad	village_ES4_3#f82fb526	H	0	2	11.9	village_ES4_3#38f937b8	village_ES4_3#38f937b8,village_ES4_3#bc9a47f2,village_ES4_3#68f0199b	-63.9	1.30	0.70	4605
2117	village_ES4_3	Kryrtusar	1045.58	161.10	45.6	16	0	road	village_ES4_3#68f0199b	R	1	1	5.7	-	village_ES4_3#bc9a47f2,village_ES4_3#38f937b8,village_ES4_3#f82fb526	-134.4	1.30	0.70	4360
2118	village_ES4_3	Maquo	1054.51	164.03	47.8	16	2	road	village_ES4_3#38f937b8	R	-1	1	9.4	village_ES4_3#bc9a47f2	village_ES4_3#bc9a47f2,village_ES4_3#f82fb526,village_ES4_3#68f0199b	47.8	1.30	0.70	4605
2119	village_ES4_3	Akinossos	1049.21	164.54	47.7	16	1	road	village_ES4_3#bc9a47f2	R	1	1	7.4	village_ES4_3#68f0199b	village_ES4_3#68f0199b,village_ES4_3#38f937b8,village_ES4_3#f82fb526	-132.3	1.30	0.70	4605
2120	village_ES5_1	Maehal	1082.50	255.05	92.0	16	2	road	village_ES5_1#8ee4c65e	R	1	1	17.8	village_ES5_1#115341d0	village_ES5_1#115341d0,village_ES5_1#f1e443b1	92.0	1.30	0.70	7411
2121	village_ES5_1	Avaniro	1097.66	245.77	15.6	16	1	road	village_ES5_1#f1e443b1	R	-1	1	6.6	-	village_ES5_1#115341d0,village_ES5_1#8ee4c65e	15.6	1.30	0.70	7353
2122	village_ES5_1	Tentelyps	1092.16	247.09	19.6	16	0	road	village_ES5_1#115341d0	R	-1	1	5.3	-	village_ES5_1#f1e443b1,village_ES5_1#8ee4c65e	19.6	1.30	0.70	6972
2123	village_ES5_2	Vosesar	1051.76	229.34	141.1	16	0	road	village_ES5_2#f4538a0f	R	-1	1	6.3	-	village_ES5_2#e0d851dd,village_ES5_2#f455cd7e,village_ES5_2#f315f6b8,village_ES5_2#f315ee39	-38.9	1.30	0.70	7403
2124	village_ES5_2	Drontis	1052.00	234.65	139.7	16	1	road	village_ES5_2#f455cd7e	R	1	1	6.3	-	village_ES5_2#f4538a0f,village_ES5_2#f315f6b8,village_ES5_2#f315ee39,village_ES5_2#bd481ea2	139.7	1.30	0.70	7403
2125	village_ES5_2	Drogora	1049.96	220.89	13.0	16	7	river	village_ES5_2#e0d851dd	R	1	1	16.4	village_ES5_2#f4538a0f	village_ES5_2#f4538a0f,village_ES5_2#f455cd7e,village_ES5_2#f315f6b8,village_ES5_2#f315ee39	-167.0	1.30	0.70	7336
2126	village_ES5_2	Vartulon	1045.04	221.72	169.8	16	6	river	village_ES5_2#977d0bd2	R	1	1	15.9	-	village_ES5_2#f4538a0f,village_ES5_2#f455cd7e,village_ES5_2#f315f6b8,village_ES5_2#f315ee39	169.8	1.30	0.70	6988
2127	village_ES5_2	Whitebend	1038.49	223.95	154.4	16	5	river	village_ES5_2#885d0d08	R	1	1	15.8	-	village_ES5_2#f4538a0f,village_ES5_2#f455cd7e,village_ES5_2#f315f6b8,village_ES5_2#f315ee39	154.4	1.30	0.70	6988
2128	village_ES5_2	Marro	1032.99	233.18	101.3	16	3	river	village_ES5_2#f315ee39	R	1	1	13.6	-	village_ES5_2#f4538a0f,village_ES5_2#f455cd7e,village_ES5_2#f315f6b8,village_ES5_2#bd481ea2	101.3	1.30	0.70	6989
2129	village_ES5_2	Nyedar	1032.69	238.14	102.2	16	2	river	village_ES5_2#f315f6b8	R	1	1	13.2	-	village_ES5_2#f4538a0f,village_ES5_2#f455cd7e,village_ES5_2#f315ee39,village_ES5_2#bd481ea2	102.2	1.30	0.70	7338
2130	village_ES5_2	Maegoka	1036.77	247.31	49.9	16	4	river	village_ES5_2#bd481ea2	R	1	1	14.7	-	village_ES5_2#f4538a0f,village_ES5_2#f455cd7e,village_ES5_2#f315f6b8,village_ES5_2#f315ee39	49.9	1.30	0.70	7338
2131	village_ES5_3	Volon Avarro	1077.46	211.29	47.9	16	9	road	village_ES5_3#09e3c2a4	R	1	1	15.2	village_ES5_3#0bf08cbe	village_ES5_3#b29a907e,village_ES5_3#0bf08cbe,village_ES5_3#0b72e769,village_ES5_3#9d7e26f7	-132.1	1.30	0.70	7398
2132	village_ES5_3	Tegorhoy	1082.50	213.20	92.6	16	12	road	village_ES5_3#b29a907e	R	-1	1	19.0	village_ES5_3#09e3c2a4	village_ES5_3#09e3c2a4,village_ES5_3#0bf08cbe,village_ES5_3#0b72e769,village_ES5_3#9d7e26f7	92.6	1.30	0.70	7398
2133	village_ES5_3	Wasys	1082.50	222.70	91.1	16	10	road	village_ES5_3#b29220c9	R	-1	1	15.6	village_ES5_3#0b72e769	village_ES5_3#0b72e769,village_ES5_3#0bf08cbe,village_ES5_3#fb4764cc,village_ES5_3#9d7e26f7	91.1	1.30	0.70	7399
2134	village_ES5_3	Akysion	1082.50	227.70	86.5	16	8	road	village_ES5_3#b2922948	R	-1	1	13.7	village_ES5_3#0b72e769	village_ES5_3#0b72e769,village_ES5_3#0bf08cbe,village_ES5_3#fb4764cc,village_ES5_3#9d7e26f7	86.5	1.30	0.70	7351
2135	village_ES5_3	Krygara	1078.50	234.20	91.7	16	2	road	village_ES5_3#95b15418	R	1	1	9.8	-	village_ES5_3#0b72e769,village_ES5_3#0bf08cbe,village_ES5_3#fb4764cc,village_ES5_3#9d7e26f7	-88.3	1.30	0.70	7400
2136	village_ES5_3	Goldenstone	1079.94	240.47	46.1	16	6	road	village_ES5_3#1193e710	R	1	1	13.3	-	village_ES5_3#dbb5102d,village_ES5_3#0b72e769,village_ES5_3#0bf08cbe,village_ES5_3#95b15418	-133.9	1.30	0.70	7409
2137	village_ES5_3	Rhyonsion	1083.47	244.01	48.6	16	13	road	village_ES5_3#dbb5102d	R	1	1	19.3	village_ES5_3#1193e710	village_ES5_3#1193e710,village_ES5_3#0b72e769,village_ES5_3#0bf08cbe,village_ES5_3#95b15418	-131.4	1.30	0.70	7409
2138	village_ES5_3	Nyenasar	1071.15	219.90	123.7	16	1	road	village_ES5_3#0bf08cbe	R	1	1	7.6	village_ES5_3#0b72e769	village_ES5_3#0b72e769,village_ES5_3#9d7e26f7,village_ES5_3#fb4764cc,village_ES5_3#09e3c2a4	123.7	1.30	0.70	7335
2139	village_ES5_3	Valasion	1077.50	218.00	85.8	16	7	road	village_ES5_3#95b7652e	R	1	1	13.3	village_ES5_3#0b72e769	village_ES5_3#0b72e769,village_ES5_3#0bf08cbe,village_ES5_3#fb4764cc,village_ES5_3#9d7e26f7	85.8	1.30	0.70	7399
2140	village_ES5_3	Akyssos	1072.50	226.50	85.8	16	0	road	village_ES5_3#0b72e769	R	-1	1	5.1	-	village_ES5_3#0bf08cbe,village_ES5_3#fb4764cc,village_ES5_3#9d7e26f7,village_ES5_3#fadd4911	-94.2	1.30	0.70	7399
2141	village_ES5_3	Sesyr	1067.61	213.71	99.4	16	4	river	village_ES5_3#9d7e26f7	R	1	1	12.1	village_ES5_3#0bf08cbe	village_ES5_3#0bf08cbe,village_ES5_3#0b72e769,village_ES5_3#fb4764cc,village_ES5_3#09e3c2a4	99.4	1.30	0.70	6986
2142	village_ES5_3	Drolaelys	1064.45	220.03	146.9	16	3	river	village_ES5_3#fb4764cc	R	1	1	10.0	village_ES5_3#0b72e769	village_ES5_3#fadd4911,village_ES5_3#0b72e769,village_ES5_3#6093d5ca,village_ES5_3#0bf08cbe	146.9	1.30	0.70	7335
2143	village_ES5_3	Akilyni	1055.20	222.12	10.4	16	11	river	village_ES5_3#6093d5ca	R	1	1	16.9	village_ES5_3#fadd4911	village_ES5_3#fadd4911,village_ES5_3#fb4764cc,village_ES5_3#0b72e769,village_ES5_3#0bf08cbe	-169.6	1.30	0.70	7336
2144	village_ES5_3	Sarrion	1060.20	222.87	175.0	16	5	river	village_ES5_3#fadd4911	R	1	1	12.4	village_ES5_3#fb4764cc	village_ES5_3#fb4764cc,village_ES5_3#6093d5ca,village_ES5_3#0b72e769,village_ES5_3#0bf08cbe	175.0	1.30	0.70	6987
2145	village_ES6_1	Carvanis	1164.41	396.29	120.2	27	5	bridge	village_ES6_1#0a0936b0	H	0	2	12.4	village_ES6_1#d9ed6b6d	village_ES6_1#d9ed6b6d,village_ES6_1#68bfdbe4,village_ES6_1#96c072f8,village_ES6_1#dd4ffde1	-59.8	1.30	0.70	7500
2146	village_ES6_1	Qodonys	1147.34	397.41	160.2	16	0	road	village_ES6_1#96c072f8	R	-1	1	3.9	-	village_ES6_1#68bfdbe4,village_ES6_1#d9ed6b6d,village_ES6_1#0a0936b0,village_ES6_1#594b1b8c	-19.8	1.30	0.70	7444
2147	village_ES6_1	Qhoytrena	1159.09	398.82	167.0	16	3	river	village_ES6_1#d9ed6b6d	R	1	1	9.9	village_ES6_1#68bfdbe4	village_ES6_1#0a0936b0,village_ES6_1#68bfdbe4,village_ES6_1#96c072f8,village_ES6_1#594b1b8c	-13.0	1.30	0.70	7498
2148	village_ES6_1	Magar	1152.31	400.85	151.3	16	1	river	village_ES6_1#68bfdbe4	R	1	1	7.2	village_ES6_1#96c072f8	village_ES6_1#d9ed6b6d,village_ES6_1#96c072f8,village_ES6_1#0a0936b0,village_ES6_1#594b1b8c	-28.7	1.30	0.70	7444
2149	village_ES6_1	Tynnis	1152.69	407.41	149.3	16	7	river	village_ES6_1#dd4ffde1	R	-1	1	30.2	village_ES6_1#0a0936b0	village_ES6_1#0a0936b0,village_ES6_1#d9ed6b6d,village_ES6_1#68bfdbe4,village_ES6_1#96c072f8	149.3	1.30	0.70	6920
2150	village_ES6_1	Docorgoil	1139.93	408.20	148.8	16	2	river	village_ES6_1#594b1b8c	R	1	1	8.4	-	village_ES6_1#4948c1bd,village_ES6_1#5e0e19bb,village_ES6_1#96c072f8,village_ES6_1#68bfdbe4	-31.2	1.30	0.70	7497
2151	village_ES6_1	Spotrero	1126.48	408.64	57.3	16	6	river	village_ES6_1#5e0e19bb	R	1	1	20.0	village_ES6_1#594b1b8c	village_ES6_1#594b1b8c,village_ES6_1#4948c1bd,village_ES6_1#96c072f8,village_ES6_1#68bfdbe4	57.3	1.30	0.70	7496
2152	village_ES6_1	Marhana	1134.89	409.86	159.5	16	4	river	village_ES6_1#4948c1bd	R	1	1	11.9	village_ES6_1#594b1b8c	village_ES6_1#594b1b8c,village_ES6_1#5e0e19bb,village_ES6_1#96c072f8,village_ES6_1#68bfdbe4	-20.5	1.30	0.70	7443
2153	village_ES6_2	Gavehor	1184.66	420.94	79.7	16	3	river	village_ES6_2#441fa949	R	1	1	39.5	-	village_ES6_2#1c1131a0,village_ES6_2#c7f889ae,village_ES6_2#02f186f6,village_ES6_2#2f541946	79.7	1.30	0.70	7502
2154	village_ES6_2	Motinys	1186.28	429.55	75.5	16	4	river	village_ES6_2#2f541946	R	1	1	44.7	-	village_ES6_2#1c1131a0,village_ES6_2#c7f889ae,village_ES6_2#02f186f6,village_ES6_2#441fa949	75.5	1.30	0.70	7502
2155	village_ES6_2	Vahor	1194.96	433.78	6.3	16	2	river	village_ES6_2#02f186f6	R	1	1	33.8	-	village_ES6_2#1c1131a0,village_ES6_2#c7f889ae,village_ES6_2#441fa949,village_ES6_2#2f541946	6.3	1.30	0.70	7447
2156	village_ES6_2	Noyldodar	1199.72	435.29	179.8	16	1	river	village_ES6_2#c7f889ae	R	1	1	26.8	-	village_ES6_2#1c1131a0,village_ES6_2#02f186f6,village_ES6_2#441fa949,village_ES6_2#2f541946	-0.2	1.30	0.70	7503
2157	village_ES6_2	Noynys	1209.22	436.15	18.7	16	0	river	village_ES6_2#1c1131a0	R	1	1	20.3	-	village_ES6_2#c7f889ae,village_ES6_2#02f186f6,village_ES6_2#441fa949,village_ES6_2#2f541946	18.7	1.30	0.70	7448
2158	village_ES6_3	Rhobrel	1191.75	440.79	3.3	16	3	river	village_ES6_3#24bfda66	R	-1	1	17.4	-	village_ES6_3#b467d5b9,village_ES6_3#1868f223,village_ES6_3#06ab86f7,village_ES6_3#22c62e29	-176.7	1.30	0.70	6924
2159	village_ES6_3	Menis	1203.60	441.71	4.3	16	0	river	village_ES6_3#b467d5b9	R	-1	1	13.7	-	village_ES6_3#1868f223,village_ES6_3#06ab86f7,village_ES6_3#24bfda66,village_ES6_3#22c62e29	-175.7	1.30	0.70	7203
2160	village_ES6_3	Mobrel	1212.59	447.73	51.4	16	1	river	village_ES6_3#1868f223	R	-1	1	14.4	-	village_ES6_3#06ab86f7,village_ES6_3#22c62e29,village_ES6_3#b467d5b9,village_ES6_3#24bfda66	-128.6	1.30	0.70	7203
2161	village_ES6_3	Varhahor	1215.69	451.54	62.6	16	2	river	village_ES6_3#06ab86f7	R	-1	1	16.3	village_ES6_3#1868f223	village_ES6_3#1868f223,village_ES6_3#22c62e29,village_ES6_3#b467d5b9,village_ES6_3#24bfda66	-117.4	1.30	0.70	6925
2162	village_ES6_3	Tyrhagar	1218.44	455.85	59.2	16	4	river	village_ES6_3#22c62e29	R	-1	1	20.7	village_ES6_3#06ab86f7	village_ES6_3#06ab86f7,village_ES6_3#1868f223,village_ES6_3#b467d5b9,village_ES6_3#24bfda66	-120.8	1.30	0.70	6925
2163	village_ES6_3	Qygori	1222.74	460.94	43.6	16	5	river	village_ES6_3#82a998c9	R	-1	1	27.6	-	village_ES6_3#6b9e3d0e,village_ES6_3#b467d5b9,village_ES6_3#1868f223,village_ES6_3#06ab86f7	-136.4	1.30	0.70	7057
2164	village_ES6_3	Noytrys	1226.89	463.74	33.8	16	6	river	village_ES6_3#6b9e3d0e	R	-1	1	33.1	village_ES6_3#82a998c9	village_ES6_3#82a998c9,village_ES6_3#b467d5b9,village_ES6_3#1868f223,village_ES6_3#06ab86f7	-146.2	1.30	0.70	7057
2165	village_ES7_1	Willowbridge	446.77	249.50	55.5	27	1	bridge	village_ES7_1#f73f6efb	H	0	2	6.4	village_ES7_1#f78c3daa	village_ES7_1#f78c3daa,village_ES7_1#0d43b060,village_ES7_1#863aca6b,village_ES7_1#68336ffe	-124.5	1.30	0.70	4805
2166	village_ES7_1	Berryham	424.80	266.15	27.2	16	4	road	village_ES7_1#68336ffe	R	1	1	18.3	village_ES7_1#863aca6b	village_ES7_1#863aca6b,village_ES7_1#0d43b060,village_ES7_1#f78c3daa,village_ES7_1#f73f6efb	27.2	1.30	0.70	5203
2167	village_ES7_1	Fiddler's Rest	425.43	272.40	56.0	16	5	road	village_ES7_1#68368987	R	-1	1	19.6	-	village_ES7_1#f78c3daa,village_ES7_1#f73f6efb,village_ES7_1#0d43b060,village_ES7_1#863aca6b	-124.0	1.30	0.70	5203
2168	village_ES7_1	Hazelbrook	443.58	254.35	135.5	16	0	river	village_ES7_1#f78c3daa	R	-1	1	3.6	-	village_ES7_1#f73f6efb,village_ES7_1#0d43b060,village_ES7_1#863aca6b,village_ES7_1#68336ffe	135.5	1.30	0.70	5205
2169	village_ES7_1	Brightdale	432.89	257.55	163.8	16	2	river	village_ES7_1#0d43b060	R	-1	1	7.0	-	village_ES7_1#863aca6b,village_ES7_1#f78c3daa,village_ES7_1#68336ffe,village_ES7_1#f73f6efb	163.8	1.30	0.70	4818
2170	village_ES7_1	Sweet Weir	429.41	260.86	7.2	16	3	river	village_ES7_1#863aca6b	R	-1	1	10.2	village_ES7_1#0d43b060	village_ES7_1#0d43b060,village_ES7_1#68336ffe,village_ES7_1#f78c3daa,village_ES7_1#f73f6efb	-172.8	1.30	0.70	4820
2171	village_ES7_2	Cloverbridge	426.02	278.13	41.1	27	10	bridge	village_ES7_2#e6fca951	H	0	2	14.1	village_ES7_2#1be4bc92	village_ES7_2#1be4bc92,village_ES7_2#edc35f83,village_ES7_2#c2f819f2,village_ES7_2#4014d397	41.1	1.30	0.70	4724
2172	village_ES7_2	Vinecross	443.92	286.95	147.7	27	0	crossroad	village_ES7_2#4014d397	H	0	2	4.4	-	village_ES7_2#de16176a,village_ES7_2#1255670f,village_ES7_2#395b9d5c,village_ES7_2#22f30ff5	147.7	1.30	0.70	4797
2173	village_ES7_2	Meadcross	429.28	283.02	4.0	16	8	road	village_ES7_2#1be4bc92	R	-1	1	12.2	village_ES7_2#edc35f83	village_ES7_2#e6fca951,village_ES7_2#edc35f83,village_ES7_2#c2f819f2,village_ES7_2#4014d397	-176.0	1.30	0.70	5437
2174	village_ES7_2	Briarfield	434.95	279.44	8.2	16	6	road	village_ES7_2#c2f819f2	R	-1	1	10.2	village_ES7_2#edc35f83	village_ES7_2#edc35f83,village_ES7_2#1be4bc92,village_ES7_2#e6fca951,village_ES7_2#4014d397	8.2	1.30	0.70	4796
2175	village_ES7_2	Beebrook	441.33	280.72	6.8	16	3	road	village_ES7_2#de16176a	R	-1	1	7.5	village_ES7_2#4014d397	village_ES7_2#4014d397,village_ES7_2#1255670f,village_ES7_2#395b9d5c,village_ES7_2#22f30ff5	6.8	1.30	0.70	2166
2176	village_ES7_2	Hayton	436.91	284.93	13.6	16	2	road	village_ES7_2#edc35f83	R	1	1	6.4	-	village_ES7_2#c2f819f2,village_ES7_2#1be4bc92,village_ES7_2#e6fca951,village_ES7_2#4014d397	-166.4	1.30	0.70	5210
2177	village_ES7_2	Applewold	448.30	282.80	10.4	16	5	road	village_ES7_2#1255670f	R	-1	1	8.4	village_ES7_2#4014d397	village_ES7_2#395b9d5c,village_ES7_2#4014d397,village_ES7_2#22f30ff5,village_ES7_2#ee6e8583	10.4	1.30	0.70	2166
2178	village_ES7_2	Hazelworth	455.44	286.79	26.5	16	9	road	village_ES7_2#22f30ff5	R	-1	1	12.6	village_ES7_2#395b9d5c	village_ES7_2#395b9d5c,village_ES7_2#22a016e7,village_ES7_2#1255670f,village_ES7_2#a06c55cf	26.5	1.30	0.70	5211
2179	village_ES7_2	Sunton	450.06	289.44	34.8	16	7	road	village_ES7_2#395b9d5c	R	1	1	10.3	village_ES7_2#1255670f	village_ES7_2#1255670f,village_ES7_2#22f30ff5,village_ES7_2#ee6e8583,village_ES7_2#4014d397	-145.2	1.30	0.70	5211
2180	village_ES7_2	Berryhollow	467.26	294.16	30.5	16	14	road	village_ES7_2#c8f68a28	R	-1	1	20.3	village_ES7_2#a06c55cf	village_ES7_2#a06c55cf,village_ES7_2#22f30ff5,village_ES7_2#395b9d5c,village_ES7_2#22a016e7	30.5	1.30	0.70	4798
2181	village_ES7_2	Rosegrove	455.77	295.44	55.8	16	12	road	village_ES7_2#22a016e7	R	1	1	16.4	village_ES7_2#22f30ff5	village_ES7_2#22f30ff5,village_ES7_2#f3aef07c,village_ES7_2#395b9d5c,village_ES7_2#1255670f	-124.2	1.30	0.70	5211
2182	village_ES7_2	Fairmead	462.09	297.84	19.5	16	13	road	village_ES7_2#a06c55cf	R	1	1	17.8	village_ES7_2#22f30ff5	village_ES7_2#c8f68a28,village_ES7_2#22f30ff5,village_ES7_2#395b9d5c,village_ES7_2#22a016e7	-160.5	1.30	0.70	4798
2183	village_ES7_2	Bluepool	450.51	295.72	6.2	16	11	river	village_ES7_2#ee6e8583	R	1	1	14.4	village_ES7_2#395b9d5c	village_ES7_2#395b9d5c,village_ES7_2#1255670f,village_ES7_2#22f30ff5,village_ES7_2#4014d397	6.2	1.30	0.70	5211
2184	village_ES7_2	Lilymill	426.18	295.78	41.6	16	16	river	village_ES7_2#e7250491	R	-1	1	57.3	village_ES7_2#e6fca951	village_ES7_2#ec3a9e3d,village_ES7_2#c83419ed,village_ES7_2#e6fca951,village_ES7_2#1be4bc92	-138.4	1.30	0.70	5196
2185	village_ES7_2	Mander Weir	430.40	297.33	33.1	16	17	river	village_ES7_2#ec3a9e3d	R	-1	1	61.3	village_ES7_2#e7250491	village_ES7_2#e7250491,village_ES7_2#c83419ed,village_ES7_2#e6fca951,village_ES7_2#1be4bc92	-146.9	1.30	0.70	5436
2186	village_ES7_2	Barleyvale	434.75	299.71	26.1	16	18	river	village_ES7_2#c83419ed	R	-1	1	66.5	village_ES7_2#ec3a9e3d	village_ES7_2#ec3a9e3d,village_ES7_2#e7250491,village_ES7_2#e6fca951,village_ES7_2#1be4bc92	-153.9	1.30	0.70	5436
2187	village_ES7_2	Wrenmill	457.92	300.10	44.3	16	15	river	village_ES7_2#f3aef07c	R	1	1	21.2	village_ES7_2#22a016e7	village_ES7_2#22a016e7,village_ES7_2#22f30ff5,village_ES7_2#395b9d5c,village_ES7_2#1255670f	44.3	1.30	0.70	4798
2188	village_ES7_2	Swanmead	432.50	290.50	31.0	8	1	field	village_ES7_2#c37b4f72	F	0	1	5.9	-	village_ES7_2#4014d397,village_ES7_2#edc35f83,village_ES7_2#de16176a,village_ES7_2#4017e13b	31.0	1.30	0.70	5210
2189	village_ES7_2	Heronwell	444.50	294.50	4.4	8	4	field	village_ES7_2#4017e13b	F	0	1	7.6	-	village_ES7_2#4014d397,village_ES7_2#c37b4f72,village_ES7_2#edc35f83,village_ES7_2#de16176a	4.4	1.30	0.70	4797
2190	village_ES7_3	Tinker's Cross	397.99	256.83	176.0	27	7	bridge	village_ES7_3#d2c93981	H	0	2	14.8	village_ES7_3#b3e754d0	village_ES7_3#b3e754d0,village_ES7_3#86fbdcb8,village_ES7_3#d9624289,village_ES7_3#509ef2da	176.0	1.30	0.70	3844
2191	village_ES7_3	Cidermead	409.29	260.41	145.2	27	1	crossroad	village_ES7_3#b3e754d0	H	0	2	6.1	village_ES7_3#86fbdcb8	village_ES7_3#86fbdcb8,village_ES7_3#509ef2da,village_ES7_3#e9eb3d5a,village_ES7_3#c47b529e	-34.8	1.30	0.70	3888
2192	village_ES7_3	Dovewold	420.99	263.52	1.6	16	5	road	village_ES7_3#e9eb3d5a	R	1	1	13.5	village_ES7_3#509ef2da	village_ES7_3#509ef2da,village_ES7_3#b3e754d0,village_ES7_3#86fbdcb8,village_ES7_3#c47b529e	1.6	1.30	0.70	5203
2193	village_ES7_3	Applewell	413.00	266.97	11.6	16	2	road	village_ES7_3#509ef2da	R	-1	1	9.2	village_ES7_3#b3e754d0	village_ES7_3#b3e754d0,village_ES7_3#86fbdcb8,village_ES7_3#e9eb3d5a,village_ES7_3#c47b529e	-168.4	1.30	0.70	5202
2194	village_ES7_3	Thresher's Hollow	414.50	257.41	85.6	16	0	road	village_ES7_3#86fbdcb8	R	1	1	5.6	-	village_ES7_3#b3e754d0,village_ES7_3#509ef2da,village_ES7_3#e9eb3d5a,village_ES7_3#c47b529e	85.6	1.30	0.70	3878
2195	village_ES7_3	Miller's Furrow	416.16	270.51	12.4	16	6	river	village_ES7_3#c47b529e	R	1	1	14.4	village_ES7_3#509ef2da	village_ES7_3#509ef2da,village_ES7_3#b3e754d0,village_ES7_3#86fbdcb8,village_ES7_3#e9eb3d5a	12.4	1.30	0.70	4825
2196	village_ES7_3	Longholt	406.38	270.58	177.3	16	8	river	village_ES7_3#ea4663bb	R	1	1	15.0	village_ES7_3#509ef2da	village_ES7_3#509ef2da,village_ES7_3#b3e754d0,village_ES7_3#86fbdcb8,village_ES7_3#e9eb3d5a	-2.7	1.30	0.70	5202
2197	village_ES7_3	Rosebank	402.68	252.36	132.7	16	4	river	village_ES7_3#6144d527	R	-1	1	10.3	-	village_ES7_3#86fbdcb8,village_ES7_3#b3e754d0,village_ES7_3#509ef2da,village_ES7_3#e9e817ec	132.7	1.30	0.70	3880
2198	village_ES7_3	Millbury	420.73	252.98	29.9	16	3	river	village_ES7_3#e9e817ec	R	-1	1	9.8	-	village_ES7_3#86fbdcb8,village_ES7_3#b3e754d0,village_ES7_3#509ef2da,village_ES7_3#6144d527	-150.1	1.30	0.70	3878
2199	village_ES7_3	Aldermead	389.49	259.81	171.4	16	10	river	village_ES7_3#d9624289	R	-1	1	26.3	village_ES7_3#d2c93981	village_ES7_3#d2c93981,village_ES7_3#b3e754d0,village_ES7_3#86fbdcb8,village_ES7_3#509ef2da	171.4	1.30	0.70	5199
2200	village_ES7_3	Elmbrook	399.50	269.50	6.1	8	9	field	village_ES7_3#d3b0167e	F	0	1	18.9	village_ES7_3#b3e754d0	village_ES7_3#b3e754d0,village_ES7_3#86fbdcb8,village_ES7_3#509ef2da,village_ES7_3#e9eb3d5a	6.1	1.30	0.70	5202
2201	village_EW2_2	Widow's Cross	635.50	211.50	139.4	27	0	crossroad	village_EW2_2#d4b65925	H	0	2	5.8	-	village_EW2_2#f00d658a	139.4	1.30	0.70	3357
2202	village_EW2_2	Crabwell	614.80	201.23	177.9	16	1	coast	village_EW2_2#f00d658a	R	1	1	12.4	-	village_EW2_2#d4b65925	177.9	1.30	0.70	3253
2203	village_EW2_3	Low Cross	580.58	217.50	86.6	27	2	crossroad	village_EW2_3#ee09832f	H	0	2	8.3	-	village_EW2_3#48a6fd5a,village_EW2_3#479c6b0c,village_EW2_3#b06ad942,village_EW2_3#6c0c2260	86.6	1.30	0.70	5118
2204	village_EW2_3	Stagbrook	570.10	216.59	31.6	16	0	road	village_EW2_3#48a6fd5a	R	1	1	6.2	-	village_EW2_3#479c6b0c,village_EW2_3#ee09832f,village_EW2_3#b06ad942,village_EW2_3#6c0c2260	-148.4	1.30	0.70	5108
2205	village_EW2_3	Longshore	590.13	203.84	177.1	16	4	coast	village_EW2_3#6c0c2260	R	1	1	19.3	village_EW2_3#b06ad942	village_EW2_3#b06ad942,village_EW2_3#48a6fd5a,village_EW2_3#479c6b0c,village_EW2_3#ee09832f	177.1	1.30	0.70	3254
2206	village_EW2_3	Rockhaven	582.60	205.52	176.1	16	3	coast	village_EW2_3#b06ad942	R	1	1	10.5	-	village_EW2_3#6c0c2260,village_EW2_3#48a6fd5a,village_EW2_3#479c6b0c,village_EW2_3#ee09832f	176.1	1.30	0.70	3254
2207	village_EW2_3	Fisher's Folly	573.50	206.50	162.8	8	1	field	village_EW2_3#479c6b0c	F	0	1	7.8	-	village_EW2_3#48a6fd5a,village_EW2_3#ee09832f,village_EW2_3#b06ad942,village_EW2_3#6c0c2260	-17.2	1.30	0.70	3214
2208	village_EW2_4	Yewhollow	607.48	207.69	132.8	16	0	road	village_EW2_4#efb38ab8	R	1	1	5.4	-	village_EW2_4#1eea1101,village_EW2_4#9f528ef0	-47.2	1.30	0.70	3253
2209	village_EW2_4	Hollyhaven	609.99	203.04	167.9	16	1	coast	village_EW2_4#1eea1101	R	1	1	9.0	village_EW2_4#efb38ab8	village_EW2_4#efb38ab8,village_EW2_4#9f528ef0	167.9	1.30	0.70	3253
2210	village_EW2_4	Black Strand	596.52	204.12	173.3	16	2	coast	village_EW2_4#9f528ef0	R	1	1	16.1	village_EW2_4#efb38ab8	village_EW2_4#efb38ab8,village_EW2_4#1eea1101	173.3	1.30	0.70	3213
2211	village_EW3_1	Weeping Cross	592.25	284.50	92.6	27	0	crossroad	village_EW3_1#747fddc3	H	0	2	6.0	-	-	-87.4	1.30	0.70	3200
2212	village_EW3_2	Pedlar's Cross	606.08	294.50	87.9	27	2	crossroad	village_EW3_2#4b5f075f	H	0	2	9.0	village_EW3_2#fd168b79	village_EW3_2#fd168b79,village_EW3_2#12320db2,village_EW3_2#9d1c5b0e	-92.1	1.30	0.70	3315
2213	village_EW3_2	Hollowstone	590.53	275.76	54.7	27	3	coast	village_EW3_2#12320db2	H	0	2	13.5	village_EW3_2#fd168b79	village_EW3_2#fd168b79,village_EW3_2#4b5f075f,village_EW3_2#9d1c5b0e	-125.3	1.30	0.70	3200
2214	village_EW3_2	Oakhurst	597.25	287.89	25.4	16	0	road	village_EW3_2#fd168b79	R	-1	1	4.5	-	village_EW3_2#4b5f075f,village_EW3_2#12320db2,village_EW3_2#9d1c5b0e	-154.6	1.30	0.70	3316
2215	village_EW3_2	Bronzewood	596.50	279.50	42.8	8	1	field	village_EW3_2#9d1c5b0e	F	0	1	7.2	-	village_EW3_2#fd168b79,village_EW3_2#4b5f075f,village_EW3_2#12320db2	42.8	1.30	0.70	3168
2216	village_EW3_4	Fawnbrook	605.50	300.92	175.4	27	2	crossroad	village_EW3_4#079780c8	H	0	2	9.6	village_EW3_4#4aca911f	village_EW3_4#4aca911f,village_EW3_4#c8cdb5ca,village_EW3_4#55cb674c,village_EW3_4#fce74438	175.4	1.30	0.70	3315
2217	village_EW3_4	Rockton	610.71	323.41	28.2	27	3	crossroad	village_EW3_4#55cb674c	H	0	2	15.7	-	village_EW3_4#fce74438,village_EW3_4#c8cdb5ca,village_EW3_4#4aca911f,village_EW3_4#079780c8	28.2	1.30	0.70	3998
2218	village_EW3_4	Stagstead	604.65	323.54	50.5	16	4	road	village_EW3_4#fce74438	R	-1	1	18.1	village_EW3_4#55cb674c	village_EW3_4#55cb674c,village_EW3_4#c8cdb5ca,village_EW3_4#4aca911f,village_EW3_4#079780c8	-129.5	1.30	0.70	3999
2219	village_EW3_4	Greyham	611.78	302.66	40.5	16	1	road	village_EW3_4#4aca911f	R	1	1	6.8	village_EW3_4#c8cdb5ca	village_EW3_4#c8cdb5ca,village_EW3_4#079780c8,village_EW3_4#55cb674c,village_EW3_4#fce74438	40.5	1.30	0.70	3284
2220	village_EW3_4	Dunhurst	612.84	308.67	43.0	16	0	road	village_EW3_4#c8cdb5ca	R	-1	1	5.0	-	village_EW3_4#4aca911f,village_EW3_4#079780c8,village_EW3_4#55cb674c,village_EW3_4#fce74438	-137.0	1.30	0.70	3311
2221	village_EW4_1	Brownwick	492.50	413.67	178.3	23	0	crossroad	village_EW4_1#7a922c1a	H	0	2	6.2	-	village_EW4_1#6b1fabcb,village_EW4_1#6dadd7e3,village_EW4_1#6bfb2b3a	-1.7	1.30	0.70	3103
2222	village_EW4_1	Briarhollow	486.79	420.10	115.5	14	2	road	village_EW4_1#6dadd7e3	R	1	1	10.4	-	village_EW4_1#6bfb2b3a,village_EW4_1#7a922c1a,village_EW4_1#6b1fabcb	-64.5	1.30	0.70	3101
2223	village_EW4_1	Grey Rest	481.14	428.75	106.8	14	3	road	village_EW4_1#6bfb2b3a	R	1	1	15.2	village_EW4_1#6dadd7e3	village_EW4_1#6dadd7e3,village_EW4_1#7a922c1a,village_EW4_1#6b1fabcb	-73.2	1.30	0.70	3101
2224	village_EW4_1	Haypool	480.12	404.66	93.5	14	1	river	village_EW4_1#6b1fabcb	R	1	1	6.6	-	village_EW4_1#7a922c1a,village_EW4_1#6dadd7e3,village_EW4_1#6bfb2b3a	93.5	1.30	0.70	3921
2225	village_EW4_2	Hart's Field	499.50	410.50	132.6	21	0	crossroad	village_EW4_2#7060437b	H	0	2	5.0	-	-	-47.4	1.30	0.70	3103
2226	village_EW4_3	Antlerdale	484.41	435.31	132.6	16	1	road	village_EW4_3#fc745036	R	-1	1	23.1	-	village_EW4_3#f9f80a36	132.6	1.30	0.70	3100
2227	village_EW4_3	Rookworth	508.50	429.50	89.8	16	0	road	village_EW4_3#f9f80a36	R	1	1	5.0	-	village_EW4_3#fc745036	89.8	1.30	0.70	3102
2228	village_EW4_4	Longworth	482.88	373.69	153.6	27	0	crossroad	village_EW4_4#f9c12754	H	0	2	4.8	-	village_EW4_4#bceb00b2,village_EW4_4#b4c6dabd	-26.4	1.30	0.70	2852
2229	village_EW4_4	Elmton	471.91	372.11	18.6	16	1	road	village_EW4_4#bceb00b2	R	1	1	10.3	village_EW4_4#f9c12754	village_EW4_4#f9c12754,village_EW4_4#b4c6dabd	18.6	1.30	0.70	2824
2230	village_EW4_4	Green Bend	494.08	382.12	173.9	16	2	river	village_EW4_4#b4c6dabd	R	-1	1	10.6	-	village_EW4_4#f9c12754,village_EW4_4#bceb00b2	-6.1	1.30	0.70	2747
2231	village_EW5_1	Greencross	561.50	444.50	45.7	19	0	crossroad	village_EW5_1#beb7f3cc	H	0	1	8.1	-	-	45.7	1.30	0.70	736
2232	village_EW5_2	Black Rest	552.58	462.29	122.9	16	0	road	village_EW5_2#16ee5b45	R	1	1	18.4	-	-	-57.1	1.30	0.70	3127
2233	village_EW5_3	Elmcross	551.75	421.50	90.2	19	0	crossroad	village_EW5_3#e63f97ad	H	0	1	4.9	-	-	90.2	1.30	0.70	3112
2234	village_EW6_1	Bramblecross	575.50	477.83	3.2	27	0	crossroad	village_EW6_1#a846420b	H	0	2	5.2	-	village_EW6_1#9b8fb115,village_EW6_1#04200d1e,village_EW6_1#d44530e6,village_EW6_1#01071807	3.2	1.30	0.70	3132
2235	village_EW6_1	Carter's Rest	566.62	485.38	177.6	16	3	road	village_EW6_1#9b8fb115	R	1	1	8.6	village_EW6_1#a846420b	village_EW6_1#a846420b,village_EW6_1#04200d1e,village_EW6_1#d44530e6,village_EW6_1#01071807	177.6	1.30	0.70	3015
2236	village_EW6_1	Applehurst	591.89	486.22	162.1	16	5	coast	village_EW6_1#e0871204	R	1	1	16.2	village_EW6_1#01071807	village_EW6_1#01071807,village_EW6_1#04200d1e,village_EW6_1#a846420b,village_EW6_1#d44530e6	-17.9	1.30	0.70	2951
2237	village_EW6_1	Ryehythe	585.75	488.43	167.9	16	4	coast	village_EW6_1#01071807	R	1	1	11.1	village_EW6_1#04200d1e	village_EW6_1#04200d1e,village_EW6_1#e0871204,village_EW6_1#a846420b,village_EW6_1#d44530e6	-12.1	1.30	0.70	3014
2238	village_EW6_1	Pennyhaven	580.10	489.28	160.4	16	1	coast	village_EW6_1#04200d1e	R	1	1	6.9	-	village_EW6_1#01071807,village_EW6_1#e0871204,village_EW6_1#a846420b,village_EW6_1#d44530e6	-19.6	1.30	0.70	3014
2239	village_EW6_1	Old Hythe	570.98	489.48	20.4	16	2	coast	village_EW6_1#d44530e6	R	1	1	8.1	-	village_EW6_1#a846420b,village_EW6_1#04200d1e,village_EW6_1#9b8fb115,village_EW6_1#01071807	20.4	1.30	0.70	2952
2240	village_EW6_3	Fisher's Leap	523.00	492.63	160.3	27	2	coast	village_EW6_3#48795dd8	H	0	2	7.9	-	village_EW6_3#95382300,village_EW6_3#7171a2a8,village_EW6_3#b2dc565f,village_EW6_3#5dc5f5d4	-19.7	1.30	0.70	2955
2241	village_EW6_3	Fox's Cross	513.79	481.79	131.7	27	0	crossroad	village_EW6_3#95382300	H	0	2	4.6	-	village_EW6_3#7171a2a8,village_EW6_3#5dc5f5d4,village_EW6_3#b8e0a278,village_EW6_3#c46f3ed4	-48.3	1.30	0.70	3124
2242	village_EW6_3	Smith's Wood	510.63	496.00	138.6	27	8	coast	village_EW6_3#0717655e	H	0	2	13.2	village_EW6_3#b2dc565f	village_EW6_3#b2dc565f,village_EW6_3#95382300,village_EW6_3#7171a2a8,village_EW6_3#48795dd8	-41.4	1.30	0.70	3018
2243	village_EW6_3	Claywold	529.77	479.24	11.0	27	6	crossroad	village_EW6_3#c46f3ed4	H	0	2	11.3	village_EW6_3#b8e0a278	village_EW6_3#b8e0a278,village_EW6_3#7171a2a8,village_EW6_3#95382300,village_EW6_3#5dc5f5d4	-169.0	1.30	0.70	3017
2244	village_EW6_3	Barleyfield	524.47	476.00	0.3	16	5	road	village_EW6_3#b8e0a278	R	1	1	9.3	village_EW6_3#7171a2a8	village_EW6_3#c46f3ed4,village_EW6_3#7171a2a8,village_EW6_3#95382300,village_EW6_3#5dc5f5d4	0.3	1.30	0.70	3125
2245	village_EW6_3	Wendcroft	522.06	480.94	163.6	16	1	road	village_EW6_3#7171a2a8	R	-1	1	7.0	village_EW6_3#95382300	village_EW6_3#b8e0a278,village_EW6_3#95382300,village_EW6_3#c46f3ed4,village_EW6_3#5dc5f5d4	163.6	1.30	0.70	3124
2246	village_EW6_3	Pearley	507.80	484.66	148.1	16	4	road	village_EW6_3#5dc5f5d4	R	-1	1	8.8	village_EW6_3#95382300	village_EW6_3#920859e9,village_EW6_3#95382300,village_EW6_3#7171a2a8,village_EW6_3#b8e0a278	-31.9	1.30	0.70	3093
2247	village_EW6_3	Pennyhurst	501.38	489.53	153.5	16	7	road	village_EW6_3#920859e9	R	-1	1	11.7	village_EW6_3#5dc5f5d4	village_EW6_3#5dc5f5d4,village_EW6_3#95382300,village_EW6_3#7171a2a8,village_EW6_3#b8e0a278	-26.5	1.30	0.70	2956
2248	village_EW6_3	Pennywick	538.19	482.57	134.0	16	10	coast	village_EW6_3#21ac22a9	R	1	1	21.7	village_EW6_3#7171a2a8	village_EW6_3#7171a2a8,village_EW6_3#b8e0a278,village_EW6_3#95382300,village_EW6_3#c46f3ed4	-46.0	1.30	0.70	3017
2249	village_EW6_3	Gallowsworth	531.01	489.13	152.1	16	9	coast	village_EW6_3#ed6cbea0	R	1	1	14.4	-	village_EW6_3#95382300,village_EW6_3#7171a2a8,village_EW6_3#48795dd8,village_EW6_3#b2dc565f	-27.9	1.30	0.70	3017
2250	village_EW6_3	Crooked Hill	517.55	494.40	161.7	16	3	coast	village_EW6_3#b2dc565f	R	1	1	8.2	-	village_EW6_3#0717655e,village_EW6_3#95382300,village_EW6_3#7171a2a8,village_EW6_3#48795dd8	-18.3	1.30	0.70	3018
2251	village_EW6_4	Oakstead	528.50	471.00	90.0	16	0	road	village_EW6_4#6a5d165c	R	1	1	5.5	-	village_EW6_4#026c5fc6,village_EW6_4#bf1a89f7	-90.0	1.30	0.70	3123
2252	village_EW6_4	Rook's Barrow	534.29	474.26	8.6	16	1	road	village_EW6_4#026c5fc6	R	1	1	9.0	village_EW6_4#6a5d165c	village_EW6_4#6a5d165c,village_EW6_4#bf1a89f7	8.6	1.30	0.70	3017
2253	village_EW6_4	Tinker's Furrow	549.96	465.95	129.4	16	2	road	village_EW6_4#bf1a89f7	R	1	1	20.3	-	village_EW6_4#6a5d165c,village_EW6_4#026c5fc6	-50.6	1.30	0.70	3129
2254	village_K1_1	Fikalig	1454.50	234.50	1.6	16	0	road	village_K1_1#29c9ba3d	R	1	1	6.6	-	village_K1_1#80914e52,village_K1_1#8082e551,village_K1_1#6a135258,village_K1_1#24ba9e0d	1.6	1.30	0.70	8771
2255	village_K1_1	Akizdar	1484.50	248.50	175.0	16	5	road	village_K1_1#af71ae77	R	-1	1	17.3	village_K1_1#24ba9e0d	village_K1_1#24ba9e0d,village_K1_1#6a135258,village_K1_1#80914e52,village_K1_1#29c9ba3d	-5.0	1.30	0.70	8774
2256	village_K1_1	Hamosnar	1472.34	243.91	46.8	16	1	river	village_K1_1#80914e52	R	1	1	7.4	-	village_K1_1#6a135258,village_K1_1#24ba9e0d,village_K1_1#af71ae77,village_K1_1#29c9ba3d	46.8	1.30	0.70	8731
2257	village_K1_1	Qaleznak	1476.70	246.70	47.7	16	3	river	village_K1_1#6a135258	R	1	1	10.0	village_K1_1#80914e52	village_K1_1#24ba9e0d,village_K1_1#80914e52,village_K1_1#af71ae77,village_K1_1#29c9ba3d	47.7	1.30	0.70	8731
2258	village_K1_1	Skazdan	1479.78	250.86	32.6	16	4	river	village_K1_1#24ba9e0d	R	1	1	12.4	village_K1_1#6a135258	village_K1_1#6a135258,village_K1_1#af71ae77,village_K1_1#80914e52,village_K1_1#29c9ba3d	32.6	1.30	0.70	8774
2259	village_K1_1	Bir Galareen	1471.50	237.50	26.4	8	2	field	village_K1_1#8082e551	F	0	1	7.5	-	village_K1_1#29c9ba3d,village_K1_1#80914e52,village_K1_1#6a135258,village_K1_1#24ba9e0d	26.4	1.30	0.70	8773
2260	village_K1_2	Rhazareen	1431.50	251.50	139.4	27	0	crossroad	village_K1_2#20160ed6	H	0	2	5.6	-	village_K1_2#b238f9ce,village_K1_2#d0de1222,village_K1_2#201c37b6,village_K1_2#f63bb960	139.4	1.30	0.70	8655
2261	village_K1_2	Rentazdan	1434.17	244.74	178.5	16	2	road	village_K1_2#f63bb960	R	-1	1	7.8	-	village_K1_2#431e54f0,village_K1_2#20160ed6,village_K1_2#d0de1222,village_K1_2#0fa8d43d	-1.5	1.30	0.70	8654
2262	village_K1_2	Bir Hosnar	1442.93	249.85	161.1	16	4	road	village_K1_2#431e54f0	R	1	1	10.7	village_K1_2#f63bb960	village_K1_2#f63bb960,village_K1_2#20160ed6,village_K1_2#d0de1222,village_K1_2#0fa8d43d	161.1	1.30	0.70	8644
2263	village_K1_2	Abulerys	1428.00	266.10	92.3	16	6	road	village_K1_2#b238f9ce	R	-1	1	13.2	village_K1_2#20160ed6	village_K1_2#201c37b6,village_K1_2#20160ed6,village_K1_2#d0de1222,village_K1_2#f63bb960	-87.7	1.30	0.70	8697
2264	village_K1_2	Shikaqqa	1432.00	273.60	91.5	16	7	road	village_K1_2#201c37b6	R	1	1	18.6	village_K1_2#b238f9ce	village_K1_2#b238f9ce,village_K1_2#20160ed6,village_K1_2#d0de1222,village_K1_2#f63bb960	91.5	1.30	0.70	8641
2265	village_K1_2	Tylabal	1414.30	251.20	6.0	16	5	road	village_K1_2#d3e38a67	R	1	1	12.2	village_K1_2#0fa8d43d	village_K1_2#0fa8d43d,village_K1_2#d0de1222,village_K1_2#20160ed6,village_K1_2#f63bb960	-174.0	1.30	0.70	8697
2266	village_K1_2	Bhozdahr	1425.28	251.78	178.7	16	1	road	village_K1_2#d0de1222	R	1	1	6.2	-	village_K1_2#0fa8d43d,village_K1_2#d3e38a67,village_K1_2#20160ed6,village_K1_2#f63bb960	178.7	1.30	0.70	8697
2267	village_K1_2	Bhozazosh	1420.27	252.02	178.6	16	3	road	village_K1_2#0fa8d43d	R	1	1	10.5	village_K1_2#d0de1222	village_K1_2#d3e38a67,village_K1_2#d0de1222,village_K1_2#20160ed6,village_K1_2#f63bb960	178.6	1.30	0.70	8697
2268	village_K1_3	Abu Aburaq	1448.59	243.71	116.4	27	2	bridge	village_K1_3#f6e07346	H	0	2	6.8	village_K1_3#d1cf5511	village_K1_3#d1cf5511,village_K1_3#8d068427,village_K1_3#87fb2bcb,village_K1_3#b24d006f	116.4	1.30	0.70	8624
2269	village_K1_3	Akiqaz	1453.13	248.48	3.3	16	0	road	village_K1_3#d1cf5511	R	-1	1	5.5	-	village_K1_3#f6e07346,village_K1_3#8d068427,village_K1_3#87fb2bcb,village_K1_3#b24d006f	-176.7	1.30	0.70	8625
2270	village_K1_3	Khyleza	1465.84	245.73	36.6	16	1	river	village_K1_3#8d068427	R	-1	1	5.8	-	village_K1_3#87fb2bcb,village_K1_3#d1cf5511,village_K1_3#f6e07346,village_K1_3#b24d006f	-143.4	1.30	0.70	8626
2271	village_K1_3	Khihrys	1482.88	258.47	31.2	16	5	river	village_K1_3#083b6569	R	-1	1	30.3	village_K1_3#b24d006f	village_K1_3#b24d006f,village_K1_3#87fb2bcb,village_K1_3#8d068427,village_K1_3#d1cf5511	-148.8	1.30	0.70	8627
2272	village_K1_3	Lhalaraq	1470.50	249.50	44.8	8	3	field	village_K1_3#87fb2bcb	F	0	1	12.6	village_K1_3#8d068427	village_K1_3#8d068427,village_K1_3#b24d006f,village_K1_3#083b6569,village_K1_3#d1cf5511	-135.2	1.30	0.70	8554
2273	village_K1_3	Krandaq	1476.50	256.50	27.3	8	4	field	village_K1_3#b24d006f	F	0	1	24.2	village_K1_3#87fb2bcb	village_K1_3#083b6569,village_K1_3#87fb2bcb,village_K1_3#8d068427,village_K1_3#d1cf5511	-152.7	1.30	0.70	8554
2274	village_K1_4	Maznys	1432.05	211.92	54.9	27	2	crossroad	village_K1_4#f7a007b4	H	0	2	6.3	village_K1_4#c1401a30	village_K1_4#c1401a30,village_K1_4#6eda7ae5,village_K1_4#3257d58e	-125.1	1.30	0.70	8834
2275	village_K1_4	Galamash	1453.01	197.73	144.9	16	3	road	village_K1_4#3257d58e	R	1	1	9.5	village_K1_4#6eda7ae5	village_K1_4#6eda7ae5,village_K1_4#c1401a30,village_K1_4#f7a007b4	144.9	1.30	0.70	8840
2276	village_K1_4	Akizai	1443.91	198.55	130.0	16	1	road	village_K1_4#6eda7ae5	R	-1	1	6.0	-	village_K1_4#3257d58e,village_K1_4#c1401a30,village_K1_4#f7a007b4	-50.0	1.30	0.70	8851
2277	village_K1_4	Gholos	1435.40	206.12	86.0	16	0	road	village_K1_4#c1401a30	R	-1	1	4.8	-	village_K1_4#f7a007b4,village_K1_4#6eda7ae5,village_K1_4#3257d58e	86.0	1.30	0.70	8852
2278	village_K2_1	Asazaggaz	1242.45	143.25	155.8	27	10	coast	village_K2_1#096d54b8	H	0	2	22.1	village_K2_1#177b29ea	village_K2_1#177b29ea,village_K2_1#f8243834,village_K2_1#3cb8332a,village_K2_1#95ae1bc5	155.8	1.30	0.70	14874
2279	village_K2_1	Birhaqqa	1209.56	158.56	14.8	27	7	crossroad	village_K2_1#0b14d720	H	0	2	15.2	village_K2_1#3cb8332a	village_K2_1#3cb8332a,village_K2_1#ec090794,village_K2_1#0b159e9f,village_K2_1#f8243834	14.8	1.30	0.70	5712
2280	village_K2_1	Shilazai	1230.50	165.58	0.2	27	0	crossroad	village_K2_1#f8243834	H	0	2	5.2	-	village_K2_1#3cb8332a,village_K2_1#95ae1bc5,village_K2_1#177b29ea,village_K2_1#eb280700	-179.8	1.30	0.70	2238
2281	village_K2_1	Tolekloz	1240.18	158.97	23.7	16	2	road	village_K2_1#95ae1bc5	R	-1	1	9.0	-	village_K2_1#eb280700,village_K2_1#aad77387,village_K2_1#4de8d883,village_K2_1#f8243834	23.7	1.30	0.70	2232
2282	village_K2_1	Meria	1249.44	162.77	17.1	16	5	road	village_K2_1#aad77387	R	-1	1	13.2	village_K2_1#eb280700	village_K2_1#eb280700,village_K2_1#4de8d883,village_K2_1#95ae1bc5,village_K2_1#f8243834	17.1	1.30	0.70	2232
2283	village_K2_1	Tyntasmil	1254.61	164.22	173.2	16	8	road	village_K2_1#4de8d883	R	-1	1	15.6	village_K2_1#aad77387	village_K2_1#aad77387,village_K2_1#eb280700,village_K2_1#95ae1bc5,village_K2_1#f8243834	-6.8	1.30	0.70	2231
2284	village_K2_1	Elykareen	1241.31	166.26	21.1	16	4	road	village_K2_1#eb280700	R	1	1	11.9	village_K2_1#95ae1bc5	village_K2_1#aad77387,village_K2_1#95ae1bc5,village_K2_1#4de8d883,village_K2_1#f8243834	-158.9	1.30	0.70	2192
2285	village_K2_1	Aburys	1222.50	165.00	179.8	16	1	road	village_K2_1#3cb8332a	R	-1	1	8.1	-	village_K2_1#ec090794,village_K2_1#0b14d720,village_K2_1#0b159e9f,village_K2_1#f8243834	179.8	1.30	0.70	2238
2286	village_K2_1	Ghoznak	1219.17	176.63	48.8	16	9	road	village_K2_1#0b159e9f	R	-1	1	20.8	village_K2_1#3cb8332a	village_K2_1#3cb8332a,village_K2_1#ec090794,village_K2_1#0b14d720,village_K2_1#f8243834	48.8	1.30	0.70	2190
2287	village_K2_1	Loleznys	1233.02	152.31	102.3	16	3	coast	village_K2_1#177b29ea	R	1	1	9.2	-	village_K2_1#096d54b8,village_K2_1#f8243834,village_K2_1#3cb8332a,village_K2_1#95ae1bc5	102.3	1.30	0.70	5784
2288	village_K2_1	Birza	1215.81	157.06	19.1	16	6	coast	village_K2_1#ec090794	R	1	1	13.4	village_K2_1#3cb8332a	village_K2_1#3cb8332a,village_K2_1#0b14d720,village_K2_1#0b159e9f,village_K2_1#f8243834	-160.9	1.30	0.70	5712
2289	village_K2_2	Hiraq	1256.00	140.39	92.2	16	1	road	village_K2_2#9923224f	R	1	1	6.1	village_K2_2#990e87ef	village_K2_2#990e87ef,village_K2_2#99200a79,village_K2_2#d6fcf80b,village_K2_2#9c6fa412	-87.8	1.30	0.70	2198
2290	village_K2_2	Lharios	1256.00	150.89	90.4	16	2	road	village_K2_2#99200a79	R	1	1	11.1	village_K2_2#9923224f	village_K2_2#9c6fa412,village_K2_2#9923224f,village_K2_2#990e87ef,village_K2_2#d6fcf80b	-89.6	1.30	0.70	2202
2291	village_K2_2	Lolereen	1260.96	151.72	43.0	16	4	road	village_K2_2#9c6fa412	R	-1	1	14.1	village_K2_2#99200a79	village_K2_2#99200a79,village_K2_2#9923224f,village_K2_2#990e87ef,village_K2_2#d6fcf80b	43.0	1.30	0.70	2182
2292	village_K2_2	Yurazeen	1256.21	135.27	147.6	16	0	coast	village_K2_2#990e87ef	R	1	1	4.6	-	village_K2_2#9923224f,village_K2_2#99200a79,village_K2_2#d6fcf80b,village_K2_2#9c6fa412	147.6	1.30	0.70	5786
2293	village_K2_2	Tykazdahr	1249.50	141.50	89.3	8	3	field	village_K2_2#d6fcf80b	F	0	1	13.5	village_K2_2#9923224f	village_K2_2#9923224f,village_K2_2#990e87ef,village_K2_2#99200a79,village_K2_2#9c6fa412	-90.7	1.30	0.70	10716
2294	village_K2_3	Tohaznak	1268.07	182.92	153.2	16	6	river	village_K2_3#d2965ce2	R	1	1	28.9	village_K2_3#300c0b40	village_K2_3#300c0b40,village_K2_3#313ee2b7,village_K2_3#6ec4680a,village_K2_3#44a87195	153.2	1.30	0.70	2204
2295	village_K2_3	Draggaz	1263.51	189.08	109.8	16	3	river	village_K2_3#300c0b40	R	1	1	19.3	village_K2_3#313ee2b7	village_K2_3#313ee2b7,village_K2_3#d2965ce2,village_K2_3#6ec4680a,village_K2_3#44a87195	109.8	1.30	0.70	8979
2296	village_K2_3	Hirkhaz	1260.28	196.75	126.1	16	1	river	village_K2_3#313ee2b7	R	1	1	10.8	-	village_K2_3#300c0b40,village_K2_3#6ec4680a,village_K2_3#d2965ce2,village_K2_3#44a87195	126.1	1.30	0.70	2208
2297	village_K2_3	Lhazkar	1253.20	210.88	79.0	16	0	river	village_K2_3#6ec4680a	R	1	1	7.3	-	village_K2_3#44a87195,village_K2_3#34f7b744,village_K2_3#313ee2b7,village_K2_3#3561cde6	79.0	1.30	0.70	8978
2298	village_K2_3	Bir Birleza	1255.73	218.80	74.7	16	2	river	village_K2_3#44a87195	R	1	1	15.6	village_K2_3#6ec4680a	village_K2_3#34f7b744,village_K2_3#6ec4680a,village_K2_3#3561cde6,village_K2_3#d79257e6	74.7	1.30	0.70	9933
2299	village_K2_3	Kraznak	1259.54	223.55	33.1	16	4	river	village_K2_3#34f7b744	R	1	1	22.6	village_K2_3#44a87195	village_K2_3#3561cde6,village_K2_3#44a87195,village_K2_3#d79257e6,village_K2_3#6ec4680a	33.1	1.30	0.70	2209
2300	village_K2_3	Daemereen	1263.70	226.46	29.2	16	5	river	village_K2_3#3561cde6	R	1	1	28.2	village_K2_3#34f7b744	village_K2_3#34f7b744,village_K2_3#d79257e6,village_K2_3#44a87195,village_K2_3#6ec4680a	29.2	1.30	0.70	8977
2301	village_K2_3	Lhumoggaz	1267.93	231.16	60.8	16	7	river	village_K2_3#d79257e6	R	1	1	36.6	village_K2_3#3561cde6	village_K2_3#3561cde6,village_K2_3#34f7b744,village_K2_3#44a87195,village_K2_3#6ec4680a	60.8	1.30	0.70	8977
2302	village_N3_1	Shattershore	19.67	629.16	27.8	16	0	lake	village_N3_1#3cb4470c	R	-1	1	8.2	-	-	27.8	1.30	0.70	17222
2303	village_N4_3	Waveness	104.50	611.07	49.0	24	1	coast	village_N4_3#145c6a7b	H	0	2	22.7	-	village_N4_3#5c21f9f0	49.0	1.30	0.70	9141
2304	village_N4_3	Three Skerries	128.26	626.94	83.6	14	0	coast	village_N4_3#5c21f9f0	R	1	1	15.6	-	village_N4_3#145c6a7b	-96.4	1.30	0.70	9094
2305	village_S1_2	Fisher's Horn	501.20	703.63	18.5	16	0	coast	village_S1_2#f93f4674	R	1	1	9.1	-	-	-161.5	1.30	0.70	17047
2306	village_V1_1	Rosemead	347.57	247.60	135.5	16	2	road	village_V1_1#8ad8a44a	R	-1	1	8.8	village_V1_1#74584132	village_V1_1#4a7dfb07,village_V1_1#74584132,village_V1_1#4a77e9f1,village_V1_1#8ad343ec	-44.5	1.30	0.70	5029
2307	village_V1_1	Long Acre	345.45	256.09	138.9	16	0	road	village_V1_1#74584132	R	1	1	5.6	-	village_V1_1#8ad8a44a,village_V1_1#4a7dfb07,village_V1_1#4a77e9f1,village_V1_1#8ad343ec	138.9	1.30	0.70	5028
2308	village_V1_1	Three Willows	347.73	264.19	5.3	16	4	river	village_V1_1#8ad343ec	R	1	1	10.9	village_V1_1#4a77e9f1	village_V1_1#4a77e9f1,village_V1_1#74584132,village_V1_1#8ad8a44a,village_V1_1#4a7dfb07	5.3	1.30	0.70	5150
2309	village_V1_1	Lilyton	342.99	264.30	15.8	16	1	river	village_V1_1#4a77e9f1	R	1	1	8.6	-	village_V1_1#8ad343ec,village_V1_1#74584132,village_V1_1#8ad8a44a,village_V1_1#4a7dfb07	15.8	1.30	0.70	4977
2310	village_V1_1	Thresher's Mill	343.03	248.00	100.1	16	3	river	village_V1_1#4a7dfb07	R	-1	1	9.4	village_V1_1#8ad8a44a	village_V1_1#8ad8a44a,village_V1_1#74584132,village_V1_1#4a77e9f1,village_V1_1#8ad343ec	100.1	1.30	0.70	5029
2311	village_V1_2	Summerbridge	360.79	242.21	41.9	27	0	bridge	village_V1_2#5f250e6c	H	0	2	7.1	-	village_V1_2#bc5340ed,village_V1_2#9c6b1253,village_V1_2#df5b803b	-138.1	1.30	0.70	5034
2312	village_V1_2	Appleholt	385.16	244.78	21.3	16	3	road	village_V1_2#df5b803b	R	1	1	27.8	-	village_V1_2#5f250e6c,village_V1_2#9c6b1253,village_V1_2#bc5340ed	-158.7	1.30	0.70	5057
2313	village_V1_2	Honeyhollow	351.81	242.65	131.9	16	2	road	village_V1_2#bc5340ed	R	-1	1	14.6	village_V1_2#5f250e6c	village_V1_2#5f250e6c,village_V1_2#9c6b1253,village_V1_2#df5b803b	-48.1	1.30	0.70	4858
2314	village_V1_2	Willowbloom	357.78	261.07	141.9	16	1	river	village_V1_2#9c6b1253	R	1	1	10.6	-	village_V1_2#5f250e6c,village_V1_2#bc5340ed,village_V1_2#df5b803b	-38.1	1.30	0.70	4974
2315	village_V1_3	Lilybridge	354.44	231.49	163.0	27	2	bridge	village_V1_3#d6ddfbcd	H	0	2	6.2	-	village_V1_3#159a1e87,village_V1_3#a82d04fc,village_V1_3#55664841,village_V1_3#332984ed	-17.0	1.30	0.70	2465
2316	village_V1_3	Haygrove	360.04	222.08	129.3	16	5	road	village_V1_3#a0242e36	R	1	1	8.2	village_V1_3#55664841	village_V1_3#55664841,village_V1_3#d64b1304,village_V1_3#159a1e87,village_V1_3#a82d04fc	129.3	1.30	0.70	3697
2317	village_V1_3	Old Grove	345.82	224.43	172.4	16	1	road	village_V1_3#a82d04fc	R	1	1	6.2	village_V1_3#159a1e87	village_V1_3#159a1e87,village_V1_3#55664841,village_V1_3#a0242e36,village_V1_3#d64b1304	-7.6	1.30	0.70	4756
2318	village_V1_3	Winemead	350.85	224.54	173.9	16	0	road	village_V1_3#159a1e87	R	1	1	4.2	-	village_V1_3#a82d04fc,village_V1_3#55664841,village_V1_3#a0242e36,village_V1_3#d64b1304	-6.1	1.30	0.70	2465
2319	village_V1_3	Brightfield	330.61	238.21	141.6	16	10	road	village_V1_3#c359df23	R	-1	1	17.8	village_V1_3#010aba92	village_V1_3#010aba92,village_V1_3#010ac311,village_V1_3#010ddae7,village_V1_3#332984ed	141.6	1.30	0.70	5048
2320	village_V1_3	White Elms	364.26	220.02	122.1	16	7	river	village_V1_3#d64b1304	R	1	1	10.6	village_V1_3#a0242e36	village_V1_3#a0242e36,village_V1_3#55664841,village_V1_3#159a1e87,village_V1_3#a82d04fc	-57.9	1.30	0.70	3697
2321	village_V1_3	Vinebank	357.72	225.94	117.9	16	3	river	village_V1_3#55664841	R	1	1	6.6	village_V1_3#159a1e87	village_V1_3#a0242e36,village_V1_3#159a1e87,village_V1_3#d64b1304,village_V1_3#a82d04fc	-62.1	1.30	0.70	3697
2322	village_V1_3	Cooper's Leap	336.10	228.43	143.2	16	6	river	village_V1_3#010ddae7	R	1	1	9.1	village_V1_3#332984ed	village_V1_3#332984ed,village_V1_3#010aba92,village_V1_3#010ac311,village_V1_3#c359df23	-36.8	1.30	0.70	4762
2323	village_V1_3	Sweetbloom	341.81	229.52	20.6	16	4	river	village_V1_3#332984ed	R	1	1	7.2	-	village_V1_3#010ddae7,village_V1_3#010aba92,village_V1_3#010ac311,village_V1_3#c359df23	20.6	1.30	0.70	3700
2324	village_V1_3	Peardale	336.20	233.96	96.3	16	8	river	village_V1_3#010aba92	R	1	1	12.8	village_V1_3#010ddae7	village_V1_3#010ac311,village_V1_3#010ddae7,village_V1_3#c359df23,village_V1_3#332984ed	-83.7	1.30	0.70	4922
2325	village_V1_3	Briarpool	336.09	238.87	85.9	16	9	river	village_V1_3#010ac311	R	1	1	16.2	village_V1_3#010aba92	village_V1_3#010aba92,village_V1_3#010ddae7,village_V1_3#c359df23,village_V1_3#332984ed	-94.1	1.30	0.70	2507
2326	village_V2_1	Tanner's Mill	341.77	433.26	83.7	16	6	river	village_V2_1#5f901f89	R	1	1	30.0	village_V2_1#d31c373b	village_V2_1#d31c373b,village_V2_1#d31f4845,village_V2_1#ac3be19b,village_V2_1#a90ebab8	-96.3	1.30	0.70	3321
2327	village_V2_1	Miller's Hollow	343.44	438.39	82.9	16	5	river	village_V2_1#d31c373b	R	1	1	23.9	village_V2_1#d31f4845	village_V2_1#d31f4845,village_V2_1#5f901f89,village_V2_1#ac3be19b,village_V2_1#a90ebab8	-97.1	1.30	0.70	3852
2328	village_V2_1	Harewick	342.70	443.13	94.0	16	4	river	village_V2_1#d31f4845	R	1	1	18.2	village_V2_1#ac3be19b	village_V2_1#d31c373b,village_V2_1#ac3be19b,village_V2_1#5f901f89,village_V2_1#a90ebab8	-86.0	1.30	0.70	3852
2329	village_V2_1	Fiddler's Mill	341.11	450.60	115.5	16	3	river	village_V2_1#a90ebab8	R	1	1	12.2	village_V2_1#ac3be19b	village_V2_1#ac3be19b,village_V2_1#d31f4845,village_V2_1#cc0e97e9,village_V2_1#06326c47	-64.5	1.30	0.70	3852
2330	village_V2_1	Otter's Leap	338.57	454.75	118.4	16	2	river	village_V2_1#ac3be19b	R	1	1	7.2	-	village_V2_1#a90ebab8,village_V2_1#d31f4845,village_V2_1#cc0e97e9,village_V2_1#06326c47	-61.6	1.30	0.70	2826
2331	village_V2_1	Millbank	329.69	462.88	147.6	16	0	river	village_V2_1#cc0e97e9	R	1	1	4.0	-	village_V2_1#06326c47,village_V2_1#ac3be19b,village_V2_1#a90ebab8,village_V2_1#d31f4845	-32.4	1.30	0.70	3853
2332	village_V2_1	Redfork Weir	325.40	466.72	130.0	16	1	river	village_V2_1#06326c47	R	1	1	7.0	village_V2_1#cc0e97e9	village_V2_1#cc0e97e9,village_V2_1#ac3be19b,village_V2_1#a90ebab8,village_V2_1#d31f4845	-50.0	1.30	0.70	2848
2333	village_V2_2	Three Streams	279.71	467.41	34.2	27	4	bridge	village_V2_2#385dd97c	H	0	2	10.7	village_V2_2#7155a657	village_V2_2#7155a657,village_V2_2#0812b7a8,village_V2_2#ff62f566,village_V2_2#7cab2911	34.2	1.30	0.70	3642
2334	village_V2_2	Crosswold	293.50	474.75	177.9	27	0	crossroad	village_V2_2#ff62f566	H	0	2	4.3	-	village_V2_2#7155a657,village_V2_2#acfdda69,village_V2_2#059bab17,village_V2_2#385dd97c	177.9	1.30	0.70	2912
2335	village_V2_2	Hangman's Knoll	273.92	457.64	82.8	16	8	road	village_V2_2#7cab2911	R	1	1	18.9	village_V2_2#0812b7a8	village_V2_2#0812b7a8,village_V2_2#385dd97c,village_V2_2#7155a657,village_V2_2#ff62f566	82.8	1.30	0.70	3600
2336	village_V2_2	Foxhill	275.40	462.96	80.1	16	7	road	village_V2_2#0812b7a8	R	1	1	15.6	village_V2_2#385dd97c	village_V2_2#7cab2911,village_V2_2#385dd97c,village_V2_2#7155a657,village_V2_2#ff62f566	80.1	1.30	0.70	3600
2337	village_V2_2	Hollybrook	307.20	478.44	47.9	16	5	road	village_V2_2#1e27ed1e	R	1	1	11.8	village_V2_2#059bab17	village_V2_2#059bab17,village_V2_2#9f1c3094,village_V2_2#acfdda69,village_V2_2#ff62f566	47.9	1.30	0.70	3628
2338	village_V2_2	Fisher's Rest	298.78	478.92	51.3	16	2	road	village_V2_2#acfdda69	R	-1	1	8.2	village_V2_2#ff62f566	village_V2_2#059bab17,village_V2_2#1e27ed1e,village_V2_2#ff62f566,village_V2_2#9f1c3094	-128.7	1.30	0.70	3620
2339	village_V2_2	Blueholt	311.97	480.60	25.9	16	6	road	village_V2_2#9f1c3094	R	1	1	14.3	village_V2_2#1e27ed1e	village_V2_2#1e27ed1e,village_V2_2#059bab17,village_V2_2#acfdda69,village_V2_2#ff62f566	25.9	1.30	0.70	3628
2340	village_V2_2	Drover's Knoll	302.88	481.90	8.9	16	3	road	village_V2_2#059bab17	R	-1	1	10.7	village_V2_2#acfdda69	village_V2_2#1e27ed1e,village_V2_2#acfdda69,village_V2_2#9f1c3094,village_V2_2#ff62f566	-171.1	1.30	0.70	3620
2341	village_V2_2	Maiden's Cross	286.24	468.26	5.6	16	1	road	village_V2_2#7155a657	R	-1	1	7.1	village_V2_2#ff62f566	village_V2_2#ff62f566,village_V2_2#385dd97c,village_V2_2#acfdda69,village_V2_2#0812b7a8	5.6	1.30	0.70	3642
2342	village_V2_3	Oldhurst	352.23	495.22	27.1	16	2	road	village_V2_3#747fc2d6	R	1	1	10.7	village_V2_3#18b6a871	village_V2_3#18b6a871,village_V2_3#78389ac9	-152.9	1.30	0.70	3531
2343	village_V2_3	Bluewick	361.13	500.05	23.7	16	1	road	village_V2_3#18b6a871	R	-1	1	7.6	-	village_V2_3#747fc2d6,village_V2_3#78389ac9	-156.3	1.30	0.70	3531
2344	village_V2_3	Brightpool	351.50	505.50	9.0	8	0	field	village_V2_3#78389ac9	F	0	1	7.3	-	village_V2_3#18b6a871,village_V2_3#747fc2d6	9.0	1.30	0.70	3531
2345	village_V2_4	Greyhurst	338.42	463.52	145.6	16	1	river	village_V2_4#1bbedfaf	R	-1	1	16.1	-	village_V2_4#91a16bd7	145.6	1.30	0.70	3561
2346	village_V2_4	Hazelpool	331.40	471.70	105.2	16	0	river	village_V2_4#91a16bd7	R	-1	1	14.4	-	village_V2_4#1bbedfaf	105.2	1.30	0.70	3325
2347	village_V3_2	Littlebridge	373.57	370.02	78.5	27	5	bridge	village_V3_2#a4233fae	H	0	2	14.0	village_V3_2#78110515	village_V3_2#78110515,village_V3_2#7c650c41,village_V3_2#4394f3da,village_V3_2#22fd6712	-101.5	1.30	0.70	3340
2348	village_V3_2	Wheatworth	366.30	363.39	45.2	16	0	road	village_V3_2#7c650c41	R	1	1	9.0	-	village_V3_2#78110515,village_V3_2#a4233fae,village_V3_2#4394f3da,village_V3_2#22fd6712	-134.8	1.30	0.70	3330
2349	village_V3_2	Whiteton	372.29	363.92	48.8	16	3	road	village_V3_2#78110515	R	-1	1	11.1	village_V3_2#7c650c41	village_V3_2#7c650c41,village_V3_2#a4233fae,village_V3_2#4394f3da,village_V3_2#22fd6712	48.8	1.30	0.70	3340
2350	village_V3_2	Barleymill	377.09	363.52	136.0	16	7	road	village_V3_2#4394f3da	R	-1	1	16.5	village_V3_2#78110515	village_V3_2#78110515,village_V3_2#7c650c41,village_V3_2#a4233fae,village_V3_2#22fd6712	-44.0	1.30	0.70	3338
2351	village_V3_2	Fisher's Finger	353.44	348.22	170.3	16	1	river	village_V3_2#22fd6712	R	1	1	10.2	-	village_V3_2#7c650c41,village_V3_2#872907fe,village_V3_2#78110515,village_V3_2#37c981bb	170.3	1.30	0.70	3856
2352	village_V3_2	Hag's Wood	364.78	349.99	30.6	16	2	river	village_V3_2#872907fe	R	1	1	10.6	-	village_V3_2#7c650c41,village_V3_2#22fd6712,village_V3_2#78110515,village_V3_2#37c981bb	-149.4	1.30	0.70	3262
2353	village_V3_2	Long Willows	370.99	354.45	36.4	16	4	river	village_V3_2#37c981bb	R	1	1	11.5	-	village_V3_2#7c650c41,village_V3_2#22fd6712,village_V3_2#872907fe,village_V3_2#78110515	-143.6	1.30	0.70	3859
2354	village_V3_2	Bramblewick	374.58	357.71	54.2	16	6	river	village_V3_2#f8687b0b	R	1	1	14.3	-	village_V3_2#7c650c41,village_V3_2#22fd6712,village_V3_2#872907fe,village_V3_2#78110515	-125.8	1.30	0.70	3859
2355	village_V3_3	Rookwood	402.30	376.54	175.6	16	2	river	village_V3_3#f5c5ad50	R	1	1	9.7	village_V3_3#6224cf07	village_V3_3#6224cf07,village_V3_3#32937787,village_V3_3#b6fe8771,village_V3_3#a1e91d1a	175.6	1.30	0.70	5588
2356	village_V3_3	Alderbank	407.01	376.77	1.7	16	1	river	village_V3_3#6224cf07	R	1	1	7.2	-	village_V3_3#f5c5ad50,village_V3_3#32937787,village_V3_3#b6fe8771,village_V3_3#a1e91d1a	-178.3	1.30	0.70	3226
2357	village_V3_3	Wheatdale	418.61	383.14	39.8	16	0	river	village_V3_3#32937787	R	1	1	6.2	-	village_V3_3#b6fe8771,village_V3_3#a1e91d1a,village_V3_3#6224cf07,village_V3_3#f5c5ad50	-140.2	1.30	0.70	3226
2358	village_V3_3	Rushwater	421.70	387.24	68.2	16	3	river	village_V3_3#b6fe8771	R	1	1	11.0	village_V3_3#32937787	village_V3_3#32937787,village_V3_3#a1e91d1a,village_V3_3#6224cf07,village_V3_3#f5c5ad50	-111.8	1.30	0.70	3226
2359	village_V3_3	Blackwater Mill	424.44	392.79	64.0	16	4	river	village_V3_3#a1e91d1a	R	1	1	16.5	village_V3_3#b6fe8771	village_V3_3#b6fe8771,village_V3_3#32937787,village_V3_3#6224cf07,village_V3_3#f5c5ad50	-116.0	1.30	0.70	3547
2360	village_V3_4	Red Stile	321.18	384.38	119.0	27	0	bridge	village_V3_4#5a942ae9	H	0	2	8.6	-	village_V3_4#41c4c5a5,village_V3_4#b9f1bd67,village_V3_4#4dc9da1a,village_V3_4#fd0a1663	-61.0	1.30	0.70	3290
2361	village_V3_4	Hillwood	342.04	385.46	64.0	27	1	crossroad	village_V3_4#41c4c5a5	H	0	2	9.2	-	village_V3_4#4dc9da1a,village_V3_4#fd0a1663,village_V3_4#5a942ae9,village_V3_4#b9f1bd67	64.0	1.30	0.70	3221
2362	village_V3_4	Whitewick	348.49	386.49	29.8	16	3	road	village_V3_4#4dc9da1a	R	1	1	11.3	village_V3_4#41c4c5a5	village_V3_4#41c4c5a5,village_V3_4#fd0a1663,village_V3_4#5a942ae9,village_V3_4#b9f1bd67	29.8	1.30	0.70	3221
2363	village_V3_4	Haystone	354.82	387.00	4.5	16	4	road	village_V3_4#fd0a1663	R	1	1	14.6	village_V3_4#4dc9da1a	village_V3_4#4dc9da1a,village_V3_4#41c4c5a5,village_V3_4#5a942ae9,village_V3_4#b9f1bd67	4.5	1.30	0.70	3295
2364	village_V3_4	High Ferry	327.31	378.51	86.1	16	2	river	village_V3_4#b9f1bd67	R	-1	1	10.8	-	village_V3_4#5a942ae9,village_V3_4#41c4c5a5,village_V3_4#4dc9da1a,village_V3_4#fd0a1663	86.1	1.30	0.70	3854
2365	village_V5_1	Greenholt	258.77	252.50	124.2	27	4	crossroad	village_V5_1#205b3600	H	0	2	11.5	village_V5_1#899cc1d2	village_V5_1#899cc1d2,village_V5_1#aeadd422,village_V5_1#e38b1bc5,village_V5_1#8b0dea5f	-55.8	1.30	0.70	2793
2366	village_V5_1	Sweetwood	249.17	244.34	48.6	16	2	road	village_V5_1#aeadd422	R	1	1	6.7	-	village_V5_1#899cc1d2,village_V5_1#205b3600,village_V5_1#e38b1bc5,village_V5_1#8b0dea5f	-131.4	1.30	0.70	2691
2367	village_V5_1	Maiden's Well	253.27	248.72	48.6	16	3	road	village_V5_1#899cc1d2	R	1	1	9.0	village_V5_1#aeadd422	village_V5_1#aeadd422,village_V5_1#205b3600,village_V5_1#e38b1bc5,village_V5_1#8b0dea5f	-131.4	1.30	0.70	2692
2368	village_V5_1	Upper Hives	265.00	250.50	175.3	16	6	road	village_V5_1#e38b1bc5	R	-1	1	16.4	village_V5_1#205b3600	village_V5_1#205b3600,village_V5_1#899cc1d2,village_V5_1#aeadd422,village_V5_1#8b0dea5f	-4.7	1.30	0.70	2793
2369	village_V5_1	Doveley	254.20	256.03	139.0	16	7	road	village_V5_1#8b0dea5f	R	1	1	16.5	village_V5_1#205b3600	village_V5_1#205b3600,village_V5_1#899cc1d2,village_V5_1#aeadd422,village_V5_1#e38b1bc5	-41.0	1.30	0.70	2645
2370	village_V5_1	Miller's Croft	251.51	233.49	21.8	16	1	river	village_V5_1#60c243b4	R	-1	1	6.7	-	village_V5_1#89863aa7,village_V5_1#03044ffa,village_V5_1#aeadd422,village_V5_1#f8a710bd	-158.2	1.30	0.70	5793
2371	village_V5_1	Millwick	257.10	236.90	13.2	16	5	river	village_V5_1#89863aa7	R	-1	1	12.7	village_V5_1#60c243b4	village_V5_1#60c243b4,village_V5_1#f8a710bd,village_V5_1#03044ffa,village_V5_1#aeadd422	-166.8	1.30	0.70	3714
2372	village_V5_1	Dunhollow	264.38	237.00	14.1	16	8	river	village_V5_1#f8a710bd	R	-1	1	20.5	village_V5_1#89863aa7	village_V5_1#89863aa7,village_V5_1#60c243b4,village_V5_1#03044ffa,village_V5_1#aeadd422	-165.9	1.30	0.70	4871
2373	village_V5_1	Vinemill	244.50	229.50	46.8	8	0	field	village_V5_1#03044ffa	F	0	1	6.4	-	village_V5_1#60c243b4,village_V5_1#aeadd422,village_V5_1#899cc1d2,village_V5_1#205b3600	-133.2	1.30	0.70	3497
2374	village_V5_2	Fiddler's Bridge	318.02	243.57	19.3	27	5	bridge	village_V5_2#ffb117b6	H	0	2	14.9	village_V5_2#1f9314f1	village_V5_2#1f9314f1,village_V5_2#34c6840c,village_V5_2#055ef7fb,village_V5_2#39709049	19.3	1.30	0.70	5142
2375	village_V5_2	Sweet Bridge	287.94	249.70	76.9	27	10	bridge	village_V5_2#8fab66c5	H	0	2	23.2	village_V5_2#bf45eb3a	village_V5_2#bf42d87d,village_V5_2#bf45eb3a,village_V5_2#db348e53,village_V5_2#39709049	76.9	1.30	0.70	5132
2376	village_V5_2	Applebury	303.50	239.92	179.9	27	2	crossroad	village_V5_2#db348e53	H	0	2	6.6	village_V5_2#39709049	village_V5_2#39709049,village_V5_2#055ef7fb,village_V5_2#34c6840c,village_V5_2#bf45eb3a	179.9	1.30	0.70	5079
2377	village_V5_2	Sunvale	305.42	252.27	149.4	27	9	river	village_V5_2#c604355b	H	0	2	19.9	village_V5_2#db348e53	village_V5_2#db348e53,village_V5_2#39709049,village_V5_2#055ef7fb,village_V5_2#34c6840c	-30.6	1.30	0.70	5660
2378	village_V5_2	Beecross	303.03	233.50	45.7	16	1	road	village_V5_2#39709049	R	1	1	6.0	village_V5_2#055ef7fb	village_V5_2#055ef7fb,village_V5_2#db348e53,village_V5_2#34c6840c,village_V5_2#1f9314f1	45.7	1.30	0.70	5072
2379	village_V5_2	Meadstead	309.32	237.78	31.9	16	0	road	village_V5_2#055ef7fb	R	-1	1	5.8	-	village_V5_2#39709049,village_V5_2#db348e53,village_V5_2#34c6840c,village_V5_2#1f9314f1	31.9	1.30	0.70	5072
2380	village_V5_2	Green Mead	312.51	241.11	32.9	16	3	road	village_V5_2#34c6840c	R	-1	1	11.0	village_V5_2#055ef7fb	village_V5_2#1f9314f1,village_V5_2#ffb117b6,village_V5_2#055ef7fb,village_V5_2#39709049	32.9	1.30	0.70	5142
2381	village_V5_2	Goldbrook	293.85	240.94	110.2	16	6	road	village_V5_2#bf45eb3a	R	-1	1	16.0	village_V5_2#db348e53	village_V5_2#8fab66c5,village_V5_2#db348e53,village_V5_2#39709049,village_V5_2#055ef7fb	110.2	1.30	0.70	5122
2382	village_V5_2	Bluevale	325.08	236.37	139.6	16	7	road	village_V5_2#5a02336f	R	1	1	17.6	-	village_V5_2#055ef7fb,village_V5_2#39709049,village_V5_2#db348e53,village_V5_2#34c6840c	-40.4	1.30	0.70	5050
2383	village_V5_2	Old Meadow	325.19	241.86	11.5	16	8	river	village_V5_2#5a109c70	R	1	1	18.9	-	village_V5_2#055ef7fb,village_V5_2#39709049,village_V5_2#db348e53,village_V5_2#34c6840c	11.5	1.30	0.70	3704
2384	village_V5_2	Wheatpool	312.05	247.48	143.2	16	4	river	village_V5_2#1f9314f1	R	1	1	14.6	village_V5_2#34c6840c	village_V5_2#ffb117b6,village_V5_2#34c6840c,village_V5_2#055ef7fb,village_V5_2#39709049	-36.8	1.30	0.70	5136
2385	village_V5_2	Summer Mill	299.63	252.37	168.6	16	11	river	village_V5_2#9ba223c0	R	1	1	27.5	village_V5_2#db348e53	village_V5_2#db348e53,village_V5_2#39709049,village_V5_2#055ef7fb,village_V5_2#34c6840c	-11.4	1.30	0.70	5135
2386	village_V5_2	Lilybloom	293.70	252.65	19.6	16	12	river	village_V5_2#bf42d87d	R	1	1	30.1	village_V5_2#8fab66c5	village_V5_2#8fab66c5,village_V5_2#bf45eb3a,village_V5_2#db348e53,village_V5_2#39709049	19.6	1.30	0.70	5646
2387	village_V5_3	Poppymead	284.32	255.08	167.8	27	9	bridge	village_V5_3#8e13b4a1	H	0	2	22.0	village_V5_3#db4f721f	village_V5_3#db4f721f,village_V5_3#db4f831d,village_V5_3#67a390eb,village_V5_3#3283a7e8	167.8	1.30	0.70	4896
2388	village_V5_3	Pearbloom	269.41	256.71	63.4	27	4	crossroad	village_V5_3#0ad33ace	H	0	2	12.2	village_V5_3#b13ecb27	village_V5_3#b13ecb27,village_V5_3#2095aaa6,village_V5_3#67a390eb,village_V5_3#9c168cee	-116.6	1.30	0.70	4870
2389	village_V5_3	Briarham	273.95	252.50	1.2	16	5	road	village_V5_3#67a390eb	R	1	1	15.8	village_V5_3#0ad33ace	village_V5_3#db4f831d,village_V5_3#0ad33ace,village_V5_3#db4f721f,village_V5_3#b13ecb27	1.2	1.30	0.70	4870
2390	village_V5_3	Beeton	278.49	257.94	167.3	16	6	road	village_V5_3#db4f831d	R	-1	1	17.9	village_V5_3#67a390eb	village_V5_3#db4f721f,village_V5_3#67a390eb,village_V5_3#8e13b4a1,village_V5_3#0ad33ace	167.3	1.30	0.70	4870
2391	village_V5_3	Haybury	254.30	261.23	136.8	16	8	road	village_V5_3#d1871cab	R	-1	1	21.6	village_V5_3#ac475c85	village_V5_3#ac475c85,village_V5_3#9c168cee,village_V5_3#2095aaa6,village_V5_3#b13ecb27	136.8	1.30	0.70	2698
2392	village_V5_3	Wrenacre	270.82	262.37	97.1	16	3	road	village_V5_3#b13ecb27	R	-1	1	10.2	village_V5_3#2095aaa6	village_V5_3#2095aaa6,village_V5_3#0ad33ace,village_V5_3#9c168cee,village_V5_3#67a390eb	97.1	1.30	0.70	4872
2393	village_V5_3	Whitefield	266.18	265.15	91.3	16	2	road	village_V5_3#2095aaa6	R	1	1	8.9	village_V5_3#9c168cee	village_V5_3#9c168cee,village_V5_3#b13ecb27,village_V5_3#0ad33ace,village_V5_3#ac475c85	-88.7	1.30	0.70	2699
2394	village_V5_3	Knight's Well	270.03	268.34	95.4	16	1	road	village_V5_3#9c168cee	R	-1	1	7.6	village_V5_3#ac475c85	village_V5_3#2095aaa6,village_V5_3#b13ecb27,village_V5_3#ac475c85,village_V5_3#0ad33ace	95.4	1.30	0.70	2629
2395	village_V5_3	Oakbloom	265.28	273.62	96.7	16	0	road	village_V5_3#ac475c85	R	1	1	4.5	-	village_V5_3#9c168cee,village_V5_3#2095aaa6,village_V5_3#b13ecb27,village_V5_3#0ad33ace	-83.3	1.30	0.70	2695
2396	village_V5_3	Ciderbrook	278.34	251.50	48.6	16	7	river	village_V5_3#db4f721f	R	-1	1	19.5	village_V5_3#db4f831d	village_V5_3#db4f831d,village_V5_3#8e13b4a1,village_V5_3#67a390eb,village_V5_3#0ad33ace	-131.4	1.30	0.70	4868
2397	village_V5_3	Reedbank	289.50	259.50	31.2	8	10	field	village_V5_3#3283a7e8	F	0	1	29.0	village_V5_3#8e13b4a1	village_V5_3#8e13b4a1,village_V5_3#db4f721f,village_V5_3#db4f831d,village_V5_3#67a390eb	-148.8	1.30	0.70	4835
2398	village_V5_4	Millhaven	220.59	215.04	5.6	27	0	coast	village_V5_4#577e1989	H	0	2	7.1	-	village_V5_4#f4f2e733,village_V5_4#aca5c2da,village_V5_4#d5cb8469,village_V5_4#cccd9743	5.6	1.30	0.70	6137
2399	village_V5_4	Hazelbury	201.66	205.49	41.1	16	4	road	village_V5_4#cccd9743	R	-1	1	15.7	village_V5_4#aca5c2da	village_V5_4#aca5c2da,village_V5_4#577e1989,village_V5_4#f4f2e733,village_V5_4#d5cb8469	-138.9	1.30	0.70	5377
2400	village_V5_4	Cloverton	208.49	207.50	175.8	16	2	road	village_V5_4#aca5c2da	R	-1	1	9.6	-	village_V5_4#cccd9743,village_V5_4#577e1989,village_V5_4#f4f2e733,village_V5_4#d5cb8469	175.8	1.30	0.70	5746
2401	village_V5_4	Oldmead	225.72	210.38	150.4	16	1	river	village_V5_4#f4f2e733	R	1	1	8.8	-	village_V5_4#577e1989,village_V5_4#aca5c2da,village_V5_4#d5cb8469,village_V5_4#cccd9743	-29.6	1.30	0.70	6137
2402	village_V5_4	Fox's Cove	208.62	217.30	146.6	16	3	coast	village_V5_4#d5cb8469	R	1	1	12.0	-	village_V5_4#574e8ad3,village_V5_4#577e1989,village_V5_4#f4f2e733,village_V5_4#aca5c2da	-33.4	1.30	0.70	4633
2403	village_V5_4	Hornton	204.71	219.85	147.1	16	5	coast	village_V5_4#574e8ad3	R	1	1	17.2	village_V5_4#d5cb8469	village_V5_4#d5cb8469,village_V5_4#577e1989,village_V5_4#f4f2e733,village_V5_4#aca5c2da	-32.9	1.30	0.70	4633
2404	village_V6_1	Dunmead	181.50	125.50	73.4	27	2	coast	village_V6_1#5ef828e2	H	0	2	8.1	village_V6_1#07f51e2b	village_V6_1#07f51e2b,village_V6_1#300b3885,village_V6_1#859809e4,village_V6_1#8153cdf5	73.4	1.30	0.70	16767
2405	village_V6_1	Berryhaven	167.50	112.50	35.5	27	1	coast	village_V6_1#300b3885	H	0	2	6.7	-	village_V6_1#07f51e2b,village_V6_1#5ef828e2,village_V6_1#859809e4,village_V6_1#8153cdf5	35.5	1.30	0.70	3476
2406	village_V6_1	Bright Strand	173.34	92.14	138.7	16	5	coast	village_V6_1#4f5ff34c	R	1	1	23.2	-	village_V6_1#07f51e2b,village_V6_1#300b3885,village_V6_1#5ef828e2,village_V6_1#859809e4	138.7	1.30	0.70	3449
2407	village_V6_1	Summercove	169.16	96.30	136.8	16	4	coast	village_V6_1#8153cdf5	R	1	1	20.3	-	village_V6_1#07f51e2b,village_V6_1#300b3885,village_V6_1#5ef828e2,village_V6_1#859809e4	136.8	1.30	0.70	3477
2408	village_V6_1	Redhaven	166.12	100.30	130.4	16	3	coast	village_V6_1#859809e4	R	1	1	17.1	-	village_V6_1#07f51e2b,village_V6_1#300b3885,village_V6_1#5ef828e2,village_V6_1#8153cdf5	130.4	1.30	0.70	3477
2409	village_V6_1	Golden Strand	177.15	120.95	15.5	16	0	coast	village_V6_1#07f51e2b	R	1	1	4.9	-	village_V6_1#5ef828e2,village_V6_1#300b3885,village_V6_1#859809e4,village_V6_1#8153cdf5	15.5	1.30	0.70	3451
2410	village_V6_2	Fairbridge	193.80	154.20	42.9	27	0	bridge	village_V6_2#69c572cd	H	0	2	4.9	-	village_V6_2#1ceebcc4,village_V6_2#3de63536,village_V6_2#3fc86b83,village_V6_2#0fc49bfe	42.9	1.30	0.70	4745
2411	village_V6_2	Barleywell	219.70	149.79	169.5	16	5	river	village_V6_2#9687b607	R	1	1	24.2	village_V6_2#0fc49bfe	village_V6_2#0fc49bfe,village_V6_2#3fc86b83,village_V6_2#69c572cd,village_V6_2#3de63536	-10.5	1.30	0.70	4538
2412	village_V6_2	Lilypool	213.98	152.29	145.8	16	4	river	village_V6_2#0fc49bfe	R	1	1	16.6	village_V6_2#3fc86b83	village_V6_2#3fc86b83,village_V6_2#9687b607,village_V6_2#69c572cd,village_V6_2#3de63536	-34.2	1.30	0.70	2495
2413	village_V6_2	Dovefield	183.17	157.12	42.7	16	3	river	village_V6_2#1ceebcc4	R	-1	1	15.3	village_V6_2#69c572cd	village_V6_2#69c572cd,village_V6_2#3de63536,village_V6_2#3fc86b83,village_V6_2#0fc49bfe	-137.3	1.30	0.70	5411
2414	village_V6_2	Beewater	205.43	158.22	159.6	16	1	river	village_V6_2#3de63536	R	1	1	7.0	-	village_V6_2#69c572cd,village_V6_2#3fc86b83,village_V6_2#1ceebcc4,village_V6_2#0fc49bfe	-20.4	1.30	0.70	4540
2415	village_V6_2	Rosehollow	207.50	152.50	69.9	8	2	field	village_V6_2#3fc86b83	F	0	1	10.3	-	village_V6_2#0fc49bfe,village_V6_2#9687b607,village_V6_2#69c572cd,village_V6_2#3de63536	69.9	1.30	0.70	4540
2416	village_V6_3	Sweet Mead	212.90	114.16	135.9	16	3	road	village_V6_3#eb84773a	R	1	1	8.4	village_V6_3#7ca6b51d	village_V6_3#7ca6b51d,village_V6_3#9d482101,village_V6_3#677a43d2,village_V6_3#725ec9c6	-44.1	1.30	0.70	4921
2417	village_V6_3	Twin Orchards	209.17	118.23	138.0	16	0	road	village_V6_3#7ca6b51d	R	1	1	4.4	-	village_V6_3#eb84773a,village_V6_3#9d482101,village_V6_3#677a43d2,village_V6_3#725ec9c6	-42.0	1.30	0.70	4760
2418	village_V6_3	Nether Orchard	203.55	128.42	128.6	16	1	road	village_V6_3#9d482101	R	-1	1	4.6	-	village_V6_3#677a43d2,village_V6_3#725ec9c6,village_V6_3#7ca6b51d,village_V6_3#eb84773a	128.6	1.30	0.70	5026
2419	village_V6_3	Clovergrove	200.46	131.69	132.2	16	2	road	village_V6_3#677a43d2	R	-1	1	6.8	village_V6_3#9d482101	village_V6_3#725ec9c6,village_V6_3#9d482101,village_V6_3#7ca6b51d,village_V6_3#eb84773a	132.2	1.30	0.70	5024
2420	village_V6_3	Haywick	196.66	134.98	131.5	16	4	road	village_V6_3#725ec9c6	R	-1	1	8.5	village_V6_3#677a43d2	village_V6_3#677a43d2,village_V6_3#9d482101,village_V6_3#7ca6b51d,village_V6_3#eb84773a	131.5	1.30	0.70	5024
2421	village_V6_4	Larkhurst	166.50	156.42	0.5	27	0	crossroad	village_V6_4#2fde4690	H	0	2	5.6	-	village_V6_4#caf35ca6,village_V6_4#05eab3cd,village_V6_4#b607f223,village_V6_4#64a4f91f	0.5	1.30	0.70	4520
2422	village_V6_4	Millvale	175.81	169.39	104.0	27	2	river	village_V6_4#b607f223	H	0	2	8.5	-	village_V6_4#2fde4690,village_V6_4#05eab3cd,village_V6_4#caf35ca6,village_V6_4#64a4f91f	-76.0	1.30	0.70	5386
2423	village_V6_4	Applebrook	170.16	151.34	129.2	16	3	road	village_V6_4#caf35ca6	R	-1	1	9.0	village_V6_4#2fde4690	village_V6_4#2fde4690,village_V6_4#05eab3cd,village_V6_4#b607f223,village_V6_4#64a4f91f	-50.8	1.30	0.70	4495
2424	village_V6_4	Bluewood	163.60	166.30	145.7	16	1	road	village_V6_4#05eab3cd	R	-1	1	7.2	-	village_V6_4#64a4f91f,village_V6_4#2fde4690,village_V6_4#b607f223,village_V6_4#caf35ca6	145.7	1.30	0.70	4519
2425	village_V6_4	Cherryham	161.62	171.09	116.3	16	4	road	village_V6_4#64a4f91f	R	-1	1	11.3	village_V6_4#05eab3cd	village_V6_4#05eab3cd,village_V6_4#3003a52a,village_V6_4#2fde4690,village_V6_4#5bed1bdd	116.3	1.30	0.70	4519
2426	village_V6_4	Cidergrove	165.95	183.43	37.2	16	5	road	village_V6_4#3003a52a	R	-1	1	23.6	village_V6_4#64a4f91f	village_V6_4#5bed1bdd,village_V6_4#64a4f91f,village_V6_4#05eab3cd,village_V6_4#2fde4690	37.2	1.30	0.70	5384
2427	village_V6_4	Merry Vines	167.16	190.28	46.4	16	6	road	village_V6_4#5bed1bdd	R	1	1	28.2	village_V6_4#3003a52a	village_V6_4#3003a52a,village_V6_4#64a4f91f,village_V6_4#05eab3cd,village_V6_4#2fde4690	-133.6	1.30	0.70	3038
2428	village_V8_1	Houndcliff	180.76	447.77	100.6	27	4	crossroad	village_V8_1#c2934512	H	0	2	9.1	-	village_V8_1#d7946bcc,village_V8_1#d78f1fd2,village_V8_1#ed73d0a6,village_V8_1#6260c7e9	-79.4	1.30	0.70	2313
2429	village_V8_1	Shepherd's Cove	156.76	442.53	19.6	27	7	coast	village_V8_1#2c254d24	H	0	2	16.3	-	village_V8_1#d7946bcc,village_V8_1#d78f1fd2,village_V8_1#ed73d0a6,village_V8_1#6260c7e9	19.6	1.30	0.70	2580
2430	village_V8_1	Red Combe	182.94	435.13	72.0	16	5	road	village_V8_1#4e8ed9c4	R	-1	1	13.0	-	village_V8_1#d7946bcc,village_V8_1#d78f1fd2,village_V8_1#ed73d0a6,village_V8_1#6260c7e9	72.0	1.30	0.70	2315
2431	village_V8_1	Copperley	184.00	441.40	90.5	16	6	road	village_V8_1#bf03b2fe	R	-1	1	13.2	-	village_V8_1#d7946bcc,village_V8_1#d78f1fd2,village_V8_1#ed73d0a6,village_V8_1#6260c7e9	90.5	1.30	0.70	1107
2432	village_V8_1	Whiteden	172.33	431.64	80.6	16	3	road	village_V8_1#6260c7e9	R	1	1	8.9	village_V8_1#d7946bcc	village_V8_1#d7946bcc,village_V8_1#d78f1fd2,village_V8_1#ed73d0a6,village_V8_1#c2934512	80.6	1.30	0.70	2601
2433	village_V8_1	Hollowbrook	167.94	438.06	82.1	16	0	road	village_V8_1#d7946bcc	R	-1	1	5.3	-	village_V8_1#6260c7e9,village_V8_1#d78f1fd2,village_V8_1#ed73d0a6,village_V8_1#c2934512	-97.9	1.30	0.70	17087
2434	village_V8_1	Tarvale	167.72	449.81	20.5	16	1	coast	village_V8_1#d78f1fd2	R	1	1	6.7	-	village_V8_1#d7946bcc,village_V8_1#ed73d0a6,village_V8_1#6260c7e9,village_V8_1#c2934512	20.5	1.30	0.70	17086
2435	village_V8_1	Corncove	172.67	450.49	19.6	16	2	coast	village_V8_1#ed73d0a6	R	1	1	6.7	-	village_V8_1#d7946bcc,village_V8_1#d78f1fd2,village_V8_1#6260c7e9,village_V8_1#c2934512	19.6	1.30	0.70	2313
2436	village_V8_2	Crossmark	166.50	428.17	1.5	27	0	crossroad	village_V8_2#0fb97b96	H	0	2	6.3	-	village_V8_2#a73d3051,village_V8_2#26c4dc9e,village_V8_2#68ee1b13,village_V8_2#68e8017e	-178.5	1.30	0.70	2601
2437	village_V8_2	Oxden	171.73	425.77	170.5	16	1	road	village_V8_2#a73d3051	R	1	1	7.0	village_V8_2#0fb97b96	village_V8_2#0fb97b96,village_V8_2#26c4dc9e,village_V8_2#68ee1b13,village_V8_2#68e8017e	170.5	1.30	0.70	16897
2438	village_V8_2	Coppervale	160.38	416.88	173.4	16	2	coast	village_V8_2#26c4dc9e	R	1	1	9.6	-	village_V8_2#0fb97b96,village_V8_2#a73d3051,village_V8_2#68ee1b13,village_V8_2#68e8017e	173.4	1.30	0.70	2579
2439	village_V8_2	Penstrand	151.22	417.64	160.9	16	3	coast	village_V8_2#68ee1b13	R	1	1	11.2	-	village_V8_2#0fb97b96,village_V8_2#a73d3051,village_V8_2#26c4dc9e,village_V8_2#68e8017e	160.9	1.30	0.70	2597
2440	village_V8_2	Goldhaven	151.12	439.34	29.7	16	4	coast	village_V8_2#68e8017e	R	1	1	15.7	-	village_V8_2#0fb97b96,village_V8_2#a73d3051,village_V8_2#26c4dc9e,village_V8_2#68ee1b13	29.7	1.30	0.70	2580
2441	village_V8_3	Coppercove	123.19	409.75	4.1	16	0	coast	village_V8_3#85cb0801	R	1	1	14.3	-	-	-175.9	1.30	0.70	2575
2442	village_V9_1	Crakecross	173.80	374.80	133.2	27	1	crossroad	village_V9_1#92f261f0	H	0	2	10.6	-	village_V9_1#528de219,village_V9_1#bbbad2db,village_V9_1#38c43da3,village_V9_1#180f21dd	133.2	1.30	0.70	11789
2443	village_V9_1	Crosston	174.54	381.96	32.1	27	0	crossroad	village_V9_1#528de219	H	0	2	6.6	-	village_V9_1#92f261f0,village_V9_1#bbbad2db,village_V9_1#38c43da3,village_V9_1#180f21dd	32.1	1.30	0.70	11789
2444	village_V9_1	Barleyham	186.86	366.61	138.0	16	4	road	village_V9_1#180f21dd	R	1	1	14.4	village_V9_1#38c43da3	village_V9_1#38c43da3,village_V9_1#528de219,village_V9_1#92f261f0,village_V9_1#bbbad2db	-42.0	1.30	0.70	11787
2445	village_V9_1	Oxstone	182.13	367.96	168.3	16	3	road	village_V9_1#38c43da3	R	1	1	12.8	-	village_V9_1#180f21dd,village_V9_1#528de219,village_V9_1#92f261f0,village_V9_1#bbbad2db	-11.7	1.30	0.70	11787
2446	village_V9_1	Cornstone	176.23	369.07	172.0	16	2	road	village_V9_1#bbbad2db	R	1	1	12.3	-	village_V9_1#528de219,village_V9_1#92f261f0,village_V9_1#38c43da3,village_V9_1#180f21dd	-8.0	1.30	0.70	11789
2447	village_V9_2	Houndbrook	168.09	358.09	130.3	27	1	crossroad	village_V9_2#386777fd	H	0	2	11.4	village_V9_2#386a8754	village_V9_2#386a8754	-49.7	1.30	0.70	2656
2448	village_V9_2	Penwood	168.01	365.69	82.5	16	0	road	village_V9_2#386a8754	R	-1	1	8.0	-	village_V9_2#386777fd	-97.5	1.30	0.70	2656
2449	village_V9_4	Saltden	156.00	358.10	78.7	27	0	coast	village_V9_4#7fc1b57e	H	0	2	11.2	-	-	78.7	1.30	0.70	2620
